countrycode,country,year,gdp
ABW,Aruba,1950,
ABW,Aruba,1951,
ABW,Aruba,1952,
ABW,Aruba,1953,
ABW,Aruba,1954,
ABW,Aruba,1955,
ABW,Aruba,1956,
ABW,Aruba,1957,
ABW,Aruba,1958,
ABW,Aruba,1959,
ABW,Aruba,1960,
ABW,Aruba,1961,
ABW,Aruba,1962,
ABW,Aruba,1963,
ABW,Aruba,1964,
ABW,Aruba,1965,
ABW,Aruba,1966,
ABW,Aruba,1967,
ABW,Aruba,1968,
ABW,Aruba,1969,
ABW,Aruba,1970,5828.662726726761
ABW,Aruba,1971,6318.070827117402
ABW,Aruba,1972,6846.216158987029
ABW,Aruba,1973,7418.472664350592
ABW,Aruba,1974,8054.594253148861
ABW,Aruba,1975,8767.947967025999
ABW,Aruba,1976,9576.02945644111
ABW,Aruba,1977,10484.416264380341
ABW,Aruba,1978,11487.337959624943
ABW,Aruba,1979,12557.059215454165
ABW,Aruba,1980,13671.865070418415
ABW,Aruba,1981,14798.44735909732
ABW,Aruba,1982,15938.663692232456
ABW,Aruba,1983,17147.965271491372
ABW,Aruba,1984,18517.41357688926
ABW,Aruba,1985,20139.467845684776
ABW,Aruba,1986,22103.812165753086
ABW,Aruba,1987,25994.283198477086
ABW,Aruba,1988,31222.598196149218
ABW,Aruba,1989,35036.811245956036
ABW,Aruba,1990,35770.10030362677
ABW,Aruba,1991,37140.5508959797
ABW,Aruba,1992,37243.03853614601
ABW,Aruba,1993,37611.54676447571
ABW,Aruba,1994,38470.7555939829
ABW,Aruba,1995,37655.91848872271
ABW,Aruba,1996,36806.89591346154
ABW,Aruba,1997,38637.79215735091
ABW,Aruba,1998,40351.358134971706
ABW,Aruba,1999,40024.751822653205
ABW,Aruba,2000,40980.61968191737
ABW,Aruba,2001,38889.58121335578
ABW,Aruba,2002,36781.69899933781
ABW,Aruba,2003,36734.9346967013
ABW,Aruba,2004,38951.12467513571
ABW,Aruba,2005,38913.41419419738
ABW,Aruba,2006,39011.694670342746
ABW,Aruba,2007,39651.90228172008
ABW,Aruba,2008,39654.64088841892
ABW,Aruba,2009,35128.711039877686
ABW,Aruba,2010,33874.687946912905
ABW,Aruba,2011,34943.93575017029
ABW,Aruba,2012,34289.1895133491
ABW,Aruba,2013,35517.516489140755
ABW,Aruba,2014,35608.971902393874
ABW,Aruba,2015,35263.02599170029
ABW,Aruba,2016,35027.06828667516
ABW,Aruba,2017,35344.074941631756
AGO,Angola,1950,
AGO,Angola,1951,
AGO,Angola,1952,
AGO,Angola,1953,
AGO,Angola,1954,
AGO,Angola,1955,
AGO,Angola,1956,
AGO,Angola,1957,
AGO,Angola,1958,
AGO,Angola,1959,
AGO,Angola,1960,
AGO,Angola,1961,
AGO,Angola,1962,
AGO,Angola,1963,
AGO,Angola,1964,
AGO,Angola,1965,
AGO,Angola,1966,
AGO,Angola,1967,
AGO,Angola,1968,
AGO,Angola,1969,
AGO,Angola,1970,7200.571558002842
AGO,Angola,1971,7466.35440956521
AGO,Angola,1972,7304.594837368237
AGO,Angola,1973,7697.583455360388
AGO,Angola,1974,7727.695191865389
AGO,Angola,1975,7142.413038620638
AGO,Angola,1976,6583.741270049072
AGO,Angola,1977,6448.695392209146
AGO,Angola,1978,5928.172989250701
AGO,Angola,1979,5763.361822928364
AGO,Angola,1980,5711.095831400666
AGO,Angola,1981,5274.001082473753
AGO,Angola,1982,5088.159505965373
AGO,Angola,1983,5115.3350662361
AGO,Angola,1984,5239.835311515223
AGO,Angola,1985,5253.657082032317
AGO,Angola,1986,5265.66738620031
AGO,Angola,1987,5485.00148247924
AGO,Angola,1988,5641.958818044253
AGO,Angola,1989,5513.801934738075
AGO,Angola,1990,5334.050233105183
AGO,Angola,1991,5223.004430029873
AGO,Angola,1992,4760.7255934219
AGO,Angola,1993,3501.3881239890684
AGO,Angola,1994,3436.1118183503468
AGO,Angola,1995,3833.087014759505
AGO,Angola,1996,4229.743502938121
AGO,Angola,1997,4415.128531011631
AGO,Angola,1998,4498.42568762959
AGO,Angola,1999,4468.184629485502
AGO,Angola,2000,4467.110916321028
AGO,Angola,2001,4460.2459372652975
AGO,Angola,2002,4936.988210485511
AGO,Angola,2003,4908.422580612459
AGO,Angola,2004,5254.843948302579
AGO,Angola,2005,5832.274825171796
AGO,Angola,2006,6283.492709331204
AGO,Angola,2007,6912.911160971007
AGO,Angola,2008,7415.680353974723
AGO,Angola,2009,7217.274216486264
AGO,Angola,2010,7302.558766210422
AGO,Angola,2011,7291.0821501154505
AGO,Angola,2012,7637.157041092276
AGO,Angola,2013,7737.392259666991
AGO,Angola,2014,7832.722340368954
AGO,Angola,2015,7640.182002203706
AGO,Angola,2016,7196.581000649522
AGO,Angola,2017,6787.978201339243
AIA,Anguilla,1950,
AIA,Anguilla,1951,
AIA,Anguilla,1952,
AIA,Anguilla,1953,
AIA,Anguilla,1954,
AIA,Anguilla,1955,
AIA,Anguilla,1956,
AIA,Anguilla,1957,
AIA,Anguilla,1958,
AIA,Anguilla,1959,
AIA,Anguilla,1960,
AIA,Anguilla,1961,
AIA,Anguilla,1962,
AIA,Anguilla,1963,
AIA,Anguilla,1964,
AIA,Anguilla,1965,
AIA,Anguilla,1966,
AIA,Anguilla,1967,
AIA,Anguilla,1968,
AIA,Anguilla,1969,
AIA,Anguilla,1970,5745.856329845385
AIA,Anguilla,1971,5560.6075073632
AIA,Anguilla,1972,6154.513216428241
AIA,Anguilla,1973,6357.92788743136
AIA,Anguilla,1974,6306.626278047301
AIA,Anguilla,1975,6489.948658922915
AIA,Anguilla,1976,6559.917232732732
AIA,Anguilla,1977,6545.742120532375
AIA,Anguilla,1978,7010.217820837682
AIA,Anguilla,1979,7672.418838075376
AIA,Anguilla,1980,8059.366465234259
AIA,Anguilla,1981,8424.62467969925
AIA,Anguilla,1982,8408.758954159077
AIA,Anguilla,1983,8478.71392108885
AIA,Anguilla,1984,8838.406121794871
AIA,Anguilla,1985,9810.166829780846
AIA,Anguilla,1986,10718.20512290909
AIA,Anguilla,1987,11330.748366921473
AIA,Anguilla,1988,12438.609664642197
AIA,Anguilla,1989,12833.56785938481
AIA,Anguilla,1990,15393.44503239741
AIA,Anguilla,1991,12114.599896145857
AIA,Anguilla,1992,15045.147322124487
AIA,Anguilla,1993,15665.221875674508
AIA,Anguilla,1994,16438.64208870714
AIA,Anguilla,1995,15623.047898388084
AIA,Anguilla,1996,15607.080254523764
AIA,Anguilla,1997,16864.38303406775
AIA,Anguilla,1998,18170.807726583236
AIA,Anguilla,1999,18413.114268507365
AIA,Anguilla,2000,18180.932628726285
AIA,Anguilla,2001,18125.254291241647
AIA,Anguilla,2002,16958.14990591858
AIA,Anguilla,2003,17425.95345645121
AIA,Anguilla,2004,19375.27497366075
AIA,Anguilla,2005,21401.247317613546
AIA,Anguilla,2006,25212.746524064172
AIA,Anguilla,2007,28038.73852471483
AIA,Anguilla,2008,27196.932125748503
AIA,Anguilla,2009,21855.427357169185
AIA,Anguilla,2010,20572.662074224707
AIA,Anguilla,2011,21134.040814278545
AIA,Anguilla,2012,19541.5809186779
AIA,Anguilla,2013,19182.00631512693
AIA,Anguilla,2014,19930.84052839062
AIA,Anguilla,2015,20344.19433303675
AIA,Anguilla,2016,19864.398848550532
AIA,Anguilla,2017,18147.873794352407
ALB,Albania,1950,
ALB,Albania,1951,
ALB,Albania,1952,
ALB,Albania,1953,
ALB,Albania,1954,
ALB,Albania,1955,
ALB,Albania,1956,
ALB,Albania,1957,
ALB,Albania,1958,
ALB,Albania,1959,
ALB,Albania,1960,
ALB,Albania,1961,
ALB,Albania,1962,
ALB,Albania,1963,
ALB,Albania,1964,
ALB,Albania,1965,
ALB,Albania,1966,
ALB,Albania,1967,
ALB,Albania,1968,
ALB,Albania,1969,
ALB,Albania,1970,4045.2846379384023
ALB,Albania,1971,4108.855651905071
ALB,Albania,1972,4175.540323980973
ALB,Albania,1973,4245.069142999165
ALB,Albania,1974,4315.451956864642
ALB,Albania,1975,4392.102011534662
ALB,Albania,1976,4470.6350297167555
ALB,Albania,1977,4543.123510012926
ALB,Albania,1978,4639.101408330506
ALB,Albania,1979,4722.850260144741
ALB,Albania,1980,4775.535521193339
ALB,Albania,1981,4950.057766599567
ALB,Albania,1982,4999.180379284844
ALB,Albania,1983,4957.85088455258
ALB,Albania,1984,4796.302517121346
ALB,Albania,1985,4774.414146198781
ALB,Albania,1986,4918.501037131107
ALB,Albania,1987,4754.155115252135
ALB,Albania,1988,4575.601568355235
ALB,Albania,1989,4938.456171906635
ALB,Albania,1990,4408.374915778115
ALB,Albania,1991,3179.772152349207
ALB,Albania,1992,2982.971035782062
ALB,Albania,1993,3320.385853202657
ALB,Albania,1994,3652.1655322443
ALB,Albania,1995,4183.8251689588
ALB,Albania,1996,4586.042226998366
ALB,Albania,1997,4087.938809415236
ALB,Albania,1998,4433.514118951985
ALB,Albania,1999,4986.042197463576
ALB,Albania,2000,5321.466048658666
ALB,Albania,2001,5761.982505583024
ALB,Albania,2002,6029.903870292429
ALB,Albania,2003,6379.687527400711
ALB,Albania,2004,6760.324455758256
ALB,Albania,2005,7176.951011399273
ALB,Albania,2006,7662.409434211877
ALB,Albania,2007,8202.57587714804
ALB,Albania,2008,8912.849862184696
ALB,Albania,2009,9302.031812193783
ALB,Albania,2010,9719.379888092808
ALB,Albania,2011,10014.001388102219
ALB,Albania,2012,10178.947764367467
ALB,Albania,2013,10284.676481574112
ALB,Albania,2014,10460.736513092039
ALB,Albania,2015,10683.408377762848
ALB,Albania,2016,11030.22927549172
ALB,Albania,2017,11438.933757028524
ARE,United Arab Emirates,1950,
ARE,United Arab Emirates,1951,
ARE,United Arab Emirates,1952,
ARE,United Arab Emirates,1953,
ARE,United Arab Emirates,1954,
ARE,United Arab Emirates,1955,
ARE,United Arab Emirates,1956,
ARE,United Arab Emirates,1957,
ARE,United Arab Emirates,1958,
ARE,United Arab Emirates,1959,
ARE,United Arab Emirates,1960,
ARE,United Arab Emirates,1961,
ARE,United Arab Emirates,1962,
ARE,United Arab Emirates,1963,
ARE,United Arab Emirates,1964,
ARE,United Arab Emirates,1965,
ARE,United Arab Emirates,1966,
ARE,United Arab Emirates,1967,
ARE,United Arab Emirates,1968,
ARE,United Arab Emirates,1969,
ARE,United Arab Emirates,1970,238617.7911290025
ARE,United Arab Emirates,1971,230774.5876787939
ARE,United Arab Emirates,1972,221394.87333703195
ARE,United Arab Emirates,1973,212385.58172895107
ARE,United Arab Emirates,1974,204902.7734492345
ARE,United Arab Emirates,1975,185087.89384466293
ARE,United Arab Emirates,1976,182444.48834905267
ARE,United Arab Emirates,1977,185286.91547096582
ARE,United Arab Emirates,1978,158830.00547179143
ARE,United Arab Emirates,1979,177569.46281807395
ARE,United Arab Emirates,1980,205028.27879093328
ARE,United Arab Emirates,1981,196084.5576206981
ARE,United Arab Emirates,1982,169525.18640876844
ARE,United Arab Emirates,1983,152841.82034245043
ARE,United Arab Emirates,1984,151532.1206864168
ARE,United Arab Emirates,1985,140195.05257778973
ARE,United Arab Emirates,1986,107344.02685490261
ARE,United Arab Emirates,1987,107594.32507624087
ARE,United Arab Emirates,1988,98980.73935462399
ARE,United Arab Emirates,1989,105962.94564336218
ARE,United Arab Emirates,1990,117787.69961814016
ARE,United Arab Emirates,1991,112176.25493530539
ARE,United Arab Emirates,1992,109450.12462139312
ARE,United Arab Emirates,1993,104766.91235680715
ARE,United Arab Emirates,1994,107853.54118496591
ARE,United Arab Emirates,1995,110991.50045612536
ARE,United Arab Emirates,1996,111911.31587232591
ARE,United Arab Emirates,1997,115783.66577797726
ARE,United Arab Emirates,1998,111943.71604869135
ARE,United Arab Emirates,1999,110986.12683969905
ARE,United Arab Emirates,2000,117961.8235172383
ARE,United Arab Emirates,2001,113432.57783879063
ARE,United Arab Emirates,2002,110189.74661479412
ARE,United Arab Emirates,2003,112367.57430419468
ARE,United Arab Emirates,2004,112696.7058444269
ARE,United Arab Emirates,2005,105482.53146802394
ARE,United Arab Emirates,2006,101217.26075650047
ARE,United Arab Emirates,2007,90581.39304455939
ARE,United Arab Emirates,2008,81945.44569927019
ARE,United Arab Emirates,2009,69828.73350691264
ARE,United Arab Emirates,2010,65785.32187663706
ARE,United Arab Emirates,2011,67085.40633727644
ARE,United Arab Emirates,2012,68298.49995985832
ARE,United Arab Emirates,2013,70906.8945322187
ARE,United Arab Emirates,2014,73498.70392785632
ARE,United Arab Emirates,2015,76517.34696066318
ARE,United Arab Emirates,2016,77823.72398316112
ARE,United Arab Emirates,2017,77349.65473606034
ARG,Argentina,1950,8118.806301545973
ARG,Argentina,1951,8418.173464453472
ARG,Argentina,1952,7757.519521472839
ARG,Argentina,1953,7927.948593436374
ARG,Argentina,1954,8032.000197829994
ARG,Argentina,1955,8435.368455096059
ARG,Argentina,1956,8503.426145221718
ARG,Argentina,1957,8677.553419224832
ARG,Argentina,1958,9094.831378332683
ARG,Argentina,1959,8511.589381464079
ARG,Argentina,1960,9283.139609849395
ARG,Argentina,1961,9432.140251138908
ARG,Argentina,1962,9343.881536996032
ARG,Argentina,1963,8862.275254421282
ARG,Argentina,1964,9406.23829604605
ARG,Argentina,1965,10117.61957085799
ARG,Argentina,1966,9994.162651691842
ARG,Argentina,1967,10128.214848032287
ARG,Argentina,1968,10501.967466331385
ARG,Argentina,1969,11299.635299721635
ARG,Argentina,1970,11484.549583153525
ARG,Argentina,1971,11724.117356098845
ARG,Argentina,1972,11766.576427407432
ARG,Argentina,1973,11998.735593191852
ARG,Argentina,1974,12434.757495596097
ARG,Argentina,1975,12160.678336394774
ARG,Argentina,1976,11970.950994133495
ARG,Argentina,1977,12545.03596574654
ARG,Argentina,1978,11963.267505212367
ARG,Argentina,1979,12614.623309786479
ARG,Argentina,1980,12606.072803526189
ARG,Argentina,1981,11740.464398253816
ARG,Argentina,1982,11192.618481120864
ARG,Argentina,1983,11470.61507348049
ARG,Argentina,1984,11518.362234545522
ARG,Argentina,1985,10552.129720892897
ARG,Argentina,1986,11134.29174180938
ARG,Argentina,1987,11245.298141323743
ARG,Argentina,1988,10863.056585174938
ARG,Argentina,1989,9954.954408512482
ARG,Argentina,1990,9681.803306245254
ARG,Argentina,1991,10548.409772577266
ARG,Argentina,1992,11475.913138940072
ARG,Argentina,1993,12030.431244231013
ARG,Argentina,1994,12567.79139078632
ARG,Argentina,1995,12057.833318793037
ARG,Argentina,1996,12571.600712203466
ARG,Argentina,1997,13434.157569536914
ARG,Argentina,1998,13794.481890839212
ARG,Argentina,1999,13179.654708816219
ARG,Argentina,2000,12931.217855987165
ARG,Argentina,2001,12224.513012213562
ARG,Argentina,2002,10772.584446004337
ARG,Argentina,2003,11596.020313310435
ARG,Argentina,2004,12506.202630904454
ARG,Argentina,2005,13468.264913020985
ARG,Argentina,2006,14400.003862090038
ARG,Argentina,2007,15535.568396349732
ARG,Argentina,2008,16000.882807600565
ARG,Argentina,2009,14899.998686157405
ARG,Argentina,2010,16239.723822365093
ARG,Argentina,2011,17035.814605184412
ARG,Argentina,2012,16684.77892793977
ARG,Argentina,2013,16908.09736794498
ARG,Argentina,2014,16313.913181985126
ARG,Argentina,2015,16591.076808122423
ARG,Argentina,2016,16129.083414185998
ARG,Argentina,2017,16432.255302149726
ARM,Armenia,1950,
ARM,Armenia,1951,
ARM,Armenia,1952,
ARM,Armenia,1953,
ARM,Armenia,1954,
ARM,Armenia,1955,
ARM,Armenia,1956,
ARM,Armenia,1957,
ARM,Armenia,1958,
ARM,Armenia,1959,
ARM,Armenia,1960,
ARM,Armenia,1961,
ARM,Armenia,1962,
ARM,Armenia,1963,
ARM,Armenia,1964,
ARM,Armenia,1965,
ARM,Armenia,1966,
ARM,Armenia,1967,
ARM,Armenia,1968,
ARM,Armenia,1969,
ARM,Armenia,1970,
ARM,Armenia,1971,
ARM,Armenia,1972,
ARM,Armenia,1973,
ARM,Armenia,1974,
ARM,Armenia,1975,
ARM,Armenia,1976,
ARM,Armenia,1977,
ARM,Armenia,1978,
ARM,Armenia,1979,
ARM,Armenia,1980,
ARM,Armenia,1981,
ARM,Armenia,1982,
ARM,Armenia,1983,
ARM,Armenia,1984,
ARM,Armenia,1985,
ARM,Armenia,1986,
ARM,Armenia,1987,
ARM,Armenia,1988,
ARM,Armenia,1989,
ARM,Armenia,1990,4788.295305469595
ARM,Armenia,1991,4268.792661223602
ARM,Armenia,1992,2531.3922027785034
ARM,Armenia,1993,2363.0681336459434
ARM,Armenia,1994,2549.1655465839217
ARM,Armenia,1995,2780.9993650348442
ARM,Armenia,1996,2990.7477628043175
ARM,Armenia,1997,3124.717265737483
ARM,Armenia,1998,3380.406627703035
ARM,Armenia,1999,3512.6694388828455
ARM,Armenia,2000,3743.3076726057743
ARM,Armenia,2001,4126.496782549203
ARM,Armenia,2002,4773.7738188147405
ARM,Armenia,2003,5473.077861839652
ARM,Armenia,2004,6080.6351598898145
ARM,Armenia,2005,6968.707088978057
ARM,Armenia,2006,7949.119970025026
ARM,Armenia,2007,9120.499060373244
ARM,Armenia,2008,9837.461879986562
ARM,Armenia,2009,8502.874241770467
ARM,Armenia,2010,8725.271073765554
ARM,Armenia,2011,9136.556390673584
ARM,Armenia,2012,9769.670262280626
ARM,Armenia,2013,10047.544712745486
ARM,Armenia,2014,10367.943863536037
ARM,Armenia,2015,10664.030408005758
ARM,Armenia,2016,10653.626628115428
ARM,Armenia,2017,11429.484097285711
ATG,Antigua and Barbuda,1950,
ATG,Antigua and Barbuda,1951,
ATG,Antigua and Barbuda,1952,
ATG,Antigua and Barbuda,1953,
ATG,Antigua and Barbuda,1954,
ATG,Antigua and Barbuda,1955,
ATG,Antigua and Barbuda,1956,
ATG,Antigua and Barbuda,1957,
ATG,Antigua and Barbuda,1958,
ATG,Antigua and Barbuda,1959,
ATG,Antigua and Barbuda,1960,
ATG,Antigua and Barbuda,1961,
ATG,Antigua and Barbuda,1962,
ATG,Antigua and Barbuda,1963,
ATG,Antigua and Barbuda,1964,
ATG,Antigua and Barbuda,1965,
ATG,Antigua and Barbuda,1966,
ATG,Antigua and Barbuda,1967,
ATG,Antigua and Barbuda,1968,
ATG,Antigua and Barbuda,1969,
ATG,Antigua and Barbuda,1970,5948.14522859318
ATG,Antigua and Barbuda,1971,6290.674835337955
ATG,Antigua and Barbuda,1972,6659.150455686201
ATG,Antigua and Barbuda,1973,7133.535267705742
ATG,Antigua and Barbuda,1974,7291.824873611345
ATG,Antigua and Barbuda,1975,6821.449629835626
ATG,Antigua and Barbuda,1976,6152.493458635683
ATG,Antigua and Barbuda,1977,6547.321733827489
ATG,Antigua and Barbuda,1978,6736.848001013365
ATG,Antigua and Barbuda,1979,7441.90294638645
ATG,Antigua and Barbuda,1980,7950.054229870683
ATG,Antigua and Barbuda,1981,8385.98659097328
ATG,Antigua and Barbuda,1982,8490.72082321113
ATG,Antigua and Barbuda,1983,9174.153236726459
ATG,Antigua and Barbuda,1984,9985.628441348485
ATG,Antigua and Barbuda,1985,10904.709469760654
ATG,Antigua and Barbuda,1986,11989.58594269997
ATG,Antigua and Barbuda,1987,13219.064730810975
ATG,Antigua and Barbuda,1988,14387.471846199045
ATG,Antigua and Barbuda,1989,15241.098102521586
ATG,Antigua and Barbuda,1990,15683.863769167696
ATG,Antigua and Barbuda,1991,15879.807722236568
ATG,Antigua and Barbuda,1992,15800.82163770568
ATG,Antigua and Barbuda,1993,16275.716560770246
ATG,Antigua and Barbuda,1994,16931.155702984022
ATG,Antigua and Barbuda,1995,15775.1241014531
ATG,Antigua and Barbuda,1996,16370.310807381149
ATG,Antigua and Barbuda,1997,16797.09421268604
ATG,Antigua and Barbuda,1998,17126.526640204214
ATG,Antigua and Barbuda,1999,17331.7987641383
ATG,Antigua and Barbuda,2000,18103.774151616068
ATG,Antigua and Barbuda,2001,16908.915101847353
ATG,Antigua and Barbuda,2002,16842.676971568082
ATG,Antigua and Barbuda,2003,17652.83318997896
ATG,Antigua and Barbuda,2004,18461.604688579944
ATG,Antigua and Barbuda,2005,19426.208559642717
ATG,Antigua and Barbuda,2006,21644.724676360172
ATG,Antigua and Barbuda,2007,23369.404774940187
ATG,Antigua and Barbuda,2008,23085.230833279267
ATG,Antigua and Barbuda,2009,20051.025957214093
ATG,Antigua and Barbuda,2010,18395.05310724754
ATG,Antigua and Barbuda,2011,17813.500124040154
ATG,Antigua and Barbuda,2012,18236.577141262904
ATG,Antigua and Barbuda,2013,18022.65515619889
ATG,Antigua and Barbuda,2014,18661.675846658145
ATG,Antigua and Barbuda,2015,19209.341973319457
ATG,Antigua and Barbuda,2016,20074.162210875755
ATG,Antigua and Barbuda,2017,20470.247789767403
AUS,Australia,1950,14250.033307632135
AUS,Australia,1951,14194.796606052096
AUS,Australia,1952,13330.863202013776
AUS,Australia,1953,14498.958749903022
AUS,Australia,1954,15302.054892626635
AUS,Australia,1955,15540.318094128132
AUS,Australia,1956,15209.535680816978
AUS,Australia,1957,15203.476723636923
AUS,Australia,1958,15902.874996146129
AUS,Australia,1959,16516.45095321221
AUS,Australia,1960,16526.14051671524
AUS,Australia,1961,16376.060928017501
AUS,Australia,1962,17087.906037870125
AUS,Australia,1963,17899.098821554493
AUS,Australia,1964,18663.2362467779
AUS,Australia,1965,18710.780038278823
AUS,Australia,1966,19499.763405736885
AUS,Australia,1967,20126.427337904683
AUS,Australia,1968,21159.86026052827
AUS,Australia,1969,22194.098732057464
AUS,Australia,1970,22562.578310979665
AUS,Australia,1971,23012.6643031054
AUS,Australia,1972,23232.637198239616
AUS,Australia,1973,23845.260681067317
AUS,Australia,1974,23852.6503779008
AUS,Australia,1975,24170.48076396564
AUS,Australia,1976,24750.123804333827
AUS,Australia,1977,24694.456645411967
AUS,Australia,1978,25413.179680917896
AUS,Australia,1979,25891.9229996614
AUS,Australia,1980,26439.799293631804
AUS,Australia,1981,26969.896554800707
AUS,Australia,1982,26012.37183519107
AUS,Australia,1983,26831.069280305783
AUS,Australia,1984,27820.43085968601
AUS,Australia,1985,28468.867901258334
AUS,Australia,1986,28698.977435555647
AUS,Australia,1987,29797.938402126954
AUS,Australia,1988,30467.835156251804
AUS,Australia,1989,31231.59209541093
AUS,Australia,1990,30737.318543434118
AUS,Australia,1991,30423.548922628834
AUS,Australia,1992,31293.8449191
AUS,Australia,1993,32186.508142639763
AUS,Australia,1994,33023.371986540085
AUS,Australia,1995,33957.72627208966
AUS,Australia,1996,34927.96434618851
AUS,Australia,1997,36139.054668189325
AUS,Australia,1998,37551.038358666076
AUS,Australia,1999,38619.8555051583
AUS,Australia,2000,38949.90115058075
AUS,Australia,2001,40082.941007554226
AUS,Australia,2002,40841.68199423554
AUS,Australia,2003,41997.53734328957
AUS,Australia,2004,42791.10752495739
AUS,Australia,2005,43372.35436285169
AUS,Australia,2006,44278.40898691166
AUS,Australia,2007,45080.57170749179
AUS,Australia,2008,45095.185683991505
AUS,Australia,2009,45181.484935988454
AUS,Australia,2010,45491.59012415831
AUS,Australia,2011,46505.781143480825
AUS,Australia,2012,47017.874688652206
AUS,Australia,2013,47535.72389027177
AUS,Australia,2014,47981.96085282312
AUS,Australia,2015,48665.039779503495
AUS,Australia,2016,48946.63546380176
AUS,Australia,2017,49720.24871517143
AUT,Austria,1950,6753.7974866240165
AUT,Austria,1951,7171.909408125864
AUT,Austria,1952,7151.921827147546
AUT,Austria,1953,7381.86253828247
AUT,Austria,1954,7982.159723166679
AUT,Austria,1955,8887.598374316165
AUT,Austria,1956,9428.034360401698
AUT,Austria,1957,9956.1355808704
AUT,Austria,1958,10288.631147198264
AUT,Austria,1959,10550.510206440471
AUT,Austria,1960,11461.035218678226
AUT,Austria,1961,11994.94385512859
AUT,Austria,1962,12158.8998822217
AUT,Austria,1963,12611.432754696903
AUT,Austria,1964,13288.676719858464
AUT,Austria,1965,13551.584477792834
AUT,Austria,1966,14207.678866039289
AUT,Austria,1967,14560.481756328163
AUT,Austria,1968,15112.376544640758
AUT,Austria,1969,16026.41036426417
AUT,Austria,1970,17103.202141505673
AUT,Austria,1971,17896.82814948178
AUT,Austria,1972,18930.67178670468
AUT,Austria,1973,19788.733699851982
AUT,Austria,1974,20516.982212862644
AUT,Austria,1975,20411.843186211154
AUT,Austria,1976,21337.839859604403
AUT,Austria,1977,22434.049520571432
AUT,Austria,1978,22412.6710804908
AUT,Austria,1979,23643.858076681998
AUT,Austria,1980,24078.95225940957
AUT,Austria,1981,24060.773485138372
AUT,Austria,1982,24552.226503314447
AUT,Austria,1983,25279.122227640994
AUT,Austria,1984,25278.150011984373
AUT,Austria,1985,25883.99622357533
AUT,Austria,1986,26443.139438729257
AUT,Austria,1987,26753.04476698049
AUT,Austria,1988,27564.474694073648
AUT,Austria,1989,28532.612751178815
AUT,Austria,1990,29628.464831092548
AUT,Austria,1991,30455.935650569125
AUT,Austria,1992,30862.32032619126
AUT,Austria,1993,30784.505884407412
AUT,Austria,1994,31305.33239094814
AUT,Austria,1995,31967.93779223231
AUT,Austria,1996,32605.82501422186
AUT,Austria,1997,33226.24574331862
AUT,Austria,1998,34381.23770880584
AUT,Austria,1999,35559.446304235375
AUT,Austria,2000,36677.090705721435
AUT,Austria,2001,37011.263167391575
AUT,Austria,2002,37452.94614302225
AUT,Austria,2003,37613.9361983657
AUT,Austria,2004,38450.12005150968
AUT,Austria,2005,39137.47387781073
AUT,Austria,2006,40337.37709805338
AUT,Austria,2007,41704.76350235279
AUT,Austria,2008,42178.48699773246
AUT,Austria,2009,40437.47306351099
AUT,Austria,2010,40984.91933560708
AUT,Austria,2011,41933.93894177701
AUT,Austria,2012,41933.35456164243
AUT,Austria,2013,41649.513936445685
AUT,Austria,2014,41655.71107944137
AUT,Austria,2015,41911.246197026325
AUT,Austria,2016,42601.709321423725
AUT,Austria,2017,43571.81907601049
AZE,Azerbaijan,1950,
AZE,Azerbaijan,1951,
AZE,Azerbaijan,1952,
AZE,Azerbaijan,1953,
AZE,Azerbaijan,1954,
AZE,Azerbaijan,1955,
AZE,Azerbaijan,1956,
AZE,Azerbaijan,1957,
AZE,Azerbaijan,1958,
AZE,Azerbaijan,1959,
AZE,Azerbaijan,1960,
AZE,Azerbaijan,1961,
AZE,Azerbaijan,1962,
AZE,Azerbaijan,1963,
AZE,Azerbaijan,1964,
AZE,Azerbaijan,1965,
AZE,Azerbaijan,1966,
AZE,Azerbaijan,1967,
AZE,Azerbaijan,1968,
AZE,Azerbaijan,1969,
AZE,Azerbaijan,1970,
AZE,Azerbaijan,1971,
AZE,Azerbaijan,1972,
AZE,Azerbaijan,1973,
AZE,Azerbaijan,1974,
AZE,Azerbaijan,1975,
AZE,Azerbaijan,1976,
AZE,Azerbaijan,1977,
AZE,Azerbaijan,1978,
AZE,Azerbaijan,1979,
AZE,Azerbaijan,1980,
AZE,Azerbaijan,1981,
AZE,Azerbaijan,1982,
AZE,Azerbaijan,1983,
AZE,Azerbaijan,1984,
AZE,Azerbaijan,1985,
AZE,Azerbaijan,1986,
AZE,Azerbaijan,1987,
AZE,Azerbaijan,1988,
AZE,Azerbaijan,1989,
AZE,Azerbaijan,1990,8980.391260363604
AZE,Azerbaijan,1991,8777.928798177269
AZE,Azerbaijan,1992,6690.479324337314
AZE,Azerbaijan,1993,5070.426039971432
AZE,Azerbaijan,1994,4019.7942305115716
AZE,Azerbaijan,1995,3502.9918903178136
AZE,Azerbaijan,1996,3510.776551744163
AZE,Azerbaijan,1997,3681.7538771075983
AZE,Azerbaijan,1998,4016.134805021167
AZE,Azerbaijan,1999,4278.790170109944
AZE,Azerbaijan,2000,4713.338966143091
AZE,Azerbaijan,2001,5132.964715875982
AZE,Azerbaijan,2002,5563.345725599948
AZE,Azerbaijan,2003,6069.420500517095
AZE,Azerbaijan,2004,6562.380284642965
AZE,Azerbaijan,2005,8308.951362292031
AZE,Azerbaijan,2006,11054.33585501334
AZE,Azerbaijan,2007,13719.518172431392
AZE,Azerbaijan,2008,15004.74550913637
AZE,Azerbaijan,2009,16222.135254352397
AZE,Azerbaijan,2010,16795.637010830582
AZE,Azerbaijan,2011,16325.535953700646
AZE,Azerbaijan,2012,16471.703161462
AZE,Azerbaijan,2013,17210.602458498182
AZE,Azerbaijan,2014,17471.527208000138
AZE,Azerbaijan,2015,17446.154085362414
AZE,Azerbaijan,2016,16723.999703723952
AZE,Azerbaijan,2017,16567.758828755297
BDI,Burundi,1950,
BDI,Burundi,1951,
BDI,Burundi,1952,
BDI,Burundi,1953,
BDI,Burundi,1954,
BDI,Burundi,1955,
BDI,Burundi,1956,
BDI,Burundi,1957,
BDI,Burundi,1958,
BDI,Burundi,1959,
BDI,Burundi,1960,675.3658222265983
BDI,Burundi,1961,563.3302178437012
BDI,Burundi,1962,597.0280125039721
BDI,Burundi,1963,622.7808510119635
BDI,Burundi,1964,646.2008208456624
BDI,Burundi,1965,660.296416909944
BDI,Burundi,1966,669.4654674161999
BDI,Burundi,1967,746.649456094833
BDI,Burundi,1968,729.0136871564133
BDI,Burundi,1969,703.4788101225619
BDI,Burundi,1970,851.0347631114647
BDI,Burundi,1971,866.1971578095752
BDI,Burundi,1972,805.5053120785019
BDI,Burundi,1973,852.810244767096
BDI,Burundi,1974,838.8914467179686
BDI,Burundi,1975,826.9727746283095
BDI,Burundi,1976,896.3144985576681
BDI,Burundi,1977,956.5650221082354
BDI,Burundi,1978,979.4287827204562
BDI,Burundi,1979,970.6875892244193
BDI,Burundi,1980,929.0270320147955
BDI,Burundi,1981,1004.4536967062897
BDI,Burundi,1982,974.695310222292
BDI,Burundi,1983,978.9394995131513
BDI,Burundi,1984,951.7445440660072
BDI,Burundi,1985,1033.4016187431416
BDI,Burundi,1986,1041.9583020080292
BDI,Burundi,1987,1052.8322419455933
BDI,Burundi,1988,1072.4712676076413
BDI,Burundi,1989,1058.6830694232603
BDI,Burundi,1990,1068.3405661403065
BDI,Burundi,1991,1099.6075209545231
BDI,Burundi,1992,1095.9136698365733
BDI,Burundi,1993,999.4222214511477
BDI,Burundi,1994,952.0635885043056
BDI,Burundi,1995,871.7881973959647
BDI,Burundi,1996,786.3208765971111
BDI,Burundi,1997,780.1387736401593
BDI,Burundi,1998,805.3790166490525
BDI,Burundi,1999,785.571449018487
BDI,Burundi,2000,763.686530055543
BDI,Burundi,2001,761.2780256255395
BDI,Burundi,2002,773.613257612322
BDI,Burundi,2003,741.0747255876752
BDI,Burundi,2004,747.4648370270048
BDI,Burundi,2005,729.7956494626069
BDI,Burundi,2006,744.0471212480608
BDI,Burundi,2007,743.8574827121137
BDI,Burundi,2008,754.3989326185404
BDI,Burundi,2009,757.4430054155495
BDI,Burundi,2010,770.780112111282
BDI,Burundi,2011,777.3609163171004
BDI,Burundi,2012,787.6898210209481
BDI,Burundi,2013,802.1375972148994
BDI,Burundi,2014,811.4643691919152
BDI,Burundi,2015,783.7965976046179
BDI,Burundi,2016,781.1680661523441
BDI,Burundi,2017,756.7232009903576
BEL,Belgium,1950,8806.079331626252
BEL,Belgium,1951,9096.258754854383
BEL,Belgium,1952,9262.059968651169
BEL,Belgium,1953,9516.227730042772
BEL,Belgium,1954,9889.004231466946
BEL,Belgium,1955,10183.669817676444
BEL,Belgium,1956,10439.213846646675
BEL,Belgium,1957,10564.949402817954
BEL,Belgium,1958,10435.06320393008
BEL,Belgium,1959,10741.609878852569
BEL,Belgium,1960,11336.773522368949
BEL,Belgium,1961,11849.580600788406
BEL,Belgium,1962,12406.554142862211
BEL,Belgium,1963,12855.73983704462
BEL,Belgium,1964,13634.670147935472
BEL,Belgium,1965,13988.533867528593
BEL,Belgium,1966,14313.590226953529
BEL,Belgium,1967,14788.366302484004
BEL,Belgium,1968,15419.283113426443
BEL,Belgium,1969,16335.451896627565
BEL,Belgium,1970,17379.101810895583
BEL,Belgium,1971,17973.23052621747
BEL,Belgium,1972,18860.22053581108
BEL,Belgium,1973,19957.427678010925
BEL,Belgium,1974,20739.544477345316
BEL,Belgium,1975,20412.881375389377
BEL,Belgium,1976,21515.708247957435
BEL,Belgium,1977,21602.083857180867
BEL,Belgium,1978,22170.561435689542
BEL,Belgium,1979,22649.147590798842
BEL,Belgium,1980,23628.666777258208
BEL,Belgium,1981,23535.018322473356
BEL,Belgium,1982,23652.948933586038
BEL,Belgium,1983,23707.397771972555
BEL,Belgium,1984,24271.290007234642
BEL,Belgium,1985,24646.80630540956
BEL,Belgium,1986,25065.819680873854
BEL,Belgium,1987,25608.544821599153
BEL,Belgium,1988,26773.035557319803
BEL,Belgium,1989,27643.115419408157
BEL,Belgium,1990,28435.26353075757
BEL,Belgium,1991,28861.608745197438
BEL,Belgium,1992,29190.98068469874
BEL,Belgium,1993,28794.279708744612
BEL,Belgium,1994,29614.457237286293
BEL,Belgium,1995,30230.24220151349
BEL,Belgium,1996,30645.8337675399
BEL,Belgium,1997,31734.693029987953
BEL,Belgium,1998,32318.833656178747
BEL,Belgium,1999,33412.16655556666
BEL,Belgium,2000,34535.74682517284
BEL,Belgium,2001,34691.23265484883
BEL,Belgium,2002,35152.66217614778
BEL,Belgium,2003,35240.78546605111
BEL,Belgium,2004,36308.865837033925
BEL,Belgium,2005,36834.594125012685
BEL,Belgium,2006,37499.3046326601
BEL,Belgium,2007,38508.83156781395
BEL,Belgium,2008,38517.55986769634
BEL,Belgium,2009,37368.481630642185
BEL,Belgium,2010,38118.61112705496
BEL,Belgium,2011,38542.14923928307
BEL,Belgium,2012,38387.019639541584
BEL,Belgium,2013,38229.63317131838
BEL,Belgium,2014,38475.88280850266
BEL,Belgium,2015,38897.927135780505
BEL,Belgium,2016,39232.1759448612
BEL,Belgium,2017,39648.643854371236
BEN,Benin,1950,
BEN,Benin,1951,
BEN,Benin,1952,
BEN,Benin,1953,
BEN,Benin,1954,
BEN,Benin,1955,
BEN,Benin,1956,
BEN,Benin,1957,
BEN,Benin,1958,
BEN,Benin,1959,1029.2965118204713
BEN,Benin,1960,1070.566930035841
BEN,Benin,1961,1060.3148282674103
BEN,Benin,1962,997.5247593344418
BEN,Benin,1963,1028.782933491004
BEN,Benin,1964,1046.795076541661
BEN,Benin,1965,1075.54938361064
BEN,Benin,1966,1086.7800953124156
BEN,Benin,1967,1132.960241040116
BEN,Benin,1968,1162.3843905575134
BEN,Benin,1969,1197.1763700933843
BEN,Benin,1970,1188.3927528863608
BEN,Benin,1971,1186.968884032421
BEN,Benin,1972,1274.8390881293783
BEN,Benin,1973,1299.8343009207406
BEN,Benin,1974,1356.0519802443966
BEN,Benin,1975,1233.1718025831362
BEN,Benin,1976,1219.9867964039156
BEN,Benin,1977,1240.8820008585817
BEN,Benin,1978,1202.603720597133
BEN,Benin,1979,1264.9624014776523
BEN,Benin,1980,1347.3626138284253
BEN,Benin,1981,1384.7802083731453
BEN,Benin,1982,1492.0743321341365
BEN,Benin,1983,1387.579539062194
BEN,Benin,1984,1455.510370449827
BEN,Benin,1985,1520.5801422741927
BEN,Benin,1986,1508.813431671025
BEN,Benin,1987,1443.3331470552741
BEN,Benin,1988,1443.3427995814184
BEN,Benin,1989,1389.3739807527154
BEN,Benin,1990,1465.8882592370028
BEN,Benin,1991,1477.0978795463157
BEN,Benin,1992,1468.787825930949
BEN,Benin,1993,1501.0304158575123
BEN,Benin,1994,1479.7806039057493
BEN,Benin,1995,1576.9072805850196
BEN,Benin,1996,1594.2811516167014
BEN,Benin,1997,1635.4229458415437
BEN,Benin,1998,1650.6366872540814
BEN,Benin,1999,1688.2296300686367
BEN,Benin,2000,1734.5815101492174
BEN,Benin,2001,1772.6688150395237
BEN,Benin,2002,1799.376464213596
BEN,Benin,2003,1805.6119615764228
BEN,Benin,2004,1829.7692605716477
BEN,Benin,2005,1806.9719102895924
BEN,Benin,2006,1824.5929029645993
BEN,Benin,2007,1879.406611035204
BEN,Benin,2008,1916.5482689349312
BEN,Benin,2009,1906.6742607914612
BEN,Benin,2010,1893.1072558179983
BEN,Benin,2011,1895.3285336871415
BEN,Benin,2012,1928.648343130102
BEN,Benin,2013,2004.5876811148892
BEN,Benin,2014,2077.0951071537224
BEN,Benin,2015,2151.607697697118
BEN,Benin,2016,2197.609366720242
BEN,Benin,2017,2244.846913993224
BFA,Burkina Faso,1950,
BFA,Burkina Faso,1951,
BFA,Burkina Faso,1952,
BFA,Burkina Faso,1953,
BFA,Burkina Faso,1954,
BFA,Burkina Faso,1955,
BFA,Burkina Faso,1956,
BFA,Burkina Faso,1957,
BFA,Burkina Faso,1958,
BFA,Burkina Faso,1959,689.3688308684144
BFA,Burkina Faso,1960,685.0662203980576
BFA,Burkina Faso,1961,592.4408847902911
BFA,Burkina Faso,1962,617.0337354368997
BFA,Burkina Faso,1963,601.3743992744917
BFA,Burkina Faso,1964,607.4565222354724
BFA,Burkina Faso,1965,593.426403258632
BFA,Burkina Faso,1966,586.2932680099976
BFA,Burkina Faso,1967,630.3598592078413
BFA,Burkina Faso,1968,650.8846534805751
BFA,Burkina Faso,1969,653.8500060080003
BFA,Burkina Faso,1970,656.5402279862844
BFA,Burkina Faso,1971,642.3602812779488
BFA,Burkina Faso,1972,772.7380945597789
BFA,Burkina Faso,1973,719.6780889307364
BFA,Burkina Faso,1974,745.5867492236564
BFA,Burkina Faso,1975,749.1438888422233
BFA,Burkina Faso,1976,727.5913647625283
BFA,Burkina Faso,1977,763.8221157814099
BFA,Burkina Faso,1978,835.8067329662956
BFA,Burkina Faso,1979,823.3975469226117
BFA,Burkina Faso,1980,793.4586774883431
BFA,Burkina Faso,1981,828.6712790276216
BFA,Burkina Faso,1982,820.153731179544
BFA,Burkina Faso,1983,761.414969044165
BFA,Burkina Faso,1984,726.3950374981807
BFA,Burkina Faso,1985,768.2044007458945
BFA,Burkina Faso,1986,808.0712526253895
BFA,Burkina Faso,1987,785.4133391700739
BFA,Burkina Faso,1988,809.455264886389
BFA,Burkina Faso,1989,805.353206990689
BFA,Burkina Faso,1990,779.4447503860177
BFA,Burkina Faso,1991,827.71470415529
BFA,Burkina Faso,1992,807.5582817626374
BFA,Burkina Faso,1993,813.2266631959184
BFA,Burkina Faso,1994,801.720250733601
BFA,Burkina Faso,1995,824.6046275318323
BFA,Burkina Faso,1996,890.4687123616974
BFA,Burkina Faso,1997,920.7279232862783
BFA,Burkina Faso,1998,960.7031993716134
BFA,Burkina Faso,1999,992.2639487159516
BFA,Burkina Faso,2000,982.6754995493548
BFA,Burkina Faso,2001,1018.1365797355861
BFA,Burkina Faso,2002,1032.3346737893223
BFA,Burkina Faso,2003,1081.0893696673552
BFA,Burkina Faso,2004,1096.917853874729
BFA,Burkina Faso,2005,1157.1767652845158
BFA,Burkina Faso,2006,1190.3208932123791
BFA,Burkina Faso,2007,1205.5307940456253
BFA,Burkina Faso,2008,1237.4471735207085
BFA,Burkina Faso,2009,1236.1175205790776
BFA,Burkina Faso,2010,1300.6546513267385
BFA,Burkina Faso,2011,1345.7402293098955
BFA,Burkina Faso,2012,1390.2755134952197
BFA,Burkina Faso,2013,1427.6039816984348
BFA,Burkina Faso,2014,1445.9061918909365
BFA,Burkina Faso,2015,1458.6996277877072
BFA,Burkina Faso,2016,1500.597629051718
BFA,Burkina Faso,2017,1549.9584652152912
BGD,Bangladesh,1950,
BGD,Bangladesh,1951,
BGD,Bangladesh,1952,
BGD,Bangladesh,1953,
BGD,Bangladesh,1954,
BGD,Bangladesh,1955,
BGD,Bangladesh,1956,
BGD,Bangladesh,1957,
BGD,Bangladesh,1958,
BGD,Bangladesh,1959,1377.8601557966754
BGD,Bangladesh,1960,1426.7282106701985
BGD,Bangladesh,1961,1353.4254235693309
BGD,Bangladesh,1962,1425.3745580695181
BGD,Bangladesh,1963,1464.8586499088622
BGD,Bangladesh,1964,1429.3272340220421
BGD,Bangladesh,1965,1379.8119782091478
BGD,Bangladesh,1966,1382.4564664337108
BGD,Bangladesh,1967,1277.2474379905627
BGD,Bangladesh,1968,1314.786467648384
BGD,Bangladesh,1969,1331.6859284059506
BGD,Bangladesh,1970,1401.077097747424
BGD,Bangladesh,1971,1296.8526008003646
BGD,Bangladesh,1972,1096.2790747595095
BGD,Bangladesh,1973,1114.7022540082835
BGD,Bangladesh,1974,1200.7654083448008
BGD,Bangladesh,1975,1128.716602838033
BGD,Bangladesh,1976,1164.9545756251882
BGD,Bangladesh,1977,1165.336315113993
BGD,Bangladesh,1978,1213.6264745160097
BGD,Bangladesh,1979,1236.5391066065285
BGD,Bangladesh,1980,1212.4820689300432
BGD,Bangladesh,1981,1219.941195419811
BGD,Bangladesh,1982,1202.1234408284924
BGD,Bangladesh,1983,1227.6785111438485
BGD,Bangladesh,1984,1260.135601471031
BGD,Bangladesh,1985,1263.7219587885197
BGD,Bangladesh,1986,1283.5484204336633
BGD,Bangladesh,1987,1301.8470633391064
BGD,Bangladesh,1988,1304.5745191501446
BGD,Bangladesh,1989,1303.571546143311
BGD,Bangladesh,1990,1356.0711713916558
BGD,Bangladesh,1991,1369.4343272006067
BGD,Bangladesh,1992,1395.3120558388107
BGD,Bangladesh,1993,1427.403014607388
BGD,Bangladesh,1994,1453.9031740801076
BGD,Bangladesh,1995,1493.063452072627
BGD,Bangladesh,1996,1529.0630761692742
BGD,Bangladesh,1997,1577.8113325076304
BGD,Bangladesh,1998,1626.2400579906514
BGD,Bangladesh,1999,1671.3002517739837
BGD,Bangladesh,2000,1736.320518942557
BGD,Bangladesh,2001,1793.4579929688693
BGD,Bangladesh,2002,1838.4658775102191
BGD,Bangladesh,2003,1901.4332510233355
BGD,Bangladesh,2004,1987.93772263252
BGD,Bangladesh,2005,2075.1436934113426
BGD,Bangladesh,2006,2183.2294156407306
BGD,Bangladesh,2007,2309.1993178945763
BGD,Bangladesh,2008,2420.6507130443374
BGD,Bangladesh,2009,2514.9083582805356
BGD,Bangladesh,2010,2625.466411785209
BGD,Bangladesh,2011,2763.172679338638
BGD,Bangladesh,2012,2909.0638728001904
BGD,Bangladesh,2013,3047.907928170907
BGD,Bangladesh,2014,3195.452041425375
BGD,Bangladesh,2015,3366.912021610403
BGD,Bangladesh,2016,3567.6711926132957
BGD,Bangladesh,2017,3787.6096541687916
BGR,Bulgaria,1950,
BGR,Bulgaria,1951,
BGR,Bulgaria,1952,
BGR,Bulgaria,1953,
BGR,Bulgaria,1954,
BGR,Bulgaria,1955,
BGR,Bulgaria,1956,
BGR,Bulgaria,1957,
BGR,Bulgaria,1958,
BGR,Bulgaria,1959,
BGR,Bulgaria,1960,
BGR,Bulgaria,1961,
BGR,Bulgaria,1962,
BGR,Bulgaria,1963,
BGR,Bulgaria,1964,
BGR,Bulgaria,1965,
BGR,Bulgaria,1966,
BGR,Bulgaria,1967,
BGR,Bulgaria,1968,
BGR,Bulgaria,1969,
BGR,Bulgaria,1970,4121.528558630632
BGR,Bulgaria,1971,4379.266038323672
BGR,Bulgaria,1972,4687.585611479987
BGR,Bulgaria,1973,5042.748921206163
BGR,Bulgaria,1974,5396.302050958427
BGR,Bulgaria,1975,5845.985745071772
BGR,Bulgaria,1976,6202.2379563575305
BGR,Bulgaria,1977,6569.621515481957
BGR,Bulgaria,1978,6916.547733523208
BGR,Bulgaria,1979,7354.397728216778
BGR,Bulgaria,1980,7751.951242986402
BGR,Bulgaria,1981,8107.798486925
BGR,Bulgaria,1982,8273.294635711381
BGR,Bulgaria,1983,8535.68169617104
BGR,Bulgaria,1984,8810.061520781328
BGR,Bulgaria,1985,9039.987802281072
BGR,Bulgaria,1986,9423.31777131859
BGR,Bulgaria,1987,10007.234642240486
BGR,Bulgaria,1988,11132.207136185234
BGR,Bulgaria,1989,10813.29568182464
BGR,Bulgaria,1990,9889.735044940373
BGR,Bulgaria,1991,9131.436665482843
BGR,Bulgaria,1992,8557.692386200237
BGR,Bulgaria,1993,8529.668178058106
BGR,Bulgaria,1994,8788.47698859442
BGR,Bulgaria,1995,9142.865908290425
BGR,Bulgaria,1996,8370.92050513165
BGR,Bulgaria,1997,8360.587041000765
BGR,Bulgaria,1998,8728.924560843116
BGR,Bulgaria,1999,8276.214876299717
BGR,Bulgaria,2000,8760.139094572052
BGR,Bulgaria,2001,9167.491457627993
BGR,Bulgaria,2002,9791.397716888883
BGR,Bulgaria,2003,10378.334487217297
BGR,Bulgaria,2004,11132.691949509534
BGR,Bulgaria,2005,12018.07991807033
BGR,Bulgaria,2006,12943.301168379581
BGR,Bulgaria,2007,14000.425974332116
BGR,Bulgaria,2008,14955.416811438246
BGR,Bulgaria,2009,14524.104365004336
BGR,Bulgaria,2010,14818.651292451754
BGR,Bulgaria,2011,15201.735143645055
BGR,Bulgaria,2012,15301.774271249338
BGR,Bulgaria,2013,15470.976665495557
BGR,Bulgaria,2014,15851.242991666508
BGR,Bulgaria,2015,16503.735721725356
BGR,Bulgaria,2016,17263.844998415054
BGR,Bulgaria,2017,18040.52565422246
BHR,Bahrain,1950,
BHR,Bahrain,1951,
BHR,Bahrain,1952,
BHR,Bahrain,1953,
BHR,Bahrain,1954,
BHR,Bahrain,1955,
BHR,Bahrain,1956,
BHR,Bahrain,1957,
BHR,Bahrain,1958,
BHR,Bahrain,1959,
BHR,Bahrain,1960,
BHR,Bahrain,1961,
BHR,Bahrain,1962,
BHR,Bahrain,1963,
BHR,Bahrain,1964,
BHR,Bahrain,1965,
BHR,Bahrain,1966,
BHR,Bahrain,1967,
BHR,Bahrain,1968,
BHR,Bahrain,1969,
BHR,Bahrain,1970,40053.136426706806
BHR,Bahrain,1971,39273.18328222331
BHR,Bahrain,1972,41938.19254324466
BHR,Bahrain,1973,45708.81778915264
BHR,Bahrain,1974,47143.93770015947
BHR,Bahrain,1975,40619.51219645794
BHR,Bahrain,1976,49784.56204258427
BHR,Bahrain,1977,52660.6818988328
BHR,Bahrain,1978,51262.48247125758
BHR,Bahrain,1979,50050.77316744516
BHR,Bahrain,1980,48904.137831085754
BHR,Bahrain,1981,43916.396027342
BHR,Bahrain,1982,39374.91408051539
BHR,Bahrain,1983,41580.43611747487
BHR,Bahrain,1984,42463.55046537802
BHR,Bahrain,1985,34608.0670083132
BHR,Bahrain,1986,33878.99134199556
BHR,Bahrain,1987,33335.81498219269
BHR,Bahrain,1988,35074.854449681174
BHR,Bahrain,1989,34738.12739270584
BHR,Bahrain,1990,35258.303171207284
BHR,Bahrain,1991,35864.19901314965
BHR,Bahrain,1992,37675.81593139305
BHR,Bahrain,1993,41489.35888965358
BHR,Bahrain,1994,39623.060164020135
BHR,Bahrain,1995,39378.34710430845
BHR,Bahrain,1996,39611.58576113276
BHR,Bahrain,1997,39418.815366398914
BHR,Bahrain,1998,40080.93193452348
BHR,Bahrain,1999,40943.083596782366
BHR,Bahrain,2000,41966.01372638509
BHR,Bahrain,2001,40980.60650177851
BHR,Bahrain,2002,40186.72019453585
BHR,Bahrain,2003,40327.36211909861
BHR,Bahrain,2004,40484.05689277616
BHR,Bahrain,2005,40340.721575475814
BHR,Bahrain,2006,39846.44005906016
BHR,Bahrain,2007,39923.90151498711
BHR,Bahrain,2008,39420.98911561339
BHR,Bahrain,2009,38019.740402477735
BHR,Bahrain,2010,37883.682009277276
BHR,Bahrain,2011,37504.4649383372
BHR,Bahrain,2012,38246.054817100725
BHR,Bahrain,2013,39852.08296559655
BHR,Bahrain,2014,40932.7177115024
BHR,Bahrain,2015,41019.5894089307
BHR,Bahrain,2016,40847.78963699078
BHR,Bahrain,2017,40467.9645130054
BHS,Bahamas,1950,
BHS,Bahamas,1951,
BHS,Bahamas,1952,
BHS,Bahamas,1953,
BHS,Bahamas,1954,
BHS,Bahamas,1955,
BHS,Bahamas,1956,
BHS,Bahamas,1957,
BHS,Bahamas,1958,
BHS,Bahamas,1959,
BHS,Bahamas,1960,
BHS,Bahamas,1961,
BHS,Bahamas,1962,
BHS,Bahamas,1963,
BHS,Bahamas,1964,
BHS,Bahamas,1965,
BHS,Bahamas,1966,
BHS,Bahamas,1967,
BHS,Bahamas,1968,
BHS,Bahamas,1969,
BHS,Bahamas,1970,25795.670119573846
BHS,Bahamas,1971,25535.369314990632
BHS,Bahamas,1972,24091.37661798316
BHS,Bahamas,1973,25393.467806387886
BHS,Bahamas,1974,20726.599147701527
BHS,Bahamas,1975,17304.746101445468
BHS,Bahamas,1976,17822.706155574884
BHS,Bahamas,1977,19038.944940443605
BHS,Bahamas,1978,21263.69991094421
BHS,Bahamas,1979,26233.586004286237
BHS,Bahamas,1980,27323.64108658863
BHS,Bahamas,1981,24257.419466866428
BHS,Bahamas,1982,25309.115115196913
BHS,Bahamas,1983,25647.570283407655
BHS,Bahamas,1984,28667.498786329128
BHS,Bahamas,1985,29453.64743060482
BHS,Bahamas,1986,29425.728518247677
BHS,Bahamas,1987,29773.2994535866
BHS,Bahamas,1988,29945.950547589473
BHS,Bahamas,1989,31418.636082233978
BHS,Bahamas,1990,30375.647386623066
BHS,Bahamas,1991,28573.318912462804
BHS,Bahamas,1992,26961.373040529354
BHS,Bahamas,1993,26542.51118672157
BHS,Bahamas,1994,26909.729302814478
BHS,Bahamas,1995,27660.90226894024
BHS,Bahamas,1996,28459.571273394307
BHS,Bahamas,1997,29852.557356258752
BHS,Bahamas,1998,31811.823228416448
BHS,Bahamas,1999,32475.392471766612
BHS,Bahamas,2000,33332.62553852637
BHS,Bahamas,2001,33615.894011159544
BHS,Bahamas,2002,33852.58996582235
BHS,Bahamas,2003,32726.942147984522
BHS,Bahamas,2004,32321.845313014263
BHS,Bahamas,2005,32736.853669059798
BHS,Bahamas,2006,32903.12753860768
BHS,Bahamas,2007,32745.51207337365
BHS,Bahamas,2008,31402.228015719214
BHS,Bahamas,2009,29567.00981824138
BHS,Bahamas,2010,29524.7712033616
BHS,Bahamas,2011,29240.905641629673
BHS,Bahamas,2012,29700.182714720304
BHS,Bahamas,2013,29124.71313156233
BHS,Bahamas,2014,28391.648649855983
BHS,Bahamas,2015,27187.536330616174
BHS,Bahamas,2016,26926.63969978694
BHS,Bahamas,2017,27125.046191328234
BIH,Bosnia and Herzegovina,1950,
BIH,Bosnia and Herzegovina,1951,
BIH,Bosnia and Herzegovina,1952,
BIH,Bosnia and Herzegovina,1953,
BIH,Bosnia and Herzegovina,1954,
BIH,Bosnia and Herzegovina,1955,
BIH,Bosnia and Herzegovina,1956,
BIH,Bosnia and Herzegovina,1957,
BIH,Bosnia and Herzegovina,1958,
BIH,Bosnia and Herzegovina,1959,
BIH,Bosnia and Herzegovina,1960,
BIH,Bosnia and Herzegovina,1961,
BIH,Bosnia and Herzegovina,1962,
BIH,Bosnia and Herzegovina,1963,
BIH,Bosnia and Herzegovina,1964,
BIH,Bosnia and Herzegovina,1965,
BIH,Bosnia and Herzegovina,1966,
BIH,Bosnia and Herzegovina,1967,
BIH,Bosnia and Herzegovina,1968,
BIH,Bosnia and Herzegovina,1969,
BIH,Bosnia and Herzegovina,1970,
BIH,Bosnia and Herzegovina,1971,
BIH,Bosnia and Herzegovina,1972,
BIH,Bosnia and Herzegovina,1973,
BIH,Bosnia and Herzegovina,1974,
BIH,Bosnia and Herzegovina,1975,
BIH,Bosnia and Herzegovina,1976,
BIH,Bosnia and Herzegovina,1977,
BIH,Bosnia and Herzegovina,1978,
BIH,Bosnia and Herzegovina,1979,
BIH,Bosnia and Herzegovina,1980,
BIH,Bosnia and Herzegovina,1981,
BIH,Bosnia and Herzegovina,1982,
BIH,Bosnia and Herzegovina,1983,
BIH,Bosnia and Herzegovina,1984,
BIH,Bosnia and Herzegovina,1985,
BIH,Bosnia and Herzegovina,1986,
BIH,Bosnia and Herzegovina,1987,
BIH,Bosnia and Herzegovina,1988,
BIH,Bosnia and Herzegovina,1989,
BIH,Bosnia and Herzegovina,1990,1724.1415012735042
BIH,Bosnia and Herzegovina,1991,1595.7960942131406
BIH,Bosnia and Herzegovina,1992,1539.726191235849
BIH,Bosnia and Herzegovina,1993,1561.829404489412
BIH,Bosnia and Herzegovina,1994,1796.8690517337318
BIH,Bosnia and Herzegovina,1995,2229.972196426925
BIH,Bosnia and Herzegovina,1996,3496.209580071203
BIH,Bosnia and Herzegovina,1997,4812.840000063576
BIH,Bosnia and Herzegovina,1998,5615.471735010776
BIH,Bosnia and Herzegovina,1999,6136.028238304236
BIH,Bosnia and Herzegovina,2000,6455.222121012954
BIH,Bosnia and Herzegovina,2001,6620.752918120844
BIH,Bosnia and Herzegovina,2002,6946.176164945113
BIH,Bosnia and Herzegovina,2003,7210.398425485731
BIH,Bosnia and Herzegovina,2004,7661.56355092072
BIH,Bosnia and Herzegovina,2005,7959.946413783522
BIH,Bosnia and Herzegovina,2006,8395.53444989293
BIH,Bosnia and Herzegovina,2007,8899.876375699849
BIH,Bosnia and Herzegovina,2008,9409.012692938335
BIH,Bosnia and Herzegovina,2009,9168.504882630967
BIH,Bosnia and Herzegovina,2010,9308.902005193706
BIH,Bosnia and Herzegovina,2011,9482.499541743864
BIH,Bosnia and Herzegovina,2012,9509.008633623349
BIH,Bosnia and Herzegovina,2013,9849.18121192356
BIH,Bosnia and Herzegovina,2014,10071.365326690075
BIH,Bosnia and Herzegovina,2015,10469.138588014705
BIH,Bosnia and Herzegovina,2016,10857.079993622334
BIH,Bosnia and Herzegovina,2017,11217.455132210045
BLR,Belarus,1950,
BLR,Belarus,1951,
BLR,Belarus,1952,
BLR,Belarus,1953,
BLR,Belarus,1954,
BLR,Belarus,1955,
BLR,Belarus,1956,
BLR,Belarus,1957,
BLR,Belarus,1958,
BLR,Belarus,1959,
BLR,Belarus,1960,
BLR,Belarus,1961,
BLR,Belarus,1962,
BLR,Belarus,1963,
BLR,Belarus,1964,
BLR,Belarus,1965,
BLR,Belarus,1966,
BLR,Belarus,1967,
BLR,Belarus,1968,
BLR,Belarus,1969,
BLR,Belarus,1970,
BLR,Belarus,1971,
BLR,Belarus,1972,
BLR,Belarus,1973,
BLR,Belarus,1974,
BLR,Belarus,1975,
BLR,Belarus,1976,
BLR,Belarus,1977,
BLR,Belarus,1978,
BLR,Belarus,1979,
BLR,Belarus,1980,
BLR,Belarus,1981,
BLR,Belarus,1982,
BLR,Belarus,1983,
BLR,Belarus,1984,
BLR,Belarus,1985,
BLR,Belarus,1986,
BLR,Belarus,1987,
BLR,Belarus,1988,
BLR,Belarus,1989,
BLR,Belarus,1990,9015.147214989911
BLR,Belarus,1991,8881.839685982355
BLR,Belarus,1992,8030.430551633816
BLR,Belarus,1993,7437.386227441413
BLR,Belarus,1994,6585.9702528224925
BLR,Belarus,1995,5915.93481091046
BLR,Belarus,1996,6100.1791348452525
BLR,Belarus,1997,6821.202680914175
BLR,Belarus,1998,7426.705920276854
BLR,Belarus,1999,7718.309923675861
BLR,Belarus,2000,8208.843858875502
BLR,Belarus,2001,8649.545422028914
BLR,Belarus,2002,9143.714933222636
BLR,Belarus,2003,9850.667148207041
BLR,Belarus,2004,11047.9461941202
BLR,Belarus,2005,12160.589381462065
BLR,Belarus,2006,13441.358101094009
BLR,Belarus,2007,14652.827929868283
BLR,Belarus,2008,16204.076340418998
BLR,Belarus,2009,16265.133743435845
BLR,Belarus,2010,17550.04213312619
BLR,Belarus,2011,18532.172198457243
BLR,Belarus,2012,18849.596908578846
BLR,Belarus,2013,19014.440512727986
BLR,Belarus,2014,19334.484575681232
BLR,Belarus,2015,18592.24966900225
BLR,Belarus,2016,18145.166950685827
BLR,Belarus,2017,18612.649776342536
BLZ,Belize,1950,
BLZ,Belize,1951,
BLZ,Belize,1952,
BLZ,Belize,1953,
BLZ,Belize,1954,
BLZ,Belize,1955,
BLZ,Belize,1956,
BLZ,Belize,1957,
BLZ,Belize,1958,
BLZ,Belize,1959,
BLZ,Belize,1960,
BLZ,Belize,1961,
BLZ,Belize,1962,
BLZ,Belize,1963,
BLZ,Belize,1964,
BLZ,Belize,1965,
BLZ,Belize,1966,
BLZ,Belize,1967,
BLZ,Belize,1968,
BLZ,Belize,1969,
BLZ,Belize,1970,3311.501243509713
BLZ,Belize,1971,3460.662714570026
BLZ,Belize,1972,3554.489277660159
BLZ,Belize,1973,3473.353714120346
BLZ,Belize,1974,3738.090204417577
BLZ,Belize,1975,3707.676283378575
BLZ,Belize,1976,3631.8779901929756
BLZ,Belize,1977,3732.0540108779683
BLZ,Belize,1978,3969.4325799858257
BLZ,Belize,1979,4054.725182406851
BLZ,Belize,1980,4148.348261200743
BLZ,Belize,1981,4105.72939746028
BLZ,Belize,1982,3987.795333494451
BLZ,Belize,1983,3793.7176782630568
BLZ,Belize,1984,3759.74994231261
BLZ,Belize,1985,3692.7407322733866
BLZ,Belize,1986,3756.74715386456
BLZ,Belize,1987,4065.0202558229735
BLZ,Belize,1988,4322.084890138193
BLZ,Belize,1989,4766.554392838371
BLZ,Belize,1990,5197.63553207549
BLZ,Belize,1991,5232.026822472572
BLZ,Belize,1992,5456.434408275492
BLZ,Belize,1993,5709.174691506248
BLZ,Belize,1994,5732.108946776029
BLZ,Belize,1995,5818.299461957458
BLZ,Belize,1996,5724.450568399337
BLZ,Belize,1997,5717.85987420079
BLZ,Belize,1998,5705.806328146846
BLZ,Belize,1999,5977.536037450655
BLZ,Belize,2000,6525.988427293315
BLZ,Belize,2001,6647.1822107451435
BLZ,Belize,2002,6795.143888933612
BLZ,Belize,2003,7237.76507970914
BLZ,Belize,2004,7383.270333180553
BLZ,Belize,2005,7409.753202523444
BLZ,Belize,2006,7558.488184780397
BLZ,Belize,2007,7453.615456217132
BLZ,Belize,2008,7454.683606725666
BLZ,Belize,2009,7322.156492637673
BLZ,Belize,2010,7384.8977149378
BLZ,Belize,2011,7372.529366318495
BLZ,Belize,2012,7475.87394199826
BLZ,Belize,2013,7365.756135969864
BLZ,Belize,2014,7500.006724596044
BLZ,Belize,2015,7620.095256895118
BLZ,Belize,2016,7424.550525200845
BLZ,Belize,2017,7306.446548465992
BMU,Bermuda,1950,
BMU,Bermuda,1951,
BMU,Bermuda,1952,
BMU,Bermuda,1953,
BMU,Bermuda,1954,
BMU,Bermuda,1955,
BMU,Bermuda,1956,
BMU,Bermuda,1957,
BMU,Bermuda,1958,
BMU,Bermuda,1959,
BMU,Bermuda,1960,
BMU,Bermuda,1961,
BMU,Bermuda,1962,
BMU,Bermuda,1963,
BMU,Bermuda,1964,
BMU,Bermuda,1965,
BMU,Bermuda,1966,
BMU,Bermuda,1967,
BMU,Bermuda,1968,
BMU,Bermuda,1969,
BMU,Bermuda,1970,30923.313199007636
BMU,Bermuda,1971,31641.362461834513
BMU,Bermuda,1972,31868.835761513597
BMU,Bermuda,1973,32013.325039831045
BMU,Bermuda,1974,31980.134769572633
BMU,Bermuda,1975,32894.308039747084
BMU,Bermuda,1976,35549.48793004839
BMU,Bermuda,1977,36179.41579653323
BMU,Bermuda,1978,36658.09580443303
BMU,Bermuda,1979,38802.92525429339
BMU,Bermuda,1980,40012.41175910964
BMU,Bermuda,1981,38348.75404476986
BMU,Bermuda,1982,38135.04737756646
BMU,Bermuda,1983,38208.733697857824
BMU,Bermuda,1984,37180.454233233664
BMU,Bermuda,1985,38499.4434317719
BMU,Bermuda,1986,39932.3795765626
BMU,Bermuda,1987,41237.37588919281
BMU,Bermuda,1988,41497.67149148107
BMU,Bermuda,1989,41276.38834655277
BMU,Bermuda,1990,39925.63973290071
BMU,Bermuda,1991,39780.618104439294
BMU,Bermuda,1992,38467.31432353528
BMU,Bermuda,1993,39172.535270980436
BMU,Bermuda,1994,39570.217334929184
BMU,Bermuda,1995,41495.96498992073
BMU,Bermuda,1996,42905.28577929563
BMU,Bermuda,1997,44687.70842687075
BMU,Bermuda,1998,46250.674060409605
BMU,Bermuda,1999,47626.51836174638
BMU,Bermuda,2000,48847.57373812789
BMU,Bermuda,2001,52134.773500384406
BMU,Bermuda,2002,51136.176387688116
BMU,Bermuda,2003,52668.33246492987
BMU,Bermuda,2004,53748.605963181806
BMU,Bermuda,2005,54594.01707689158
BMU,Bermuda,2006,57167.51065889984
BMU,Bermuda,2007,59221.12112092212
BMU,Bermuda,2008,60143.18449073316
BMU,Bermuda,2009,56849.99258899308
BMU,Bermuda,2010,55717.97834448683
BMU,Bermuda,2011,53465.29034453486
BMU,Bermuda,2012,51581.52375660388
BMU,Bermuda,2013,50834.83017635533
BMU,Bermuda,2014,50954.13810146937
BMU,Bermuda,2015,51489.60777737826
BMU,Bermuda,2016,51714.01236152803
BMU,Bermuda,2017,53286.60256423736
BOL,Bolivia (Plurinational State of),1950,4182.032978357176
BOL,Bolivia (Plurinational State of),1951,4471.780657097203
BOL,Bolivia (Plurinational State of),1952,4398.602973860015
BOL,Bolivia (Plurinational State of),1953,3618.7099095044664
BOL,Bolivia (Plurinational State of),1954,3641.4903029476654
BOL,Bolivia (Plurinational State of),1955,3916.9717037686187
BOL,Bolivia (Plurinational State of),1956,3661.721094935326
BOL,Bolivia (Plurinational State of),1957,3589.752575369071
BOL,Bolivia (Plurinational State of),1958,3465.3580071555043
BOL,Bolivia (Plurinational State of),1959,3470.992114317887
BOL,Bolivia (Plurinational State of),1960,3541.876151588177
BOL,Bolivia (Plurinational State of),1961,3526.3680464112854
BOL,Bolivia (Plurinational State of),1962,3664.0712585817773
BOL,Bolivia (Plurinational State of),1963,3821.3367612123448
BOL,Bolivia (Plurinational State of),1964,3912.5531159188095
BOL,Bolivia (Plurinational State of),1965,3997.978756447702
BOL,Bolivia (Plurinational State of),1966,4178.502777515505
BOL,Bolivia (Plurinational State of),1967,4411.607945731902
BOL,Bolivia (Plurinational State of),1968,3721.9652455523974
BOL,Bolivia (Plurinational State of),1969,3742.7176764684073
BOL,Bolivia (Plurinational State of),1970,3604.016236720642
BOL,Bolivia (Plurinational State of),1971,3708.464036762034
BOL,Bolivia (Plurinational State of),1972,3920.8479390390594
BOL,Bolivia (Plurinational State of),1973,4059.1041819132556
BOL,Bolivia (Plurinational State of),1974,4090.0695080797136
BOL,Bolivia (Plurinational State of),1975,4295.264291139842
BOL,Bolivia (Plurinational State of),1976,4396.424074920992
BOL,Bolivia (Plurinational State of),1977,4514.5938861556515
BOL,Bolivia (Plurinational State of),1978,4506.81933284921
BOL,Bolivia (Plurinational State of),1979,4414.800762182983
BOL,Bolivia (Plurinational State of),1980,4260.408328439274
BOL,Bolivia (Plurinational State of),1981,4207.946337690932
BOL,Bolivia (Plurinational State of),1982,3939.279248108618
BOL,Bolivia (Plurinational State of),1983,3684.690742715564
BOL,Bolivia (Plurinational State of),1984,3586.9730179652774
BOL,Bolivia (Plurinational State of),1985,3480.253826928882
BOL,Bolivia (Plurinational State of),1986,3325.9164678335137
BOL,Bolivia (Plurinational State of),1987,3345.4828168078616
BOL,Bolivia (Plurinational State of),1988,3377.5721849754486
BOL,Bolivia (Plurinational State of),1989,3437.676151279591
BOL,Bolivia (Plurinational State of),1990,3527.113912973501
BOL,Bolivia (Plurinational State of),1991,3640.4409904988815
BOL,Bolivia (Plurinational State of),1992,3628.238030110678
BOL,Bolivia (Plurinational State of),1993,3709.1234671109264
BOL,Bolivia (Plurinational State of),1994,3806.527179168661
BOL,Bolivia (Plurinational State of),1995,3906.607337379924
BOL,Bolivia (Plurinational State of),1996,3997.4440917764973
BOL,Bolivia (Plurinational State of),1997,4113.71120754837
BOL,Bolivia (Plurinational State of),1998,4236.951500797938
BOL,Bolivia (Plurinational State of),1999,4173.679972519906
BOL,Bolivia (Plurinational State of),2000,4197.906163038065
BOL,Bolivia (Plurinational State of),2001,4189.782182172785
BOL,Bolivia (Plurinational State of),2002,4216.0308036566985
BOL,Bolivia (Plurinational State of),2003,4253.139039556229
BOL,Bolivia (Plurinational State of),2004,4352.908692770252
BOL,Bolivia (Plurinational State of),2005,4466.827979675178
BOL,Bolivia (Plurinational State of),2006,4601.474055713954
BOL,Bolivia (Plurinational State of),2007,4730.92503136414
BOL,Bolivia (Plurinational State of),2008,4938.939534068856
BOL,Bolivia (Plurinational State of),2009,5021.635832159005
BOL,Bolivia (Plurinational State of),2010,5144.775310899577
BOL,Bolivia (Plurinational State of),2011,5326.5295369143005
BOL,Bolivia (Plurinational State of),2012,5511.509363448699
BOL,Bolivia (Plurinational State of),2013,5794.806444039243
BOL,Bolivia (Plurinational State of),2014,6017.563962763376
BOL,Bolivia (Plurinational State of),2015,6214.2146386027225
BOL,Bolivia (Plurinational State of),2016,6382.080047535562
BOL,Bolivia (Plurinational State of),2017,6551.311443265838
BRA,Brazil,1950,2737.4632850152516
BRA,Brazil,1951,2790.4599657275903
BRA,Brazil,1952,2969.0483416750567
BRA,Brazil,1953,3030.8427197348574
BRA,Brazil,1954,3185.293707574353
BRA,Brazil,1955,3292.9630566998676
BRA,Brazil,1956,3312.833978905733
BRA,Brazil,1957,3538.730896135389
BRA,Brazil,1958,3654.0845002377346
BRA,Brazil,1959,3820.0556311377454
BRA,Brazil,1960,3995.1535110486143
BRA,Brazil,1961,4425.425482419868
BRA,Brazil,1962,4519.295950020223
BRA,Brazil,1963,4670.740321700469
BRA,Brazil,1964,4723.4346012698925
BRA,Brazil,1965,4905.135820648714
BRA,Brazil,1966,4952.673407749734
BRA,Brazil,1967,5088.420596635996
BRA,Brazil,1968,5500.923175917196
BRA,Brazil,1969,5693.808095709872
BRA,Brazil,1970,6146.122468410581
BRA,Brazil,1971,6674.890815189744
BRA,Brazil,1972,7291.712189836833
BRA,Brazil,1973,8112.645122060389
BRA,Brazil,1974,8566.308073247972
BRA,Brazil,1975,8796.310535109003
BRA,Brazil,1976,9469.925091850304
BRA,Brazil,1977,9703.066151250408
BRA,Brazil,1978,9946.5074252684
BRA,Brazil,1979,10370.790648781305
BRA,Brazil,1980,11064.622491265343
BRA,Brazil,1981,10349.13118957309
BRA,Brazil,1982,10195.297295371663
BRA,Brazil,1983,9672.9415086953
BRA,Brazil,1984,9971.23304096816
BRA,Brazil,1985,10525.952469181999
BRA,Brazil,1986,11083.713319937071
BRA,Brazil,1987,11249.648291216161
BRA,Brazil,1988,11029.906262579574
BRA,Brazil,1989,11169.761508873591
BRA,Brazil,1990,10493.583157661877
BRA,Brazil,1991,10418.589811146543
BRA,Brazil,1992,10148.243476528403
BRA,Brazil,1993,10465.133193379248
BRA,Brazil,1994,10899.153280078324
BRA,Brazil,1995,11178.10509044281
BRA,Brazil,1996,11237.316089696384
BRA,Brazil,1997,11434.12576880911
BRA,Brazil,1998,11261.694504185296
BRA,Brazil,1999,11121.133372526372
BRA,Brazil,2000,11432.71301686913
BRA,Brazil,2001,11422.335195747677
BRA,Brazil,2002,11569.714087463472
BRA,Brazil,2003,11552.882198878468
BRA,Brazil,2004,12054.228973010777
BRA,Brazil,2005,12295.206393201413
BRA,Brazil,2006,12640.65839987453
BRA,Brazil,2007,13266.553953522938
BRA,Brazil,2008,13801.320481682336
BRA,Brazil,2009,13648.380691387636
BRA,Brazil,2010,14534.151630436994
BRA,Brazil,2011,14968.01688397737
BRA,Brazil,2012,15113.01130428109
BRA,Brazil,2013,15425.029030777929
BRA,Brazil,2014,15365.777049909915
BRA,Brazil,2015,14661.03748312498
BRA,Brazil,2016,14038.126972605543
BRA,Brazil,2017,14065.687001286198
BRB,Barbados,1950,
BRB,Barbados,1951,
BRB,Barbados,1952,
BRB,Barbados,1953,
BRB,Barbados,1954,
BRB,Barbados,1955,
BRB,Barbados,1956,
BRB,Barbados,1957,
BRB,Barbados,1958,
BRB,Barbados,1959,
BRB,Barbados,1960,4498.986374395938
BRB,Barbados,1961,4879.023775426456
BRB,Barbados,1962,5138.267586669907
BRB,Barbados,1963,4861.459266400798
BRB,Barbados,1964,4995.466733665043
BRB,Barbados,1965,5468.329745034578
BRB,Barbados,1966,5599.269487838544
BRB,Barbados,1967,6383.2452839853995
BRB,Barbados,1968,6862.765757981299
BRB,Barbados,1969,7533.329853714801
BRB,Barbados,1970,8326.631102933115
BRB,Barbados,1971,8609.642363942456
BRB,Barbados,1972,8668.535861786555
BRB,Barbados,1973,8729.257390220791
BRB,Barbados,1974,8270.074094073005
BRB,Barbados,1975,8063.645432154019
BRB,Barbados,1976,8370.475111613534
BRB,Barbados,1977,8625.103665225168
BRB,Barbados,1978,9002.572966577944
BRB,Barbados,1979,9669.496017933774
BRB,Barbados,1980,10054.245904760606
BRB,Barbados,1981,9828.684628232786
BRB,Barbados,1982,9319.05687754248
BRB,Barbados,1983,9340.739972491217
BRB,Barbados,1984,9651.410737195198
BRB,Barbados,1985,9729.706171425447
BRB,Barbados,1986,10193.578197308589
BRB,Barbados,1987,10423.087478646003
BRB,Barbados,1988,10749.6719791496
BRB,Barbados,1989,11096.699217277957
BRB,Barbados,1990,10692.7577410664
BRB,Barbados,1991,10240.306040310563
BRB,Barbados,1992,9490.466038899385
BRB,Barbados,1993,9571.31300977497
BRB,Barbados,1994,9900.17809178251
BRB,Barbados,1995,10062.202863470866
BRB,Barbados,1996,10426.010325627121
BRB,Barbados,1997,10875.018054280576
BRB,Barbados,1998,11235.095616608289
BRB,Barbados,1999,11239.264860296797
BRB,Barbados,2000,11458.354612983921
BRB,Barbados,2001,11148.7331138908
BRB,Barbados,2002,11205.095976894214
BRB,Barbados,2003,11418.79933943395
BRB,Barbados,2004,11543.346091669639
BRB,Barbados,2005,11964.859313429313
BRB,Barbados,2006,12599.494830891012
BRB,Barbados,2007,12774.683734550805
BRB,Barbados,2008,12733.552947076323
BRB,Barbados,2009,12173.684713840461
BRB,Barbados,2010,12162.207791278717
BRB,Barbados,2011,12202.300063119876
BRB,Barbados,2012,12196.136763076533
BRB,Barbados,2013,12156.247341345754
BRB,Barbados,2014,12118.6695094376
BRB,Barbados,2015,12191.943884426335
BRB,Barbados,2016,12358.405570340577
BRB,Barbados,2017,12435.876413360205
BRN,Brunei Darussalam,1950,
BRN,Brunei Darussalam,1951,
BRN,Brunei Darussalam,1952,
BRN,Brunei Darussalam,1953,
BRN,Brunei Darussalam,1954,
BRN,Brunei Darussalam,1955,
BRN,Brunei Darussalam,1956,
BRN,Brunei Darussalam,1957,
BRN,Brunei Darussalam,1958,
BRN,Brunei Darussalam,1959,
BRN,Brunei Darussalam,1960,
BRN,Brunei Darussalam,1961,
BRN,Brunei Darussalam,1962,
BRN,Brunei Darussalam,1963,
BRN,Brunei Darussalam,1964,
BRN,Brunei Darussalam,1965,
BRN,Brunei Darussalam,1966,
BRN,Brunei Darussalam,1967,
BRN,Brunei Darussalam,1968,
BRN,Brunei Darussalam,1969,
BRN,Brunei Darussalam,1970,92998.22636458311
BRN,Brunei Darussalam,1971,97662.15361602958
BRN,Brunei Darussalam,1972,102765.03069671821
BRN,Brunei Darussalam,1973,107686.24087659881
BRN,Brunei Darussalam,1974,115042.67292595516
BRN,Brunei Darussalam,1975,110769.8214369902
BRN,Brunei Darussalam,1976,127911.29151976506
BRN,Brunei Darussalam,1977,136554.82629401446
BRN,Brunei Darussalam,1978,140622.01908400832
BRN,Brunei Darussalam,1979,166445.14265464467
BRN,Brunei Darussalam,1980,149776.99194003057
BRN,Brunei Darussalam,1981,116399.29063347723
BRN,Brunei Darussalam,1982,117450.59066477822
BRN,Brunei Darussalam,1983,114696.52355092959
BRN,Brunei Darussalam,1984,112167.17620719332
BRN,Brunei Darussalam,1985,107401.84212695701
BRN,Brunei Darussalam,1986,92420.21445481919
BRN,Brunei Darussalam,1987,90111.96190076564
BRN,Brunei Darussalam,1988,87274.73583857481
BRN,Brunei Darussalam,1989,86698.78444295512
BRN,Brunei Darussalam,1990,85180.80593300519
BRN,Brunei Darussalam,1991,85389.45508405901
BRN,Brunei Darussalam,1992,86942.21070812903
BRN,Brunei Darussalam,1993,84796.48873091694
BRN,Brunei Darussalam,1994,85115.20024097954
BRN,Brunei Darussalam,1995,86633.10389771016
BRN,Brunei Darussalam,1996,86930.82675780587
BRN,Brunei Darussalam,1997,83635.46435196401
BRN,Brunei Darussalam,1998,81295.2068031476
BRN,Brunei Darussalam,1999,81962.616465542
BRN,Brunei Darussalam,2000,82542.21532041678
BRN,Brunei Darussalam,2001,83093.44595637935
BRN,Brunei Darussalam,2002,84631.10847430151
BRN,Brunei Darussalam,2003,85480.945409746
BRN,Brunei Darussalam,2004,84446.18527574696
BRN,Brunei Darussalam,2005,83465.58385061992
BRN,Brunei Darussalam,2006,85937.4397223139
BRN,Brunei Darussalam,2007,85008.81151536093
BRN,Brunei Darussalam,2008,82398.87099128104
BRN,Brunei Darussalam,2009,79990.19524577804
BRN,Brunei Darussalam,2010,81036.63470993731
BRN,Brunei Darussalam,2011,82929.22912480235
BRN,Brunei Darussalam,2012,82485.87276226959
BRN,Brunei Darussalam,2013,79545.66029170326
BRN,Brunei Darussalam,2014,76422.81305090246
BRN,Brunei Darussalam,2015,75058.60084579609
BRN,Brunei Darussalam,2016,72220.76290099423
BRN,Brunei Darussalam,2017,72241.35254600225
BTN,Bhutan,1950,
BTN,Bhutan,1951,
BTN,Bhutan,1952,
BTN,Bhutan,1953,
BTN,Bhutan,1954,
BTN,Bhutan,1955,
BTN,Bhutan,1956,
BTN,Bhutan,1957,
BTN,Bhutan,1958,
BTN,Bhutan,1959,
BTN,Bhutan,1960,
BTN,Bhutan,1961,
BTN,Bhutan,1962,
BTN,Bhutan,1963,
BTN,Bhutan,1964,
BTN,Bhutan,1965,
BTN,Bhutan,1966,
BTN,Bhutan,1967,
BTN,Bhutan,1968,
BTN,Bhutan,1969,
BTN,Bhutan,1970,1129.1186344655064
BTN,Bhutan,1971,1122.6450711221312
BTN,Bhutan,1972,1100.0239830849087
BTN,Bhutan,1973,1081.2574511057333
BTN,Bhutan,1974,1101.368495567566
BTN,Bhutan,1975,1031.3526744788837
BTN,Bhutan,1976,1088.0390026871203
BTN,Bhutan,1977,1136.6824866422264
BTN,Bhutan,1978,1179.5826849507991
BTN,Bhutan,1979,1198.7509336168312
BTN,Bhutan,1980,1222.5466141929228
BTN,Bhutan,1981,1326.218110530645
BTN,Bhutan,1982,1322.7913351853056
BTN,Bhutan,1983,1395.1091868572776
BTN,Bhutan,1984,1443.3652090935034
BTN,Bhutan,1985,1482.3069129325222
BTN,Bhutan,1986,1637.4985351287467
BTN,Bhutan,1987,2075.7904080002104
BTN,Bhutan,1988,2130.1191630510925
BTN,Bhutan,1989,2235.7203715639107
BTN,Bhutan,1990,2457.4358257872545
BTN,Bhutan,1991,2475.6089161684486
BTN,Bhutan,1992,2594.2422679876277
BTN,Bhutan,1993,2689.0037178412813
BTN,Bhutan,1994,2883.5247621109547
BTN,Bhutan,1995,3088.721347305962
BTN,Bhutan,1996,3258.6870821589823
BTN,Bhutan,1997,3388.276420704346
BTN,Bhutan,1998,3507.107563903489
BTN,Bhutan,1999,3681.157574614248
BTN,Bhutan,2000,3891.9826399331605
BTN,Bhutan,2001,4095.677015632158
BTN,Bhutan,2002,4409.420873055529
BTN,Bhutan,2003,4618.084301904308
BTN,Bhutan,2004,4761.7619736991655
BTN,Bhutan,2005,4973.866936745059
BTN,Bhutan,2006,5191.407431733811
BTN,Bhutan,2007,5991.7597758867405
BTN,Bhutan,2008,6150.331037793084
BTN,Bhutan,2009,6435.693610810754
BTN,Bhutan,2010,7060.437723885993
BTN,Bhutan,2011,7485.242037660729
BTN,Bhutan,2012,7734.711377789465
BTN,Bhutan,2013,7776.537648185789
BTN,Bhutan,2014,8101.677331748616
BTN,Bhutan,2015,8516.21050158372
BTN,Bhutan,2016,9077.066014039068
BTN,Bhutan,2017,9504.540745673678
BWA,Botswana,1950,
BWA,Botswana,1951,
BWA,Botswana,1952,
BWA,Botswana,1953,
BWA,Botswana,1954,
BWA,Botswana,1955,
BWA,Botswana,1956,
BWA,Botswana,1957,
BWA,Botswana,1958,
BWA,Botswana,1959,
BWA,Botswana,1960,725.4513619992782
BWA,Botswana,1961,769.0554838870269
BWA,Botswana,1962,814.7780030130618
BWA,Botswana,1963,834.8024406647362
BWA,Botswana,1964,868.1018655353386
BWA,Botswana,1965,815.1811637616008
BWA,Botswana,1966,861.1205768746631
BWA,Botswana,1967,1013.8449201834842
BWA,Botswana,1968,1141.2370226642474
BWA,Botswana,1969,1118.8937123103603
BWA,Botswana,1970,1233.6499115659633
BWA,Botswana,1971,1502.4233988987871
BWA,Botswana,1972,1836.6528011601392
BWA,Botswana,1973,2153.4806018796235
BWA,Botswana,1974,2261.761466075455
BWA,Botswana,1975,2364.451146054689
BWA,Botswana,1976,2518.566809765671
BWA,Botswana,1977,2679.053645831025
BWA,Botswana,1978,2876.5041810087214
BWA,Botswana,1979,3162.7259893816663
BWA,Botswana,1980,3418.028010981312
BWA,Botswana,1981,3682.4167141360695
BWA,Botswana,1982,3853.935918747587
BWA,Botswana,1983,4166.678814422824
BWA,Botswana,1984,4578.506079838309
BWA,Botswana,1985,4841.984459059108
BWA,Botswana,1986,5037.56002708351
BWA,Botswana,1987,5290.162851191273
BWA,Botswana,1988,5765.754739944591
BWA,Botswana,1989,7467.326510301139
BWA,Botswana,1990,7777.219350746005
BWA,Botswana,1991,8125.681092599795
BWA,Botswana,1992,8144.741293870336
BWA,Botswana,1993,8084.993158137008
BWA,Botswana,1994,8171.124571761655
BWA,Botswana,1995,8542.306035783353
BWA,Botswana,1996,8843.240522464877
BWA,Botswana,1997,9357.19020141871
BWA,Botswana,1998,9244.17006409015
BWA,Botswana,1999,9957.494879071075
BWA,Botswana,2000,9988.088107870764
BWA,Botswana,2001,9861.37604162218
BWA,Botswana,2002,10312.892985972845
BWA,Botswana,2003,10644.13417165464
BWA,Botswana,2004,10782.795545818553
BWA,Botswana,2005,11113.003489015273
BWA,Botswana,2006,11861.066495153302
BWA,Botswana,2007,12640.355948746152
BWA,Botswana,2008,13209.431770692428
BWA,Botswana,2009,11992.006486253214
BWA,Botswana,2010,12792.901821564905
BWA,Botswana,2011,13325.451700555197
BWA,Botswana,2012,13666.253421483938
BWA,Botswana,2013,14936.284394913771
BWA,Botswana,2014,15268.6333413989
BWA,Botswana,2015,14733.373769623784
BWA,Botswana,2016,15088.73133539942
BWA,Botswana,2017,15165.812908637223
CAF,Central African Republic,1950,
CAF,Central African Republic,1951,
CAF,Central African Republic,1952,
CAF,Central African Republic,1953,
CAF,Central African Republic,1954,
CAF,Central African Republic,1955,
CAF,Central African Republic,1956,
CAF,Central African Republic,1957,
CAF,Central African Republic,1958,
CAF,Central African Republic,1959,
CAF,Central African Republic,1960,1436.628057956584
CAF,Central African Republic,1961,1477.9015572538067
CAF,Central African Republic,1962,1377.7379854792857
CAF,Central African Republic,1963,1353.112467066728
CAF,Central African Republic,1964,1349.7098947837162
CAF,Central African Republic,1965,1330.1929565427013
CAF,Central African Republic,1966,1293.764578932602
CAF,Central African Republic,1967,1294.8409505865695
CAF,Central African Republic,1968,1304.7570756035639
CAF,Central African Republic,1969,1385.8025908166064
CAF,Central African Republic,1970,1377.3146825088695
CAF,Central African Republic,1971,1309.7965855628522
CAF,Central African Republic,1972,1259.8349385667798
CAF,Central African Republic,1973,1292.0445451059277
CAF,Central African Republic,1974,1228.9599661692885
CAF,Central African Republic,1975,1225.368598907113
CAF,Central African Republic,1976,1251.831978467039
CAF,Central African Republic,1977,1321.7013533160239
CAF,Central African Republic,1978,1305.6422567907218
CAF,Central African Republic,1979,1241.1263900291283
CAF,Central African Republic,1980,1153.6924396472739
CAF,Central African Republic,1981,1138.1145623244192
CAF,Central African Republic,1982,1124.0485991906585
CAF,Central African Republic,1983,1024.0608116293424
CAF,Central African Republic,1984,1066.9526372778485
CAF,Central African Republic,1985,1073.9117016830276
CAF,Central African Republic,1986,1086.4555195549556
CAF,Central African Republic,1987,1011.0416670219739
CAF,Central African Republic,1988,1011.195101738717
CAF,Central African Republic,1989,1014.4300774039873
CAF,Central African Republic,1990,975.9556748899125
CAF,Central African Republic,1991,962.9544800308154
CAF,Central African Republic,1992,925.2236637112719
CAF,Central African Republic,1993,897.2448307899617
CAF,Central African Republic,1994,918.7242662731666
CAF,Central African Republic,1995,941.5465320059278
CAF,Central African Republic,1996,849.4350516024081
CAF,Central African Republic,1997,880.5432283678123
CAF,Central African Republic,1998,900.138392195911
CAF,Central African Republic,1999,933.0670608233012
CAF,Central African Republic,2000,931.123944884495
CAF,Central African Republic,2001,918.1145165619337
CAF,Central African Republic,2002,894.9044523696625
CAF,Central African Republic,2003,816.3284143437871
CAF,Central African Republic,2004,823.7463216073176
CAF,Central African Republic,2005,828.4771909994706
CAF,Central African Republic,2006,852.6095654342967
CAF,Central African Republic,2007,871.620925737974
CAF,Central African Republic,2008,880.0733183100298
CAF,Central African Republic,2009,884.8711728463776
CAF,Central African Republic,2010,907.2854104562074
CAF,Central African Republic,2011,920.0829872813881
CAF,Central African Republic,2012,943.7447652539902
CAF,Central African Republic,2013,596.1641530301313
CAF,Central African Republic,2014,600.2648301289933
CAF,Central African Republic,2015,624.8281838331876
CAF,Central African Republic,2016,646.2431428032892
CAF,Central African Republic,2017,664.8896672128832
CAN,Canada,1950,12957.52828016255
CAN,Canada,1951,13222.555838398779
CAN,Canada,1952,13889.192532721861
CAN,Canada,1953,14191.53960585011
CAN,Canada,1954,13625.87843900061
CAN,Canada,1955,14500.703539833205
CAN,Canada,1956,15463.072879263074
CAN,Canada,1957,15329.468605071283
CAN,Canada,1958,15179.6252719327
CAN,Canada,1959,15434.266979470307
CAN,Canada,1960,15572.641503961178
CAN,Canada,1961,15696.965126727066
CAN,Canada,1962,16466.979554193047
CAN,Canada,1963,16995.498621132825
CAN,Canada,1964,17767.188831735235
CAN,Canada,1965,18584.958754677362
CAN,Canada,1966,19488.713168626593
CAN,Canada,1967,19656.764249520013
CAN,Canada,1968,20371.566073863094
CAN,Canada,1969,21145.428655127864
CAN,Canada,1970,21407.13508771494
CAN,Canada,1971,21929.26567159303
CAN,Canada,1972,22756.199656987876
CAN,Canada,1973,23965.61296620503
CAN,Canada,1974,24485.724264538567
CAN,Canada,1975,24589.683554842704
CAN,Canada,1976,25537.002670303413
CAN,Canada,1977,26102.886824558525
CAN,Canada,1978,26826.983281782293
CAN,Canada,1979,27544.950776923182
CAN,Canada,1980,27843.180509681395
CAN,Canada,1981,28523.625735220336
CAN,Canada,1982,27334.849252459655
CAN,Canada,1983,27761.473128652153
CAN,Canada,1984,29090.39296297196
CAN,Canada,1985,30111.614330476546
CAN,Canada,1986,30370.37351429756
CAN,Canada,1987,31184.12967496808
CAN,Canada,1988,32108.508412624025
CAN,Canada,1989,32399.836392709632
CAN,Canada,1990,32020.36787240049
CAN,Canada,1991,30946.43976814527
CAN,Canada,1992,30846.007766684153
CAN,Canada,1993,31304.45186600689
CAN,Canada,1994,32356.248975429527
CAN,Canada,1995,32878.44125812659
CAN,Canada,1996,33078.7410575708
CAN,Canada,1997,34170.28325994557
CAN,Canada,1998,35173.243071974444
CAN,Canada,1999,36654.38850431929
CAN,Canada,2000,38200.4747875369
CAN,Canada,2001,38514.844456230654
CAN,Canada,2002,39299.00884561496
CAN,Canada,2003,39619.05029041612
CAN,Canada,2004,40430.55763905297
CAN,Canada,2005,41287.37802488787
CAN,Canada,2006,41906.515955157265
CAN,Canada,2007,42285.91033682447
CAN,Canada,2008,42217.17721068505
CAN,Canada,2009,40504.77334093069
CAN,Canada,2010,41290.80837735137
CAN,Canada,2011,42131.665639170125
CAN,Canada,2012,42422.33621364003
CAN,Canada,2013,43034.8114296524
CAN,Canada,2014,43829.60303247585
CAN,Canada,2015,43843.47503034228
CAN,Canada,2016,44046.754810143924
CAN,Canada,2017,44974.61170543867
CHE,Switzerland,1950,21442.290588971922
CHE,Switzerland,1951,22911.126797384703
CHE,Switzerland,1952,22783.66674479652
CHE,Switzerland,1953,23285.626645271328
CHE,Switzerland,1954,24334.61003286774
CHE,Switzerland,1955,25711.817426015077
CHE,Switzerland,1956,27062.716771761447
CHE,Switzerland,1957,27694.766928041583
CHE,Switzerland,1958,26721.018425415663
CHE,Switzerland,1959,28085.077742651196
CHE,Switzerland,1960,29471.141765721215
CHE,Switzerland,1961,30993.657626966015
CHE,Switzerland,1962,31595.402597071465
CHE,Switzerland,1963,32433.04493349554
CHE,Switzerland,1964,33569.50106109559
CHE,Switzerland,1965,34311.383882348484
CHE,Switzerland,1966,34844.87526242644
CHE,Switzerland,1967,35513.03018220676
CHE,Switzerland,1968,36373.43133007547
CHE,Switzerland,1969,37927.53614342568
CHE,Switzerland,1970,39992.04256232585
CHE,Switzerland,1971,41272.16800274247
CHE,Switzerland,1972,42263.717216646335
CHE,Switzerland,1973,43267.335769705234
CHE,Switzerland,1974,43692.039990343765
CHE,Switzerland,1975,40413.48876046764
CHE,Switzerland,1976,39852.2023716796
CHE,Switzerland,1977,40912.50786589896
CHE,Switzerland,1978,41207.539271264126
CHE,Switzerland,1979,42334.66010473495
CHE,Switzerland,1980,44303.468652744574
CHE,Switzerland,1981,44925.45915735719
CHE,Switzerland,1982,44157.74670496279
CHE,Switzerland,1983,44192.23058294173
CHE,Switzerland,1984,45240.73204677843
CHE,Switzerland,1985,46615.59940168525
CHE,Switzerland,1986,47205.18175464467
CHE,Switzerland,1987,47676.08218873455
CHE,Switzerland,1988,48936.208045825704
CHE,Switzerland,1989,50693.86742697078
CHE,Switzerland,1990,52117.82953174793
CHE,Switzerland,1991,51133.55937780336
CHE,Switzerland,1992,50553.9391602192
CHE,Switzerland,1993,49931.80461852135
CHE,Switzerland,1994,50059.79479431202
CHE,Switzerland,1995,49890.12916725722
CHE,Switzerland,1996,49856.59810268786
CHE,Switzerland,1997,50803.21206478705
CHE,Switzerland,1998,52150.37735277489
CHE,Switzerland,1999,52860.802950660094
CHE,Switzerland,2000,54721.174127245016
CHE,Switzerland,2001,55166.602867563815
CHE,Switzerland,2002,54941.8181279332
CHE,Switzerland,2003,54601.9136905863
CHE,Switzerland,2004,55694.99696877216
CHE,Switzerland,2005,56941.308189240146
CHE,Switzerland,2006,58649.76622233475
CHE,Switzerland,2007,60423.72559078351
CHE,Switzerland,2008,61033.39353521258
CHE,Switzerland,2009,58974.90492494794
CHE,Switzerland,2010,60010.383549459664
CHE,Switzerland,2011,60268.65660389447
CHE,Switzerland,2012,60107.57156621224
CHE,Switzerland,2013,60460.44780352475
CHE,Switzerland,2014,61211.518678355205
CHE,Switzerland,2015,61355.65551969431
CHE,Switzerland,2016,61729.90556983635
CHE,Switzerland,2017,62178.2785414984
CHL,Chile,1950,
CHL,Chile,1951,4970.704740010916
CHL,Chile,1952,5106.532874106745
CHL,Chile,1953,5471.811481428147
CHL,Chile,1954,5073.912127339827
CHL,Chile,1955,5225.476212162537
CHL,Chile,1956,5146.643765923873
CHL,Chile,1957,5417.892827636121
CHL,Chile,1958,5536.0960810528
CHL,Chile,1959,5317.041647849043
CHL,Chile,1960,5733.899781408353
CHL,Chile,1961,5864.539733771227
CHL,Chile,1962,5989.0268486575515
CHL,Chile,1963,6223.349891955196
CHL,Chile,1964,6226.182667333001
CHL,Chile,1965,6149.497393007375
CHL,Chile,1966,6694.321161237718
CHL,Chile,1967,6773.6636826365175
CHL,Chile,1968,6877.424239244661
CHL,Chile,1969,7003.537726131823
CHL,Chile,1970,7025.832279266073
CHL,Chile,1971,7512.578992168359
CHL,Chile,1972,7288.777908055912
CHL,Chile,1973,6764.710539331923
CHL,Chile,1974,6717.023023250207
CHL,Chile,1975,5755.401338598738
CHL,Chile,1976,5864.418606090142
CHL,Chile,1977,6344.102252468353
CHL,Chile,1978,6762.184092778193
CHL,Chile,1979,7212.604103567403
CHL,Chile,1980,7668.60697335872
CHL,Chile,1981,8021.888527424297
CHL,Chile,1982,6826.424878441853
CHL,Chile,1983,6532.955590153802
CHL,Chile,1984,6808.874243762923
CHL,Chile,1985,6831.5448960735
CHL,Chile,1986,7095.55820727491
CHL,Chile,1987,7437.3201863816585
CHL,Chile,1988,7847.196112972475
CHL,Chile,1989,8531.496386629133
CHL,Chile,1990,8702.423367063519
CHL,Chile,1991,9245.804537664946
CHL,Chile,1992,10218.66711313476
CHL,Chile,1993,10765.908703738936
CHL,Chile,1994,11211.87292207758
CHL,Chile,1995,12225.375078600611
CHL,Chile,1996,12949.451560585125
CHL,Chile,1997,13619.761266440268
CHL,Chile,1998,13877.606339252052
CHL,Chile,1999,13599.19682519278
CHL,Chile,2000,14036.692698044875
CHL,Chile,2001,14339.524606289957
CHL,Chile,2002,14485.152155647893
CHL,Chile,2003,14864.231894087834
CHL,Chile,2004,15733.617690112638
CHL,Chile,2005,16526.160132238674
CHL,Chile,2006,17384.185101787993
CHL,Chile,2007,18046.849064254387
CHL,Chile,2008,18492.904139965493
CHL,Chile,2009,18022.454966770918
CHL,Chile,2010,18891.719220739156
CHL,Chile,2011,19859.190841573218
CHL,Chile,2012,20726.461592940585
CHL,Chile,2013,21375.617718233276
CHL,Chile,2014,21567.010464217798
CHL,Chile,2015,21879.25042313646
CHL,Chile,2016,21974.267384959807
CHL,Chile,2017,22122.5893454659
CHN,China,1950,
CHN,China,1951,
CHN,China,1952,778.7087527407906
CHN,China,1953,865.9011073799006
CHN,China,1954,788.5582577338574
CHN,China,1955,843.2603770180411
CHN,China,1956,897.120479961844
CHN,China,1957,904.2805366180504
CHN,China,1958,890.6820044961562
CHN,China,1959,855.049252718701
CHN,China,1960,815.107097246597
CHN,China,1961,673.1453483656304
CHN,China,1962,709.0578955608094
CHN,China,1963,787.1516297349466
CHN,China,1964,869.9167179469622
CHN,China,1965,941.1558560312739
CHN,China,1966,947.9268595279268
CHN,China,1967,929.2530330900292
CHN,China,1968,883.2164289886138
CHN,China,1969,947.0753770365673
CHN,China,1970,1048.216740060733
CHN,China,1971,1087.7678005780733
CHN,China,1972,1077.9399930300451
CHN,China,1973,1139.2643269452212
CHN,China,1974,1143.9068351067867
CHN,China,1975,1199.1416892199952
CHN,China,1976,1140.358792979944
CHN,China,1977,1185.6322660525768
CHN,China,1978,1305.349952100612
CHN,China,1979,1389.50485791792
CHN,China,1980,1440.3178563408837
CHN,China,1981,1462.1721940624923
CHN,China,1982,1574.4065724415118
CHN,China,1983,1661.2411988675462
CHN,China,1984,1819.1354187096163
CHN,China,1985,1943.6685334179824
CHN,China,1986,2034.3632998308867
CHN,China,1987,2163.2096177802387
CHN,China,1988,2239.3420795567063
CHN,China,1989,2216.274735675747
CHN,China,1990,2183.331060448122
CHN,China,1991,2255.5890770066135
CHN,China,1992,2411.0083742535635
CHN,China,1993,2648.2555281828554
CHN,China,1994,2853.4224898494717
CHN,China,1995,3100.432524696962
CHN,China,1996,3318.1430545155017
CHN,China,1997,3443.6542626070554
CHN,China,1998,3497.9333579166105
CHN,China,1999,3680.382783111814
CHN,China,2000,3929.342680467774
CHN,China,2001,4211.710858326817
CHN,China,2002,4578.855381076628
CHN,China,2003,4913.520197536473
CHN,China,2004,5369.156408874718
CHN,China,2005,5950.778940993965
CHN,China,2006,6635.688064568525
CHN,China,2007,7336.021888507065
CHN,China,2008,7845.310250017442
CHN,China,2009,8502.579768327721
CHN,China,2010,9553.190675338414
CHN,China,2011,10258.423298223563
CHN,China,2012,10770.692257710605
CHN,China,2013,11466.439704025363
CHN,China,2014,12128.185345676788
CHN,China,2015,12531.483214540773
CHN,China,2016,12961.874781584489
CHN,China,2017,13464.538462587156
CIV,Côte d'Ivoire,1950,
CIV,Côte d'Ivoire,1951,
CIV,Côte d'Ivoire,1952,
CIV,Côte d'Ivoire,1953,
CIV,Côte d'Ivoire,1954,
CIV,Côte d'Ivoire,1955,
CIV,Côte d'Ivoire,1956,
CIV,Côte d'Ivoire,1957,
CIV,Côte d'Ivoire,1958,
CIV,Côte d'Ivoire,1959,
CIV,Côte d'Ivoire,1960,2484.710895665531
CIV,Côte d'Ivoire,1961,2721.5777224462518
CIV,Côte d'Ivoire,1962,2621.631083207241
CIV,Côte d'Ivoire,1963,2867.0568706309805
CIV,Côte d'Ivoire,1964,3271.262203125441
CIV,Côte d'Ivoire,1965,3051.1250265889066
CIV,Côte d'Ivoire,1966,3246.677704714286
CIV,Côte d'Ivoire,1967,3215.4173342197128
CIV,Côte d'Ivoire,1968,3513.239672818718
CIV,Côte d'Ivoire,1969,3590.3459023873047
CIV,Côte d'Ivoire,1970,3738.8222547424393
CIV,Côte d'Ivoire,1971,3915.4559836038475
CIV,Côte d'Ivoire,1972,3897.769047786998
CIV,Côte d'Ivoire,1973,3939.349224519378
CIV,Côte d'Ivoire,1974,3919.884153521729
CIV,Côte d'Ivoire,1975,4048.617441321844
CIV,Côte d'Ivoire,1976,4328.340656537662
CIV,Côte d'Ivoire,1977,4328.060953529594
CIV,Côte d'Ivoire,1978,4545.174658769058
CIV,Côte d'Ivoire,1979,4428.176874670804
CIV,Côte d'Ivoire,1980,3772.1404087313053
CIV,Côte d'Ivoire,1981,3737.2648667561625
CIV,Côte d'Ivoire,1982,3587.2651704198956
CIV,Côte d'Ivoire,1983,3305.475708390243
CIV,Côte d'Ivoire,1984,3087.4554618657726
CIV,Côte d'Ivoire,1985,3101.2669038390063
CIV,Côte d'Ivoire,1986,3082.403624825659
CIV,Côte d'Ivoire,1987,2960.386364889559
CIV,Côte d'Ivoire,1988,2887.1573577455324
CIV,Côte d'Ivoire,1989,3117.2047010972137
CIV,Côte d'Ivoire,1990,2971.3060099283375
CIV,Côte d'Ivoire,1991,2869.5411975310008
CIV,Côte d'Ivoire,1992,2753.536036403466
CIV,Côte d'Ivoire,1993,2650.00921793861
CIV,Côte d'Ivoire,1994,2618.2478371900847
CIV,Côte d'Ivoire,1995,2714.7776689503535
CIV,Côte d'Ivoire,1996,2810.072114181975
CIV,Côte d'Ivoire,1997,2883.06956677577
CIV,Côte d'Ivoire,1998,2947.254685558649
CIV,Côte d'Ivoire,1999,2927.907334855756
CIV,Côte d'Ivoire,2000,2800.9620529623817
CIV,Côte d'Ivoire,2001,2746.1701837206656
CIV,Côte d'Ivoire,2002,2649.625597819458
CIV,Côte d'Ivoire,2003,2567.355750152618
CIV,Côte d'Ivoire,2004,2553.002268193941
CIV,Côte d'Ivoire,2005,2548.995533080642
CIV,Côte d'Ivoire,2006,2537.384165185558
CIV,Côte d'Ivoire,2007,2529.8787419356263
CIV,Côte d'Ivoire,2008,2539.607268480815
CIV,Côte d'Ivoire,2009,2564.5225434331724
CIV,Côte d'Ivoire,2010,2556.638115318648
CIV,Côte d'Ivoire,2011,2391.3915533058607
CIV,Côte d'Ivoire,2012,2568.6360286068875
CIV,Côte d'Ivoire,2013,2737.1502570740317
CIV,Côte d'Ivoire,2014,2902.5191238015336
CIV,Côte d'Ivoire,2015,3080.285567309073
CIV,Côte d'Ivoire,2016,3243.3871389526826
CIV,Côte d'Ivoire,2017,3407.0934528863386
CMR,Cameroon,1950,
CMR,Cameroon,1951,
CMR,Cameroon,1952,
CMR,Cameroon,1953,
CMR,Cameroon,1954,
CMR,Cameroon,1955,
CMR,Cameroon,1956,
CMR,Cameroon,1957,
CMR,Cameroon,1958,
CMR,Cameroon,1959,
CMR,Cameroon,1960,2269.831378269702
CMR,Cameroon,1961,2266.1016560263074
CMR,Cameroon,1962,2294.9312385329235
CMR,Cameroon,1963,2329.1719767777795
CMR,Cameroon,1964,2373.896969812848
CMR,Cameroon,1965,2439.76079893538
CMR,Cameroon,1966,2513.9486732496644
CMR,Cameroon,1967,2193.472054704935
CMR,Cameroon,1968,2303.853675899707
CMR,Cameroon,1969,2336.2609977419575
CMR,Cameroon,1970,2409.5942732490034
CMR,Cameroon,1971,2415.630153433289
CMR,Cameroon,1972,2423.112848688673
CMR,Cameroon,1973,2472.9587159680077
CMR,Cameroon,1974,2490.897044369386
CMR,Cameroon,1975,2515.5410639553656
CMR,Cameroon,1976,2311.5689703962125
CMR,Cameroon,1977,2555.366631281067
CMR,Cameroon,1978,3028.745379565605
CMR,Cameroon,1979,3118.5047894523364
CMR,Cameroon,1980,3388.1078264532675
CMR,Cameroon,1981,3526.8250214054306
CMR,Cameroon,1982,3675.500155170299
CMR,Cameroon,1983,3863.5184261351933
CMR,Cameroon,1984,4047.0015824372895
CMR,Cameroon,1985,4015.3347617983773
CMR,Cameroon,1986,3687.4846983118478
CMR,Cameroon,1987,3374.1079823517607
CMR,Cameroon,1988,3148.0289316680355
CMR,Cameroon,1989,2957.7398443487955
CMR,Cameroon,1990,2694.234796538679
CMR,Cameroon,1991,2518.544309754715
CMR,Cameroon,1992,2373.2085376335704
CMR,Cameroon,1993,2235.223607727431
CMR,Cameroon,1994,2221.6200310882964
CMR,Cameroon,1995,2238.709011006399
CMR,Cameroon,1996,2276.888609501462
CMR,Cameroon,1997,2336.298693575441
CMR,Cameroon,1998,2381.2797712355305
CMR,Cameroon,1999,2422.062253770811
CMR,Cameroon,2000,2445.342070846995
CMR,Cameroon,2001,2487.392473221282
CMR,Cameroon,2002,2526.2213851300057
CMR,Cameroon,2003,2572.984919489167
CMR,Cameroon,2004,2675.326357073114
CMR,Cameroon,2005,2657.0460361252026
CMR,Cameroon,2006,2675.391369502295
CMR,Cameroon,2007,2730.8972069412375
CMR,Cameroon,2008,2749.69730931324
CMR,Cameroon,2009,2734.1561693222307
CMR,Cameroon,2010,2751.5676183617443
CMR,Cameroon,2011,2788.3821572426796
CMR,Cameroon,2012,2837.3746677450895
CMR,Cameroon,2013,2911.5274283561735
CMR,Cameroon,2014,3001.8834775207033
CMR,Cameroon,2015,3088.9451142337784
CMR,Cameroon,2016,3149.1339386481386
CMR,Cameroon,2017,3177.5936964810053
COD,D.R. of the Congo,1950,1522.0984453318097
COD,D.R. of the Congo,1951,1711.4194683092655
COD,D.R. of the Congo,1952,1799.208423339544
COD,D.R. of the Congo,1953,1944.9056835325932
COD,D.R. of the Congo,1954,1991.5831273977824
COD,D.R. of the Congo,1955,2077.5329661120127
COD,D.R. of the Congo,1956,2150.0261584294844
COD,D.R. of the Congo,1957,2126.969323856804
COD,D.R. of the Congo,1958,2037.7400887189608
COD,D.R. of the Congo,1959,2037.6951110237128
COD,D.R. of the Congo,1960,2175.815924917814
COD,D.R. of the Congo,1961,1905.9168844369653
COD,D.R. of the Congo,1962,2112.3967137815303
COD,D.R. of the Congo,1963,2102.735341876877
COD,D.R. of the Congo,1964,2064.979408825713
COD,D.R. of the Congo,1965,1976.5711368820262
COD,D.R. of the Congo,1966,2044.8997192071836
COD,D.R. of the Congo,1967,1960.9717147470699
COD,D.R. of the Congo,1968,2023.6092193713587
COD,D.R. of the Congo,1969,2120.8874109978797
COD,D.R. of the Congo,1970,2057.1140270219103
COD,D.R. of the Congo,1971,2122.0072380675097
COD,D.R. of the Congo,1972,2069.138553270429
COD,D.R. of the Congo,1973,2178.8003880910624
COD,D.R. of the Congo,1974,2187.3388213152293
COD,D.R. of the Congo,1975,2021.9824045372486
COD,D.R. of the Congo,1976,1861.2614480051948
COD,D.R. of the Congo,1977,1822.1716017841518
COD,D.R. of the Congo,1978,1675.8986721927668
COD,D.R. of the Congo,1979,1636.7209532478794
COD,D.R. of the Congo,1980,1628.5040833595924
COD,D.R. of the Congo,1981,1624.7418402961473
COD,D.R. of the Congo,1982,1577.752234719132
COD,D.R. of the Congo,1983,1561.2967400906562
COD,D.R. of the Congo,1984,1607.2614119398756
COD,D.R. of the Congo,1985,1573.6071770015367
COD,D.R. of the Congo,1986,1604.7495872576135
COD,D.R. of the Congo,1987,1603.5811057019148
COD,D.R. of the Congo,1988,1565.7197558870744
COD,D.R. of the Congo,1989,1498.7198803722622
COD,D.R. of the Congo,1990,1353.79259407993
COD,D.R. of the Congo,1991,1194.9043528471066
COD,D.R. of the Congo,1992,1028.452120348035
COD,D.R. of the Congo,1993,855.8423022736927
COD,D.R. of the Congo,1994,793.0548558223121
COD,D.R. of the Congo,1995,773.2239934736075
COD,D.R. of the Congo,1996,744.2913860151505
COD,D.R. of the Congo,1997,685.5014883695305
COD,D.R. of the Congo,1998,659.1724566219672
COD,D.R. of the Congo,1999,616.4773938253148
COD,D.R. of the Congo,2000,559.5201759914214
COD,D.R. of the Congo,2001,532.8499506017613
COD,D.R. of the Congo,2002,532.6863121656058
COD,D.R. of the Congo,2003,545.3865576875905
COD,D.R. of the Congo,2004,564.0938362831323
COD,D.R. of the Congo,2005,579.9250020551364
COD,D.R. of the Congo,2006,591.4300964891086
COD,D.R. of the Congo,2007,608.2840897017135
COD,D.R. of the Congo,2008,625.220552249907
COD,D.R. of the Congo,2009,622.0937485179073
COD,D.R. of the Congo,2010,644.4829853318689
COD,D.R. of the Congo,2011,666.17513225807
COD,D.R. of the Congo,2012,689.9601525549384
COD,D.R. of the Congo,2013,723.951267131351
COD,D.R. of the Congo,2014,766.6351704578094
COD,D.R. of the Congo,2015,793.0512217741024
COD,D.R. of the Congo,2016,785.8930024821324
COD,D.R. of the Congo,2017,788.8812719015191
COG,Congo,1950,
COG,Congo,1951,
COG,Congo,1952,
COG,Congo,1953,
COG,Congo,1954,
COG,Congo,1955,
COG,Congo,1956,
COG,Congo,1957,
COG,Congo,1958,
COG,Congo,1959,
COG,Congo,1960,2290.9612248142507
COG,Congo,1961,2640.600721425636
COG,Congo,1962,2533.023132775304
COG,Congo,1963,2352.447602196138
COG,Congo,1964,2369.4332132243235
COG,Congo,1965,2416.3712435850907
COG,Congo,1966,2498.9499737757046
COG,Congo,1967,2736.362605342532
COG,Congo,1968,2922.410287590801
COG,Congo,1969,3159.5635670977485
COG,Congo,1970,3457.705252208155
COG,Congo,1971,3657.7971264156545
COG,Congo,1972,3693.8797165381216
COG,Congo,1973,4203.303285882017
COG,Congo,1974,4042.7416450052024
COG,Congo,1975,3888.524560512121
COG,Congo,1976,3954.2439850625074
COG,Congo,1977,3557.484844594868
COG,Congo,1978,3663.88279855042
COG,Congo,1979,3959.942480258889
COG,Congo,1980,4333.934597345234
COG,Congo,1981,5101.735029657868
COG,Congo,1982,6121.514527126695
COG,Congo,1983,6278.381507919612
COG,Congo,1984,6539.65918375331
COG,Congo,1985,6283.098555296965
COG,Congo,1986,5689.529502341413
COG,Congo,1987,5545.450763615061
COG,Congo,1988,5491.525457944668
COG,Congo,1989,5438.639745004727
COG,Congo,1990,5345.892721459698
COG,Congo,1991,5327.012106817277
COG,Congo,1992,5319.237269172466
COG,Congo,1993,5124.987702600541
COG,Congo,1994,4711.836239292718
COG,Congo,1995,4765.266756732872
COG,Congo,1996,4929.052485025611
COG,Congo,1997,4673.797902743696
COG,Congo,1998,4705.408081540719
COG,Congo,1999,4454.540661355957
COG,Congo,2000,4659.125525071041
COG,Congo,2001,4705.226890252315
COG,Congo,2002,4788.8833434069475
COG,Congo,2003,4696.169353310087
COG,Congo,2004,4724.99517692568
COG,Congo,2005,4932.000294793007
COG,Congo,2006,5395.366306876227
COG,Congo,2007,4868.869202409652
COG,Congo,2008,5000.862835859118
COG,Congo,2009,5451.058147604424
COG,Congo,2010,6076.83397810678
COG,Congo,2011,5975.555723693242
COG,Congo,2012,6378.486060136405
COG,Congo,2013,6062.961879602663
COG,Congo,2014,6488.668097705387
COG,Congo,2015,5493.354956330392
COG,Congo,2016,5202.37799699383
COG,Congo,2017,4911.552928539502
COL,Colombia,1950,3597.677777219274
COL,Colombia,1951,3567.417869119931
COL,Colombia,1952,3684.6581772319223
COL,Colombia,1953,3849.6261844709334
COL,Colombia,1954,4015.676252907737
COL,Colombia,1955,4056.1951984083757
COL,Colombia,1956,4029.481310769406
COL,Colombia,1957,3922.761641401877
COL,Colombia,1958,3836.7196537725927
COL,Colombia,1959,3964.20907181274
COL,Colombia,1960,4058.923280786785
COL,Colombia,1961,4159.4734517539
COL,Colombia,1962,4224.48795560205
COL,Colombia,1963,4218.024372334858
COL,Colombia,1964,4414.495437486467
COL,Colombia,1965,4326.944874182911
COL,Colombia,1966,4435.7517095162975
COL,Colombia,1967,4480.171672735606
COL,Colombia,1968,4642.517375017018
COL,Colombia,1969,4818.183329992007
COL,Colombia,1970,5021.205466773385
COL,Colombia,1971,5190.911557678045
COL,Colombia,1972,5459.874236022461
COL,Colombia,1973,5697.057214673994
COL,Colombia,1974,5891.625459897772
COL,Colombia,1975,5894.829041030022
COL,Colombia,1976,6035.4686755879875
COL,Colombia,1977,6145.286396105031
COL,Colombia,1978,6515.61938044179
COL,Colombia,1979,6711.288214213949
COL,Colombia,1980,6828.354150899597
COL,Colombia,1981,6826.781750178839
COL,Colombia,1982,6736.9296865704155
COL,Colombia,1983,6690.849458236948
COL,Colombia,1984,6763.980994306375
COL,Colombia,1985,6825.3590301233335
COL,Colombia,1986,7072.783776337379
COL,Colombia,1987,7301.607777149241
COL,Colombia,1988,7448.303320773734
COL,Colombia,1989,7553.945753757252
COL,Colombia,1990,7728.663077361795
COL,Colombia,1991,7737.689256037858
COL,Colombia,1992,7905.340924383077
COL,Colombia,1993,8209.796749016512
COL,Colombia,1994,8485.077673659755
COL,Colombia,1995,8779.065834861083
COL,Colombia,1996,8816.604328266127
COL,Colombia,1997,8978.315031542637
COL,Colombia,1998,8893.997634253124
COL,Colombia,1999,8394.874406203206
COL,Colombia,2000,8515.379524567596
COL,Colombia,2001,8534.696348266067
COL,Colombia,2002,8625.596526653524
COL,Colombia,2003,8840.30769183176
COL,Colombia,2004,9187.092635349565
COL,Colombia,2005,9494.710673296058
COL,Colombia,2006,10003.492699251849
COL,Colombia,2007,10563.939036460919
COL,Colombia,2008,10810.244538266383
COL,Colombia,2009,10864.260765521201
COL,Colombia,2010,11172.296813610756
COL,Colombia,2011,11783.128894906904
COL,Colombia,2012,12135.464065876287
COL,Colombia,2013,12602.890273988825
COL,Colombia,2014,13033.025053639996
COL,Colombia,2015,13309.15807190803
COL,Colombia,2016,13462.515982758934
COL,Colombia,2017,13585.445288465926
COM,Comoros,1950,
COM,Comoros,1951,
COM,Comoros,1952,
COM,Comoros,1953,
COM,Comoros,1954,
COM,Comoros,1955,
COM,Comoros,1956,
COM,Comoros,1957,
COM,Comoros,1958,
COM,Comoros,1959,
COM,Comoros,1960,1763.1777111718902
COM,Comoros,1961,1849.2325660050262
COM,Comoros,1962,2055.6957690624995
COM,Comoros,1963,2265.384633851284
COM,Comoros,1964,2454.1531720286357
COM,Comoros,1965,2391.2218122086306
COM,Comoros,1966,2590.588130290284
COM,Comoros,1967,2798.802041809656
COM,Comoros,1968,2733.9258939780184
COM,Comoros,1969,2606.453982079655
COM,Comoros,1970,2608.4499071926616
COM,Comoros,1971,2666.9141391540234
COM,Comoros,1972,2673.5370676261296
COM,Comoros,1973,2810.8638720928348
COM,Comoros,1974,2827.9948278318293
COM,Comoros,1975,2929.790860978875
COM,Comoros,1976,2842.6127640205186
COM,Comoros,1977,2849.032764065979
COM,Comoros,1978,2825.7322346667333
COM,Comoros,1979,2983.434928688942
COM,Comoros,1980,3095.688943438801
COM,Comoros,1981,3116.355828187403
COM,Comoros,1982,3220.5829011697006
COM,Comoros,1983,3283.9430672289277
COM,Comoros,1984,3326.190869475695
COM,Comoros,1985,3298.4677835148227
COM,Comoros,1986,3268.5611173134325
COM,Comoros,1987,3226.0143001959736
COM,Comoros,1988,3216.149683470973
COM,Comoros,1989,3071.13929941052
COM,Comoros,1990,3007.303500483704
COM,Comoros,1991,2972.1995574918783
COM,Comoros,1992,3132.807275866866
COM,Comoros,1993,3134.8527278689376
COM,Comoros,1994,2885.9119368464353
COM,Comoros,1995,2907.590989824228
COM,Comoros,1996,2790.9410701460088
COM,Comoros,1997,2831.4972657022
COM,Comoros,1998,2789.4163957112823
COM,Comoros,1999,2770.5987508032367
COM,Comoros,2000,2766.2786532564305
COM,Comoros,2001,2761.019768879809
COM,Comoros,2002,2757.1140644839484
COM,Comoros,2003,2748.732534633841
COM,Comoros,2004,2735.2197646744257
COM,Comoros,2005,2745.6100395753797
COM,Comoros,2006,2752.983815965923
COM,Comoros,2007,2255.1689023150434
COM,Comoros,2008,2360.86380825377
COM,Comoros,2009,2379.3653890842506
COM,Comoros,2010,2434.1606373813056
COM,Comoros,2011,2515.922278992205
COM,Comoros,2012,2610.773226155489
COM,Comoros,2013,2776.2205953817775
COM,Comoros,2014,2816.4412151470096
COM,Comoros,2015,2805.893512072765
COM,Comoros,2016,2854.742585105567
COM,Comoros,2017,2885.9963927745334
CPV,Cabo Verde,1950,
CPV,Cabo Verde,1951,
CPV,Cabo Verde,1952,
CPV,Cabo Verde,1953,
CPV,Cabo Verde,1954,
CPV,Cabo Verde,1955,
CPV,Cabo Verde,1956,
CPV,Cabo Verde,1957,
CPV,Cabo Verde,1958,
CPV,Cabo Verde,1959,
CPV,Cabo Verde,1960,1448.007046451264
CPV,Cabo Verde,1961,1526.3139070238271
CPV,Cabo Verde,1962,1319.0919076052078
CPV,Cabo Verde,1963,1151.792346572163
CPV,Cabo Verde,1964,1213.0897454472242
CPV,Cabo Verde,1965,1215.7116258598078
CPV,Cabo Verde,1966,1428.8377230395029
CPV,Cabo Verde,1967,1595.5159899270952
CPV,Cabo Verde,1968,1697.673944128092
CPV,Cabo Verde,1969,1780.4795164818
CPV,Cabo Verde,1970,1924.6852478412977
CPV,Cabo Verde,1971,2007.1919968062073
CPV,Cabo Verde,1972,2048.6749180719253
CPV,Cabo Verde,1973,2086.4802810266383
CPV,Cabo Verde,1974,2141.3511215761514
CPV,Cabo Verde,1975,1778.4405130199746
CPV,Cabo Verde,1976,1807.2851384046412
CPV,Cabo Verde,1977,1704.168600318996
CPV,Cabo Verde,1978,1848.9490069751812
CPV,Cabo Verde,1979,1883.2408446799125
CPV,Cabo Verde,1980,1953.007640078401
CPV,Cabo Verde,1981,2082.1189619744223
CPV,Cabo Verde,1982,2100.016770776026
CPV,Cabo Verde,1983,2253.8562382726177
CPV,Cabo Verde,1984,2293.5266436897587
CPV,Cabo Verde,1985,2446.878722974292
CPV,Cabo Verde,1986,2476.9441763226105
CPV,Cabo Verde,1987,2546.208084792274
CPV,Cabo Verde,1988,2659.7851106070157
CPV,Cabo Verde,1989,2765.12391784515
CPV,Cabo Verde,1990,2729.596814938481
CPV,Cabo Verde,1991,2704.3097374027193
CPV,Cabo Verde,1992,2715.5623565122946
CPV,Cabo Verde,1993,2835.7971978813434
CPV,Cabo Verde,1994,2951.138944545181
CPV,Cabo Verde,1995,3090.8936292585986
CPV,Cabo Verde,1996,3218.1111803666054
CPV,Cabo Verde,1997,3384.1327520623804
CPV,Cabo Verde,1998,3588.435739508846
CPV,Cabo Verde,1999,3929.6996162888668
CPV,Cabo Verde,2000,4130.0239403873975
CPV,Cabo Verde,2001,4298.164753990497
CPV,Cabo Verde,2002,4441.238668456598
CPV,Cabo Verde,2003,4567.987162745623
CPV,Cabo Verde,2004,4686.93104865717
CPV,Cabo Verde,2005,4919.939312425341
CPV,Cabo Verde,2006,5348.714174221564
CPV,Cabo Verde,2007,5743.91757949933
CPV,Cabo Verde,2008,6060.063395326101
CPV,Cabo Verde,2009,5919.988845286134
CPV,Cabo Verde,2010,5942.005834990683
CPV,Cabo Verde,2011,6108.7344989837675
CPV,Cabo Verde,2012,6103.80088706267
CPV,Cabo Verde,2013,6080.320210792101
CPV,Cabo Verde,2014,6043.910529956401
CPV,Cabo Verde,2015,6030.582297885608
CPV,Cabo Verde,2016,6236.580540196436
CPV,Cabo Verde,2017,6405.80704586157
CRI,Costa Rica,1950,3020.7300839060777
CRI,Costa Rica,1951,3025.204397779265
CRI,Costa Rica,1952,3289.7692716105917
CRI,Costa Rica,1953,3732.89344043956
CRI,Costa Rica,1954,3744.7985020052265
CRI,Costa Rica,1955,3989.3543593606096
CRI,Costa Rica,1956,3792.120062997828
CRI,Costa Rica,1957,3901.8963977461076
CRI,Costa Rica,1958,4197.955434284213
CRI,Costa Rica,1959,4156.842345426065
CRI,Costa Rica,1960,4329.20779838202
CRI,Costa Rica,1961,4136.793912352565
CRI,Costa Rica,1962,4272.79742204407
CRI,Costa Rica,1963,4387.158289048868
CRI,Costa Rica,1964,4442.565837592086
CRI,Costa Rica,1965,4774.899698981627
CRI,Costa Rica,1966,4892.050979281704
CRI,Costa Rica,1967,5005.700226289886
CRI,Costa Rica,1968,5260.743942398144
CRI,Costa Rica,1969,5394.177843349407
CRI,Costa Rica,1970,5637.076618272537
CRI,Costa Rica,1971,5861.432656577225
CRI,Costa Rica,1972,6182.5371564077495
CRI,Costa Rica,1973,6496.383099492374
CRI,Costa Rica,1974,6690.023916005316
CRI,Costa Rica,1975,6662.000305049983
CRI,Costa Rica,1976,6852.56826960029
CRI,Costa Rica,1977,7272.586368735171
CRI,Costa Rica,1978,7528.974653100492
CRI,Costa Rica,1979,7695.474631759404
CRI,Costa Rica,1980,7550.17878942913
CRI,Costa Rica,1981,7184.667837961528
CRI,Costa Rica,1982,6484.12071663004
CRI,Costa Rica,1983,6492.454828291737
CRI,Costa Rica,1984,6829.506765188427
CRI,Costa Rica,1985,6701.214606319634
CRI,Costa Rica,1986,6893.083821754069
CRI,Costa Rica,1987,7042.437807630147
CRI,Costa Rica,1988,7105.629142540015
CRI,Costa Rica,1989,7323.188009952287
CRI,Costa Rica,1990,7394.61333985529
CRI,Costa Rica,1991,7372.230911161978
CRI,Costa Rica,1992,7848.026971840655
CRI,Costa Rica,1993,8194.118561481055
CRI,Costa Rica,1994,8350.15529846832
CRI,Costa Rica,1995,8483.231484267724
CRI,Costa Rica,1996,8383.35209572241
CRI,Costa Rica,1997,8643.23261884391
CRI,Costa Rica,1998,9037.225884412243
CRI,Costa Rica,1999,9195.044768791598
CRI,Costa Rica,2000,9360.907201510727
CRI,Costa Rica,2001,9514.692593531541
CRI,Costa Rica,2002,9667.273259587108
CRI,Costa Rica,2003,9925.339210589284
CRI,Costa Rica,2004,10204.722085459867
CRI,Costa Rica,2005,10448.011006841665
CRI,Costa Rica,2006,11045.713229036783
CRI,Costa Rica,2007,11782.004521416047
CRI,Costa Rica,2008,12162.697750629679
CRI,Costa Rica,2009,11886.979235551193
CRI,Costa Rica,2010,12319.109279600416
CRI,Costa Rica,2011,12695.542509482622
CRI,Costa Rica,2012,13151.176810738078
CRI,Costa Rica,2013,13300.18119912081
CRI,Costa Rica,2014,13619.637070001567
CRI,Costa Rica,2015,13966.665190407904
CRI,Costa Rica,2016,14399.15310893447
CRI,Costa Rica,2017,14711.863093804526
CUW,Curaçao,1950,
CUW,Curaçao,1951,
CUW,Curaçao,1952,
CUW,Curaçao,1953,
CUW,Curaçao,1954,
CUW,Curaçao,1955,
CUW,Curaçao,1956,
CUW,Curaçao,1957,
CUW,Curaçao,1958,
CUW,Curaçao,1959,
CUW,Curaçao,1960,
CUW,Curaçao,1961,
CUW,Curaçao,1962,
CUW,Curaçao,1963,
CUW,Curaçao,1964,
CUW,Curaçao,1965,
CUW,Curaçao,1966,
CUW,Curaçao,1967,
CUW,Curaçao,1968,
CUW,Curaçao,1969,
CUW,Curaçao,1970,
CUW,Curaçao,1971,
CUW,Curaçao,1972,
CUW,Curaçao,1973,
CUW,Curaçao,1974,
CUW,Curaçao,1975,
CUW,Curaçao,1976,
CUW,Curaçao,1977,
CUW,Curaçao,1978,
CUW,Curaçao,1979,
CUW,Curaçao,1980,
CUW,Curaçao,1981,
CUW,Curaçao,1982,
CUW,Curaçao,1983,
CUW,Curaçao,1984,
CUW,Curaçao,1985,
CUW,Curaçao,1986,
CUW,Curaçao,1987,
CUW,Curaçao,1988,
CUW,Curaçao,1989,
CUW,Curaçao,1990,
CUW,Curaçao,1991,
CUW,Curaçao,1992,
CUW,Curaçao,1993,
CUW,Curaçao,1994,
CUW,Curaçao,1995,
CUW,Curaçao,1996,
CUW,Curaçao,1997,
CUW,Curaçao,1998,
CUW,Curaçao,1999,
CUW,Curaçao,2000,
CUW,Curaçao,2001,
CUW,Curaçao,2002,
CUW,Curaçao,2003,
CUW,Curaçao,2004,
CUW,Curaçao,2005,26064.326887812684
CUW,Curaçao,2006,25987.81033838413
CUW,Curaçao,2007,25922.18336178861
CUW,Curaçao,2008,25687.088856204588
CUW,Curaçao,2009,24804.50669137038
CUW,Curaçao,2010,24206.855730181072
CUW,Curaçao,2011,23872.390753519627
CUW,Curaçao,2012,23466.48748396632
CUW,Curaçao,2013,22993.075102175833
CUW,Curaçao,2014,22496.37082476362
CUW,Curaçao,2015,22345.198145236445
CUW,Curaçao,2016,21935.805813208026
CUW,Curaçao,2017,21397.358739014453
CYM,Cayman Islands,1950,
CYM,Cayman Islands,1951,
CYM,Cayman Islands,1952,
CYM,Cayman Islands,1953,
CYM,Cayman Islands,1954,
CYM,Cayman Islands,1955,
CYM,Cayman Islands,1956,
CYM,Cayman Islands,1957,
CYM,Cayman Islands,1958,
CYM,Cayman Islands,1959,
CYM,Cayman Islands,1960,
CYM,Cayman Islands,1961,
CYM,Cayman Islands,1962,
CYM,Cayman Islands,1963,
CYM,Cayman Islands,1964,
CYM,Cayman Islands,1965,
CYM,Cayman Islands,1966,
CYM,Cayman Islands,1967,
CYM,Cayman Islands,1968,
CYM,Cayman Islands,1969,
CYM,Cayman Islands,1970,19021.368821084867
CYM,Cayman Islands,1971,18729.72321260829
CYM,Cayman Islands,1972,19139.644376479875
CYM,Cayman Islands,1973,20570.646049703264
CYM,Cayman Islands,1974,21203.32822229953
CYM,Cayman Islands,1975,21882.73357562888
CYM,Cayman Islands,1976,22612.35127476578
CYM,Cayman Islands,1977,23380.537237193847
CYM,Cayman Islands,1978,24258.10666393834
CYM,Cayman Islands,1979,25308.082893032897
CYM,Cayman Islands,1980,26578.008657467602
CYM,Cayman Islands,1981,28118.44460063137
CYM,Cayman Islands,1982,29892.69048209896
CYM,Cayman Islands,1983,32773.83189021378
CYM,Cayman Islands,1984,34001.9523756648
CYM,Cayman Islands,1985,33776.37130948066
CYM,Cayman Islands,1986,34726.57768999061
CYM,Cayman Islands,1987,36024.31010470547
CYM,Cayman Islands,1988,38949.65716347249
CYM,Cayman Islands,1989,40185.36358512786
CYM,Cayman Islands,1990,43244.575440040964
CYM,Cayman Islands,1991,41815.007896845076
CYM,Cayman Islands,1992,41227.71275097477
CYM,Cayman Islands,1993,41327.985408084896
CYM,Cayman Islands,1994,41480.24764598237
CYM,Cayman Islands,1995,41253.66698491832
CYM,Cayman Islands,1996,40905.849320482426
CYM,Cayman Islands,1997,40656.11478495379
CYM,Cayman Islands,1998,49958.452755696875
CYM,Cayman Islands,1999,48966.378944775446
CYM,Cayman Islands,2000,47217.02532643209
CYM,Cayman Islands,2001,45694.26472191026
CYM,Cayman Islands,2002,45005.152666867216
CYM,Cayman Islands,2003,44618.614986934364
CYM,Cayman Islands,2004,43809.57580901127
CYM,Cayman Islands,2005,45385.45102247026
CYM,Cayman Islands,2006,46136.55739714492
CYM,Cayman Islands,2007,46253.3721518415
CYM,Cayman Islands,2008,44831.50891811208
CYM,Cayman Islands,2009,40566.367379649586
CYM,Cayman Islands,2010,38591.653222266505
CYM,Cayman Islands,2011,38303.04372111484
CYM,Cayman Islands,2012,38137.780068185246
CYM,Cayman Islands,2013,38064.543677511094
CYM,Cayman Islands,2014,38546.03373984259
CYM,Cayman Islands,2015,39115.190202544734
CYM,Cayman Islands,2016,39963.670104950885
CYM,Cayman Islands,2017,40358.07716756408
CYP,Cyprus,1950,2756.698982320394
CYP,Cyprus,1951,2753.0264835147213
CYP,Cyprus,1952,3005.9874525647965
CYP,Cyprus,1953,3274.0798275899087
CYP,Cyprus,1954,3297.0124947098334
CYP,Cyprus,1955,3407.144030345955
CYP,Cyprus,1956,3956.713637429004
CYP,Cyprus,1957,4297.4467113275405
CYP,Cyprus,1958,3903.410617819849
CYP,Cyprus,1959,4056.9713465409327
CYP,Cyprus,1960,3567.550974843545
CYP,Cyprus,1961,3853.2234346600712
CYP,Cyprus,1962,4242.648036777875
CYP,Cyprus,1963,4415.074250853721
CYP,Cyprus,1964,3956.8100214659758
CYP,Cyprus,1965,4764.8483097372655
CYP,Cyprus,1966,5066.977341917505
CYP,Cyprus,1967,5679.54732635434
CYP,Cyprus,1968,5944.054226360939
CYP,Cyprus,1969,6473.8061287792825
CYP,Cyprus,1970,6609.469453356189
CYP,Cyprus,1971,7379.39022508567
CYP,Cyprus,1972,7799.1447664016005
CYP,Cyprus,1973,7908.528843968612
CYP,Cyprus,1974,8017.7272217657855
CYP,Cyprus,1975,6730.374539799638
CYP,Cyprus,1976,8008.5954286455935
CYP,Cyprus,1977,9279.279170736567
CYP,Cyprus,1978,9946.615635761227
CYP,Cyprus,1979,10850.30522506265
CYP,Cyprus,1980,11370.626465025322
CYP,Cyprus,1981,11571.931254382598
CYP,Cyprus,1982,12162.995134366303
CYP,Cyprus,1983,12644.815055815296
CYP,Cyprus,1984,13575.276200499127
CYP,Cyprus,1985,14046.897992658567
CYP,Cyprus,1986,14411.454396784726
CYP,Cyprus,1987,15261.408308553255
CYP,Cyprus,1988,16351.263431510251
CYP,Cyprus,1989,17418.34576227617
CYP,Cyprus,1990,18382.356307996084
CYP,Cyprus,1991,18024.201451856752
CYP,Cyprus,1992,19216.79735683588
CYP,Cyprus,1993,18881.275288689914
CYP,Cyprus,1994,19559.587151110463
CYP,Cyprus,1995,21114.07453523899
CYP,Cyprus,1996,21047.74571515091
CYP,Cyprus,1997,21297.34157243607
CYP,Cyprus,1998,22315.98209316844
CYP,Cyprus,1999,23175.33067118491
CYP,Cyprus,2000,24302.813818198978
CYP,Cyprus,2001,24985.954321048255
CYP,Cyprus,2002,25613.033437380123
CYP,Cyprus,2003,25983.456887595425
CYP,Cyprus,2004,26909.11073880602
CYP,Cyprus,2005,27811.610064275003
CYP,Cyprus,2006,28640.69068284233
CYP,Cyprus,2007,29466.776438432116
CYP,Cyprus,2008,29784.02649550994
CYP,Cyprus,2009,28410.7935490756
CYP,Cyprus,2010,28046.96962207853
CYP,Cyprus,2011,27450.781259677467
CYP,Cyprus,2012,26257.573602714278
CYP,Cyprus,2013,24792.65925039786
CYP,Cyprus,2014,24738.045603222177
CYP,Cyprus,2015,25387.12031512241
CYP,Cyprus,2016,26567.601267218593
CYP,Cyprus,2017,27470.53118062762
CZE,Czech Republic,1950,
CZE,Czech Republic,1951,
CZE,Czech Republic,1952,
CZE,Czech Republic,1953,
CZE,Czech Republic,1954,
CZE,Czech Republic,1955,
CZE,Czech Republic,1956,
CZE,Czech Republic,1957,
CZE,Czech Republic,1958,
CZE,Czech Republic,1959,
CZE,Czech Republic,1960,
CZE,Czech Republic,1961,
CZE,Czech Republic,1962,
CZE,Czech Republic,1963,
CZE,Czech Republic,1964,
CZE,Czech Republic,1965,
CZE,Czech Republic,1966,
CZE,Czech Republic,1967,
CZE,Czech Republic,1968,
CZE,Czech Republic,1969,
CZE,Czech Republic,1970,
CZE,Czech Republic,1971,
CZE,Czech Republic,1972,
CZE,Czech Republic,1973,
CZE,Czech Republic,1974,
CZE,Czech Republic,1975,
CZE,Czech Republic,1976,
CZE,Czech Republic,1977,
CZE,Czech Republic,1978,
CZE,Czech Republic,1979,
CZE,Czech Republic,1980,
CZE,Czech Republic,1981,
CZE,Czech Republic,1982,
CZE,Czech Republic,1983,
CZE,Czech Republic,1984,
CZE,Czech Republic,1985,
CZE,Czech Republic,1986,
CZE,Czech Republic,1987,
CZE,Czech Republic,1988,
CZE,Czech Republic,1989,
CZE,Czech Republic,1990,18845.34971971487
CZE,Czech Republic,1991,16647.488532307536
CZE,Czech Republic,1992,16552.65366367987
CZE,Czech Republic,1993,16553.861813850323
CZE,Czech Republic,1994,17031.73242752149
CZE,Czech Republic,1995,18096.21227842375
CZE,Czech Republic,1996,18874.75056892351
CZE,Czech Republic,1997,18784.24663090963
CZE,Czech Republic,1998,18749.892710683223
CZE,Czech Republic,1999,19049.62848440447
CZE,Czech Republic,2000,19895.341873411387
CZE,Czech Republic,2001,20510.708589285838
CZE,Czech Republic,2002,20887.808081522224
CZE,Czech Republic,2003,21668.211035164222
CZE,Czech Republic,2004,22730.799247941333
CZE,Czech Republic,2005,24171.906928267366
CZE,Czech Republic,2006,25727.931409106444
CZE,Czech Republic,2007,27016.43669761822
CZE,Czech Republic,2008,27562.232819266083
CZE,Czech Republic,2009,26080.779612780047
CZE,Czech Republic,2010,26548.54110907872
CZE,Czech Republic,2011,26937.62000453584
CZE,Czech Republic,2012,26676.62675062617
CZE,Czech Republic,2013,26528.23614783291
CZE,Czech Republic,2014,27238.11252621355
CZE,Czech Republic,2015,28670.08515101792
CZE,Czech Republic,2016,29352.76806866919
CZE,Czech Republic,2017,30589.50340964549
DEU,Germany,1950,6436.875611220864
DEU,Germany,1951,7026.738433445137
DEU,Germany,1952,7641.135639579198
DEU,Germany,1953,8274.367053266844
DEU,Germany,1954,8864.233652276725
DEU,Germany,1955,9876.539661667064
DEU,Germany,1956,10572.696737639177
DEU,Germany,1957,11141.198317392018
DEU,Germany,1958,11558.438971006892
DEU,Germany,1959,12376.643336269428
DEU,Germany,1960,13336.777102597938
DEU,Germany,1961,13887.277790590348
DEU,Germany,1962,14422.081282110357
DEU,Germany,1963,14685.54356240097
DEU,Germany,1964,15463.038397665228
DEU,Germany,1965,16235.574697827586
DEU,Germany,1966,16498.55095782879
DEU,Germany,1967,16389.74264738677
DEU,Germany,1968,17171.72633803917
DEU,Germany,1969,18334.503303743248
DEU,Germany,1970,19131.89268909006
DEU,Germany,1971,19677.738794144978
DEU,Germany,1972,20494.007538595248
DEU,Germany,1973,21463.732789715872
DEU,Germany,1974,21659.972966911773
DEU,Germany,1975,21486.0458082565
DEU,Germany,1976,22570.054016475642
DEU,Germany,1977,23352.995847820755
DEU,Germany,1978,24090.000376233107
DEU,Germany,1979,25132.823453246623
DEU,Germany,1980,25537.092737001625
DEU,Germany,1981,25729.602065541363
DEU,Germany,1982,25687.607317702004
DEU,Germany,1983,26143.434007783264
DEU,Germany,1984,26911.110137972246
DEU,Germany,1985,27532.9452732981
DEU,Germany,1986,28119.273576072093
DEU,Germany,1987,28434.427951536094
DEU,Germany,1988,29375.678802208404
DEU,Germany,1989,30380.11902033401
DEU,Germany,1990,31813.834189563047
DEU,Germany,1991,33251.47281132327
DEU,Germany,1992,33687.21338743021
DEU,Germany,1993,33168.72608691455
DEU,Germany,1994,33811.24313988317
DEU,Germany,1995,34267.68733591412
DEU,Germany,1996,34469.15410964655
DEU,Germany,1997,35074.887323119954
DEU,Germany,1998,35769.51610939912
DEU,Germany,1999,36488.188987641784
DEU,Germany,2000,37566.156495069816
DEU,Germany,2001,38180.54549190468
DEU,Germany,2002,38144.98132744105
DEU,Germany,2003,37839.58815599008
DEU,Germany,2004,38268.63475340145
DEU,Germany,2005,38560.048510926055
DEU,Germany,2006,40051.01676782843
DEU,Germany,2007,41456.48664315368
DEU,Germany,2008,42015.46119580247
DEU,Germany,2009,39735.64613842851
DEU,Germany,2010,41393.0463126669
DEU,Germany,2011,42887.24745491751
DEU,Germany,2012,43027.941065823405
DEU,Germany,2013,43132.76752461729
DEU,Germany,2014,43950.79884523713
DEU,Germany,2015,44595.71912799592
DEU,Germany,2016,45480.50270336885
DEU,Germany,2017,46348.6551064883
DJI,Djibouti,1950,
DJI,Djibouti,1951,
DJI,Djibouti,1952,
DJI,Djibouti,1953,
DJI,Djibouti,1954,
DJI,Djibouti,1955,
DJI,Djibouti,1956,
DJI,Djibouti,1957,
DJI,Djibouti,1958,
DJI,Djibouti,1959,
DJI,Djibouti,1960,
DJI,Djibouti,1961,
DJI,Djibouti,1962,
DJI,Djibouti,1963,
DJI,Djibouti,1964,
DJI,Djibouti,1965,
DJI,Djibouti,1966,
DJI,Djibouti,1967,
DJI,Djibouti,1968,
DJI,Djibouti,1969,
DJI,Djibouti,1970,5129.736984820611
DJI,Djibouti,1971,5136.439069887151
DJI,Djibouti,1972,5017.324580510002
DJI,Djibouti,1973,4954.201674467907
DJI,Djibouti,1974,4439.473818636124
DJI,Djibouti,1975,4521.579359947255
DJI,Djibouti,1976,4431.524166406876
DJI,Djibouti,1977,3498.763724791231
DJI,Djibouti,1978,2908.684365114755
DJI,Djibouti,1979,2806.0047718524725
DJI,Djibouti,1980,2751.208274588743
DJI,Djibouti,1981,2710.3438615572422
DJI,Djibouti,1982,2682.2107481000653
DJI,Djibouti,1983,2656.6243811258373
DJI,Djibouti,1984,2591.14865152015
DJI,Djibouti,1985,2466.888590189774
DJI,Djibouti,1986,2283.329399456897
DJI,Djibouti,1987,2126.3005845261223
DJI,Djibouti,1988,1994.5044845843374
DJI,Djibouti,1989,1822.528942719703
DJI,Djibouti,1990,1842.197526430026
DJI,Djibouti,1991,1735.8754904275168
DJI,Djibouti,1992,1813.1170548532525
DJI,Djibouti,1993,1890.280721062659
DJI,Djibouti,1994,1833.006434858153
DJI,Djibouti,1995,1911.0505416789956
DJI,Djibouti,1996,1776.3003372334458
DJI,Djibouti,1997,1809.524685027332
DJI,Djibouti,1998,1754.0028105409856
DJI,Djibouti,1999,1754.9607352597943
DJI,Djibouti,2000,1724.4122233191217
DJI,Djibouti,2001,1719.0915118995679
DJI,Djibouti,2002,1742.5622403344673
DJI,Djibouti,2003,1768.7110351521026
DJI,Djibouti,2004,1793.0850684654652
DJI,Djibouti,2005,1820.927320939264
DJI,Djibouti,2006,2018.7969419408914
DJI,Djibouti,2007,2085.1830931193817
DJI,Djibouti,2008,2153.439979750891
DJI,Djibouti,2009,2234.126744762793
DJI,Djibouti,2010,2273.4558884712496
DJI,Djibouti,2011,2335.181153681972
DJI,Djibouti,2012,2404.9222445055366
DJI,Djibouti,2013,2481.510474885543
DJI,Djibouti,2014,2657.0181477667284
DJI,Djibouti,2015,2866.400119040687
DJI,Djibouti,2016,3067.0766832322583
DJI,Djibouti,2017,3143.6478496851505
DMA,Dominica,1950,
DMA,Dominica,1951,
DMA,Dominica,1952,
DMA,Dominica,1953,
DMA,Dominica,1954,
DMA,Dominica,1955,
DMA,Dominica,1956,
DMA,Dominica,1957,
DMA,Dominica,1958,
DMA,Dominica,1959,
DMA,Dominica,1960,
DMA,Dominica,1961,
DMA,Dominica,1962,
DMA,Dominica,1963,
DMA,Dominica,1964,
DMA,Dominica,1965,
DMA,Dominica,1966,
DMA,Dominica,1967,
DMA,Dominica,1968,
DMA,Dominica,1969,
DMA,Dominica,1970,2142.527288455787
DMA,Dominica,1971,2284.6386151278366
DMA,Dominica,1972,2453.38230806132
DMA,Dominica,1973,2661.8097956119036
DMA,Dominica,1974,2833.2965337625806
DMA,Dominica,1975,2908.5822272507803
DMA,Dominica,1976,3087.1360973973196
DMA,Dominica,1977,3134.6570309085682
DMA,Dominica,1978,3465.5622532166863
DMA,Dominica,1979,2798.698838804106
DMA,Dominica,1980,3183.591935098388
DMA,Dominica,1981,3565.4350451856726
DMA,Dominica,1982,3722.24066959263
DMA,Dominica,1983,3844.839430621192
DMA,Dominica,1984,4085.5579988831605
DMA,Dominica,1985,4170.298819579578
DMA,Dominica,1986,4502.943376804791
DMA,Dominica,1987,4890.674033439271
DMA,Dominica,1988,5362.186026656241
DMA,Dominica,1989,5376.4750979678465
DMA,Dominica,1990,5686.764952763516
DMA,Dominica,1991,5795.679918570337
DMA,Dominica,1992,5943.409580715929
DMA,Dominica,1993,5908.003665552746
DMA,Dominica,1994,5978.879755945809
DMA,Dominica,1995,6097.373367652542
DMA,Dominica,1996,6331.300172360677
DMA,Dominica,1997,6525.17898004072
DMA,Dominica,1998,6775.757748979338
DMA,Dominica,1999,6856.918974050914
DMA,Dominica,2000,6923.050163171687
DMA,Dominica,2001,6947.11190536977
DMA,Dominica,2002,6790.556383597773
DMA,Dominica,2003,7282.966478334969
DMA,Dominica,2004,7444.5940405287965
DMA,Dominica,2005,7394.481283049332
DMA,Dominica,2006,7712.673205680986
DMA,Dominica,2007,8155.735108446298
DMA,Dominica,2008,8777.968119453413
DMA,Dominica,2009,8660.076749916043
DMA,Dominica,2010,8735.959668866722
DMA,Dominica,2011,8717.588440837726
DMA,Dominica,2012,8585.10676947421
DMA,Dominica,2013,8490.982851326915
DMA,Dominica,2014,8817.606617142452
DMA,Dominica,2015,8547.61433999676
DMA,Dominica,2016,8717.790577667103
DMA,Dominica,2017,7846.205453654157
DNK,Denmark,1950,12038.262131693418
DNK,Denmark,1951,11746.64708457162
DNK,Denmark,1952,11923.875207302808
DNK,Denmark,1953,12562.040010461946
DNK,Denmark,1954,13082.746574109447
DNK,Denmark,1955,12927.582423330421
DNK,Denmark,1956,13106.655939480066
DNK,Denmark,1957,13526.716321370674
DNK,Denmark,1958,13759.355210267498
DNK,Denmark,1959,14757.82163119979
DNK,Denmark,1960,15525.107224842059
DNK,Denmark,1961,16436.902162075417
DNK,Denmark,1962,17306.18345916663
DNK,Denmark,1963,17375.96527157072
DNK,Denmark,1964,18701.521400568556
DNK,Denmark,1965,19305.310016441646
DNK,Denmark,1966,19823.658586822712
DNK,Denmark,1967,20780.68614483271
DNK,Denmark,1968,21814.755559575944
DNK,Denmark,1969,23112.271424829054
DNK,Denmark,1970,23290.419406562225
DNK,Denmark,1971,23842.73368377886
DNK,Denmark,1972,24636.67408485464
DNK,Denmark,1973,25508.55023943071
DNK,Denmark,1974,25101.310934889952
DNK,Denmark,1975,24631.58545648544
DNK,Denmark,1976,25995.71315962841
DNK,Denmark,1977,26399.93520794822
DNK,Denmark,1978,26920.889762774616
DNK,Denmark,1979,27913.215793680156
DNK,Denmark,1980,27750.00080035984
DNK,Denmark,1981,27557.87309658266
DNK,Denmark,1982,28584.152352106223
DNK,Denmark,1983,29347.650771188928
DNK,Denmark,1984,30591.525640468455
DNK,Denmark,1985,31827.60545663243
DNK,Denmark,1986,33385.807807627294
DNK,Denmark,1987,33453.54524471432
DNK,Denmark,1988,33415.268342148716
DNK,Denmark,1989,33578.95047028542
DNK,Denmark,1990,34003.0463573416
DNK,Denmark,1991,34384.681319386764
DNK,Denmark,1992,34944.103765965396
DNK,Denmark,1993,34819.28728934927
DNK,Denmark,1994,36531.08381354598
DNK,Denmark,1995,37483.406665120885
DNK,Denmark,1996,38407.82683439613
DNK,Denmark,1997,39488.54205100015
DNK,Denmark,1998,40191.83852297346
DNK,Denmark,1999,41210.347536881105
DNK,Denmark,2000,42599.009057216725
DNK,Denmark,2001,42814.45294791944
DNK,Denmark,2002,42896.11484233789
DNK,Denmark,2003,42950.18850284137
DNK,Denmark,2004,43967.28545783236
DNK,Denmark,2005,44837.46312966788
DNK,Denmark,2006,46398.52398546759
DNK,Denmark,2007,46600.81873131769
DNK,Denmark,2008,46127.4551082056
DNK,Denmark,2009,43636.78560533706
DNK,Denmark,2010,44225.97836949515
DNK,Denmark,2011,44592.1738477961
DNK,Denmark,2012,44471.81454947227
DNK,Denmark,2013,44670.67625626081
DNK,Denmark,2014,45184.90165674833
DNK,Denmark,2015,46041.969365193705
DNK,Denmark,2016,46955.537930236715
DNK,Denmark,2017,47836.26871097742
DOM,Dominican Republic,1950,
DOM,Dominican Republic,1951,2094.9854933485976
DOM,Dominican Republic,1952,2176.3134397545796
DOM,Dominican Republic,1953,2120.0598951015527
DOM,Dominican Republic,1954,2212.540471833635
DOM,Dominican Republic,1955,2218.314135167561
DOM,Dominican Republic,1956,2354.9164344367155
DOM,Dominican Republic,1957,2387.9188925885833
DOM,Dominican Republic,1958,2414.363454083116
DOM,Dominican Republic,1959,2505.887126970352
DOM,Dominican Republic,1960,2704.628681016994
DOM,Dominican Republic,1961,2568.487830325654
DOM,Dominican Republic,1962,2945.044322148024
DOM,Dominican Republic,1963,3039.411058600692
DOM,Dominican Republic,1964,3132.58518263983
DOM,Dominican Republic,1965,2706.2009734945286
DOM,Dominican Republic,1966,2918.2189717153624
DOM,Dominican Republic,1967,2897.180465729112
DOM,Dominican Republic,1968,2810.3744564585545
DOM,Dominican Republic,1969,2997.2086010139415
DOM,Dominican Republic,1970,3423.7080976659918
DOM,Dominican Republic,1971,3691.009616229258
DOM,Dominican Republic,1972,3964.4026833532857
DOM,Dominican Republic,1973,4357.162548167459
DOM,Dominican Republic,1974,4499.019067952861
DOM,Dominican Republic,1975,4612.7734593835985
DOM,Dominican Republic,1976,4801.194617457972
DOM,Dominican Republic,1977,4918.0479093947815
DOM,Dominican Republic,1978,4904.220958612201
DOM,Dominican Republic,1979,5006.673154616129
DOM,Dominican Republic,1980,5281.760954572131
DOM,Dominican Republic,1981,5383.286973274598
DOM,Dominican Republic,1982,5352.995039195788
DOM,Dominican Republic,1983,5478.134680606231
DOM,Dominican Republic,1984,5427.378074150307
DOM,Dominican Republic,1985,5199.790571275781
DOM,Dominican Republic,1986,5271.0808413093355
DOM,Dominican Republic,1987,5685.894267497881
DOM,Dominican Republic,1988,5691.783987647753
DOM,Dominican Republic,1989,5824.452377359271
DOM,Dominican Republic,1990,5424.738898464907
DOM,Dominican Republic,1991,5360.406537553626
DOM,Dominican Republic,1992,5810.581997246515
DOM,Dominican Republic,1993,6113.282948894268
DOM,Dominican Republic,1994,6139.870200423073
DOM,Dominican Republic,1995,6362.801005026143
DOM,Dominican Republic,1996,6700.504851892469
DOM,Dominican Republic,1997,7117.723756176369
DOM,Dominican Republic,1998,7494.707059282585
DOM,Dominican Republic,1999,7872.050463148444
DOM,Dominican Republic,2000,8187.656084417143
DOM,Dominican Republic,2001,8206.877399214947
DOM,Dominican Republic,2002,8549.047684045576
DOM,Dominican Republic,2003,8398.561126493543
DOM,Dominican Republic,2004,8382.341657563273
DOM,Dominican Republic,2005,9025.355852846098
DOM,Dominican Republic,2006,9845.885215451784
DOM,Dominican Republic,2007,10530.818239626815
DOM,Dominican Republic,2008,10719.735855078592
DOM,Dominican Republic,2009,10675.770208541286
DOM,Dominican Republic,2010,11413.917466274781
DOM,Dominican Republic,2011,11619.99315446786
DOM,Dominican Republic,2012,11785.47453705174
DOM,Dominican Republic,2013,12208.149292248063
DOM,Dominican Republic,2014,12983.089454871142
DOM,Dominican Republic,2015,13734.48763729985
DOM,Dominican Republic,2016,14477.087578496266
DOM,Dominican Republic,2017,14969.884313040046
DZA,Algeria,1950,
DZA,Algeria,1951,
DZA,Algeria,1952,
DZA,Algeria,1953,
DZA,Algeria,1954,
DZA,Algeria,1955,
DZA,Algeria,1956,
DZA,Algeria,1957,
DZA,Algeria,1958,
DZA,Algeria,1959,
DZA,Algeria,1960,7915.125581631177
DZA,Algeria,1961,7636.4258649512985
DZA,Algeria,1962,4823.329923604361
DZA,Algeria,1963,5931.183848448558
DZA,Algeria,1964,6359.672110936866
DZA,Algeria,1965,6756.044198479214
DZA,Algeria,1966,6130.648312085244
DZA,Algeria,1967,6624.805091359503
DZA,Algeria,1968,7129.891607037683
DZA,Algeria,1969,7510.680199474757
DZA,Algeria,1970,8015.315486313342
DZA,Algeria,1971,7053.2512826464235
DZA,Algeria,1972,8388.874614698638
DZA,Algeria,1973,8514.743807781313
DZA,Algeria,1974,8594.8485170405
DZA,Algeria,1975,8844.142816554364
DZA,Algeria,1976,9128.622560537473
DZA,Algeria,1977,9705.581303959827
DZA,Algeria,1978,10386.464166118965
DZA,Algeria,1979,10836.812887410519
DZA,Algeria,1980,10596.60964134121
DZA,Algeria,1981,10582.891628108537
DZA,Algeria,1982,10914.310837790392
DZA,Algeria,1983,11150.044325405383
DZA,Algeria,1984,11416.508213091196
DZA,Algeria,1985,11486.334612540784
DZA,Algeria,1986,11197.163754028392
DZA,Algeria,1987,10804.239828739754
DZA,Algeria,1988,10403.213209713505
DZA,Algeria,1989,10574.492742944612
DZA,Algeria,1990,10389.779623400338
DZA,Algeria,1991,10016.939030971376
DZA,Algeria,1992,9962.107359271253
DZA,Algeria,1993,9540.491412037418
DZA,Algeria,1994,9262.618066346935
DZA,Algeria,1995,9434.293046703691
DZA,Algeria,1996,9651.762726642826
DZA,Algeria,1997,9602.708224320535
DZA,Algeria,1998,9943.103313680404
DZA,Algeria,1999,10117.904220987686
DZA,Algeria,2000,10361.59024359517
DZA,Algeria,2001,10534.44032466093
DZA,Algeria,2002,10984.287207767788
DZA,Algeria,2003,11626.721913586876
DZA,Algeria,2004,11968.737611449844
DZA,Algeria,2005,12500.755934412997
DZA,Algeria,2006,12529.039518792455
DZA,Algeria,2007,12757.809005909206
DZA,Algeria,2008,12853.89803014809
DZA,Algeria,2009,12836.764333894727
DZA,Algeria,2010,13058.859528183377
DZA,Algeria,2011,13181.395794510368
DZA,Algeria,2012,13358.796892607887
DZA,Algeria,2013,13456.05698162178
DZA,Algeria,2014,13690.722563941048
DZA,Algeria,2015,13927.297098465924
DZA,Algeria,2016,14112.977712159973
DZA,Algeria,2017,14063.926527573181
ECU,Ecuador,1950,3471.52740644192
ECU,Ecuador,1951,3451.1139957152604
ECU,Ecuador,1952,3752.073746781829
ECU,Ecuador,1953,3782.3026507730224
ECU,Ecuador,1954,4032.9900803520195
ECU,Ecuador,1955,4106.460581147022
ECU,Ecuador,1956,4129.511617322432
ECU,Ecuador,1957,4168.9001463529
ECU,Ecuador,1958,4165.824096026189
ECU,Ecuador,1959,4243.99959369792
ECU,Ecuador,1960,4352.8374497549
ECU,Ecuador,1961,4444.803542254111
ECU,Ecuador,1962,4528.468666377459
ECU,Ecuador,1963,4489.066811026933
ECU,Ecuador,1964,4680.434708634979
ECU,Ecuador,1965,4691.978301346361
ECU,Ecuador,1966,4665.453668148271
ECU,Ecuador,1967,4839.175645767201
ECU,Ecuador,1968,4886.221717832019
ECU,Ecuador,1969,4853.628387958896
ECU,Ecuador,1970,5016.263389377423
ECU,Ecuador,1971,5181.479506053734
ECU,Ecuador,1972,5289.214643173616
ECU,Ecuador,1973,5860.095705857996
ECU,Ecuador,1974,6338.34283805704
ECU,Ecuador,1975,6843.354185305612
ECU,Ecuador,1976,7153.011026390628
ECU,Ecuador,1977,7075.782399208314
ECU,Ecuador,1978,7284.271730948204
ECU,Ecuador,1979,7361.163398366062
ECU,Ecuador,1980,7439.118213321171
ECU,Ecuador,1981,7658.1667750628085
ECU,Ecuador,1982,7512.692974748225
ECU,Ecuador,1983,7301.838181777032
ECU,Ecuador,1984,7308.787225641992
ECU,Ecuador,1985,7409.772230737722
ECU,Ecuador,1986,7478.889227810199
ECU,Ecuador,1987,7278.031324701837
ECU,Ecuador,1988,7520.745976529373
ECU,Ecuador,1989,7415.030538560575
ECU,Ecuador,1990,7506.789146322157
ECU,Ecuador,1991,7647.146870645832
ECU,Ecuador,1992,7630.361834528054
ECU,Ecuador,1993,7606.469976855208
ECU,Ecuador,1994,7756.645498202005
ECU,Ecuador,1995,7762.138419406438
ECU,Ecuador,1996,7732.3920206437215
ECU,Ecuador,1997,7903.659936539198
ECU,Ecuador,1998,8001.541215640813
ECU,Ecuador,1999,7477.966088836806
ECU,Ecuador,2000,7421.986667336902
ECU,Ecuador,2001,7585.385145831217
ECU,Ecuador,2002,7763.671125481242
ECU,Ecuador,2003,7844.519674541659
ECU,Ecuador,2004,8350.371198474888
ECU,Ecuador,2005,8647.812812434855
ECU,Ecuador,2006,8878.494193280629
ECU,Ecuador,2007,8920.949829173063
ECU,Ecuador,2008,9329.06737120112
ECU,Ecuador,2009,9226.279939723461
ECU,Ecuador,2010,9395.856130257078
ECU,Ecuador,2011,9973.088940390922
ECU,Ecuador,2012,10370.202538280742
ECU,Ecuador,2013,10715.084532030873
ECU,Ecuador,2014,10952.137770872992
ECU,Ecuador,2015,10799.139967778805
ECU,Ecuador,2016,10472.76265067934
ECU,Ecuador,2017,10631.133490416893
EGY,Egypt,1950,1524.9003058800708
EGY,Egypt,1951,1520.9528118753078
EGY,Egypt,1952,1585.8017087982457
EGY,Egypt,1953,1624.4053866337265
EGY,Egypt,1954,1543.6800431990982
EGY,Egypt,1955,1504.8891655663672
EGY,Egypt,1956,1496.0688436517648
EGY,Egypt,1957,1529.1542648845743
EGY,Egypt,1958,1635.340706623648
EGY,Egypt,1959,1664.0978006448233
EGY,Egypt,1960,1749.7133949829595
EGY,Egypt,1961,1790.8596084421604
EGY,Egypt,1962,1784.9450195224435
EGY,Egypt,1963,1801.8579354573246
EGY,Egypt,1964,2064.4906262994064
EGY,Egypt,1965,2115.9403079644426
EGY,Egypt,1966,2060.467571745717
EGY,Egypt,1967,1997.7164624238558
EGY,Egypt,1968,2064.6440727964114
EGY,Egypt,1969,2190.47821999646
EGY,Egypt,1970,2556.114177402037
EGY,Egypt,1971,2583.8255523867247
EGY,Egypt,1972,2624.1396998234254
EGY,Egypt,1973,2585.234904517803
EGY,Egypt,1974,2591.8334431245144
EGY,Egypt,1975,2663.5380921433753
EGY,Egypt,1976,2960.5616121945286
EGY,Egypt,1977,3118.1555017335277
EGY,Egypt,1978,3286.7038883374507
EGY,Egypt,1979,3538.767089065114
EGY,Egypt,1980,3796.385313967903
EGY,Egypt,1981,3841.6425323094
EGY,Egypt,1982,4116.35477924446
EGY,Egypt,1983,4639.604727136549
EGY,Egypt,1984,4979.497792519478
EGY,Egypt,1985,5174.234528233636
EGY,Egypt,1986,5133.940354691415
EGY,Egypt,1987,5385.310410279965
EGY,Egypt,1988,5516.798579954944
EGY,Egypt,1989,5685.546973066057
EGY,Egypt,1990,5868.909374355228
EGY,Egypt,1991,6041.362555714247
EGY,Egypt,1992,6306.197160517412
EGY,Egypt,1993,6356.692607932394
EGY,Egypt,1994,6478.649899595143
EGY,Egypt,1995,6644.363842201095
EGY,Egypt,1996,6853.273232855883
EGY,Egypt,1997,7096.518660637273
EGY,Egypt,1998,7247.660691344823
EGY,Egypt,1999,7550.5642714170945
EGY,Egypt,2000,7811.414770224285
EGY,Egypt,2001,7936.7235072629555
EGY,Egypt,2002,8035.755420666767
EGY,Egypt,2003,8130.125948052273
EGY,Egypt,2004,8307.942956771682
EGY,Egypt,2005,8521.611994449182
EGY,Egypt,2006,8943.954667942351
EGY,Egypt,2007,9411.923617504637
EGY,Egypt,2008,9908.979926943788
EGY,Egypt,2009,10182.02181773747
EGY,Egypt,2010,10497.028630287838
EGY,Egypt,2011,10459.656813823829
EGY,Egypt,2012,10459.246690691894
EGY,Egypt,2013,10450.381386734305
EGY,Egypt,2014,10520.220178969994
EGY,Egypt,2015,10750.020559021252
EGY,Egypt,2016,10993.322009009797
EGY,Egypt,2017,11234.08449830685
ESP,Spain,1950,4384.8315765545185
ESP,Spain,1951,5080.212889922806
ESP,Spain,1952,5277.4452023246195
ESP,Spain,1953,5048.237871968609
ESP,Spain,1954,5694.694816359295
ESP,Spain,1955,5985.036345382183
ESP,Spain,1956,6391.0545108588685
ESP,Spain,1957,6613.893105007634
ESP,Spain,1958,6841.823270989263
ESP,Spain,1959,6597.422608142546
ESP,Spain,1960,7300.943416913864
ESP,Spain,1961,8169.157725921383
ESP,Spain,1962,8969.69873450144
ESP,Spain,1963,9784.856040560524
ESP,Spain,1964,10211.289203452303
ESP,Spain,1965,10827.040777667446
ESP,Spain,1966,11539.030835609174
ESP,Spain,1967,11861.091921091116
ESP,Spain,1968,12454.528009760683
ESP,Spain,1969,13502.879340830137
ESP,Spain,1970,13900.175687811254
ESP,Spain,1971,14384.061633623427
ESP,Spain,1972,15378.834897863875
ESP,Spain,1973,16385.681333252138
ESP,Spain,1974,17108.387317536763
ESP,Spain,1975,17008.537617230915
ESP,Spain,1976,17378.309661097715
ESP,Spain,1977,17681.80788385338
ESP,Spain,1978,17759.738023258582
ESP,Spain,1979,17602.622277567327
ESP,Spain,1980,17842.881968238762
ESP,Spain,1981,17690.78126780559
ESP,Spain,1982,17799.806146073228
ESP,Spain,1983,18018.76821144784
ESP,Spain,1984,18257.8325629651
ESP,Spain,1985,18610.59570126037
ESP,Spain,1986,19155.78913548851
ESP,Spain,1987,20167.064043417562
ESP,Spain,1988,21148.74292874494
ESP,Spain,1989,22124.303296347935
ESP,Spain,1990,22911.629797741778
ESP,Spain,1991,23437.064851312432
ESP,Spain,1992,23587.612795353944
ESP,Spain,1993,23271.797314796095
ESP,Spain,1994,23750.95552105521
ESP,Spain,1995,24328.835102409426
ESP,Spain,1996,24905.391976049006
ESP,Spain,1997,25745.643629242826
ESP,Spain,1998,26746.891157904894
ESP,Spain,1999,27776.099766508418
ESP,Spain,2000,28984.965962772814
ESP,Spain,2001,29788.99262352477
ESP,Spain,2002,30213.72053570124
ESP,Spain,2003,30688.623178462625
ESP,Spain,2004,31150.49885030598
ESP,Spain,2005,31803.335261354605
ESP,Spain,2006,32624.980463256652
ESP,Spain,2007,33356.17701754961
ESP,Spain,2008,33286.136119027615
ESP,Spain,2009,31766.280201692785
ESP,Spain,2010,31558.51281723234
ESP,Spain,2011,31163.054166845373
ESP,Spain,2012,30284.07818625406
ESP,Spain,2013,29869.4192377524
ESP,Spain,2014,30395.99516852172
ESP,Spain,2015,31588.139928716308
ESP,Spain,2016,32625.52221571257
ESP,Spain,2017,33592.60759721894
EST,Estonia,1950,
EST,Estonia,1951,
EST,Estonia,1952,
EST,Estonia,1953,
EST,Estonia,1954,
EST,Estonia,1955,
EST,Estonia,1956,
EST,Estonia,1957,
EST,Estonia,1958,
EST,Estonia,1959,
EST,Estonia,1960,
EST,Estonia,1961,
EST,Estonia,1962,
EST,Estonia,1963,
EST,Estonia,1964,
EST,Estonia,1965,
EST,Estonia,1966,
EST,Estonia,1967,
EST,Estonia,1968,
EST,Estonia,1969,
EST,Estonia,1970,
EST,Estonia,1971,
EST,Estonia,1972,
EST,Estonia,1973,
EST,Estonia,1974,
EST,Estonia,1975,
EST,Estonia,1976,
EST,Estonia,1977,
EST,Estonia,1978,
EST,Estonia,1979,
EST,Estonia,1980,
EST,Estonia,1981,
EST,Estonia,1982,
EST,Estonia,1983,
EST,Estonia,1984,
EST,Estonia,1985,
EST,Estonia,1986,
EST,Estonia,1987,
EST,Estonia,1988,
EST,Estonia,1989,
EST,Estonia,1990,13730.806128380198
EST,Estonia,1991,12771.291242701225
EST,Estonia,1992,10249.202568372368
EST,Estonia,1993,9873.47480547956
EST,Estonia,1994,9882.466561846088
EST,Estonia,1995,10477.074282512618
EST,Estonia,1996,11153.850384589183
EST,Estonia,1997,12541.166559093808
EST,Estonia,1998,13088.38161019484
EST,Estonia,1999,12999.958441761395
EST,Estonia,2000,14421.854191734441
EST,Estonia,2001,15415.920230337777
EST,Estonia,2002,16459.053801020134
EST,Estonia,2003,17806.181269340548
EST,Estonia,2004,19056.73459630858
EST,Estonia,2005,21003.780862616983
EST,Estonia,2006,23270.282485099073
EST,Estonia,2007,25170.779722167026
EST,Estonia,2008,23884.138245220376
EST,Estonia,2009,20426.530053611845
EST,Estonia,2010,20946.438227583065
EST,Estonia,2011,22599.77623634965
EST,Estonia,2012,23635.745318774767
EST,Estonia,2013,24154.974005058906
EST,Estonia,2014,24913.56824390727
EST,Estonia,2015,25389.198604040503
EST,Estonia,2016,25969.889784343948
EST,Estonia,2017,27288.9319733942
ETH,Ethiopia,1950,436.4078335924199
ETH,Ethiopia,1951,490.92716507845097
ETH,Ethiopia,1952,499.26996474184557
ETH,Ethiopia,1953,537.7085723971331
ETH,Ethiopia,1954,540.3557463134122
ETH,Ethiopia,1955,558.83375116923
ETH,Ethiopia,1956,560.3650118661708
ETH,Ethiopia,1957,551.5498286486345
ETH,Ethiopia,1958,589.3398128606109
ETH,Ethiopia,1959,565.7351240986466
ETH,Ethiopia,1960,612.8044175259173
ETH,Ethiopia,1961,626.0810329397461
ETH,Ethiopia,1962,635.1720818755521
ETH,Ethiopia,1963,646.0174311039947
ETH,Ethiopia,1964,653.4529997353725
ETH,Ethiopia,1965,679.6494812379444
ETH,Ethiopia,1966,697.3822748881246
ETH,Ethiopia,1967,726.1378763071841
ETH,Ethiopia,1968,746.9480959021594
ETH,Ethiopia,1969,755.7930869605565
ETH,Ethiopia,1970,726.366141730431
ETH,Ethiopia,1971,733.5776093056271
ETH,Ethiopia,1972,754.2538153337937
ETH,Ethiopia,1973,755.5839467556821
ETH,Ethiopia,1974,733.2510167415685
ETH,Ethiopia,1975,691.1873487514573
ETH,Ethiopia,1976,687.6808842824696
ETH,Ethiopia,1977,670.2440985699388
ETH,Ethiopia,1978,633.3374193486476
ETH,Ethiopia,1979,672.6506280897814
ETH,Ethiopia,1980,701.9715259115214
ETH,Ethiopia,1981,712.0642070945122
ETH,Ethiopia,1982,701.8254124361487
ETH,Ethiopia,1983,708.5807910461338
ETH,Ethiopia,1984,690.9068272823562
ETH,Ethiopia,1985,615.5579827072903
ETH,Ethiopia,1986,639.8507244817818
ETH,Ethiopia,1987,721.1194439003656
ETH,Ethiopia,1988,709.6810319556906
ETH,Ethiopia,1989,688.2848842613553
ETH,Ethiopia,1990,657.3761105023656
ETH,Ethiopia,1991,588.6922433780001
ETH,Ethiopia,1992,517.2888676946496
ETH,Ethiopia,1993,565.7637937943115
ETH,Ethiopia,1994,565.4394557650251
ETH,Ethiopia,1995,580.3791150193541
ETH,Ethiopia,1996,638.3657661927343
ETH,Ethiopia,1997,636.8892400101535
ETH,Ethiopia,1998,593.4345472086293
ETH,Ethiopia,1999,606.2487192151551
ETH,Ethiopia,2000,624.7286590312677
ETH,Ethiopia,2001,657.2786841016803
ETH,Ethiopia,2002,648.2575319264083
ETH,Ethiopia,2003,616.3433265253246
ETH,Ethiopia,2004,680.4938582926651
ETH,Ethiopia,2005,740.0656099243541
ETH,Ethiopia,2006,798.159601457655
ETH,Ethiopia,2007,865.9863360776469
ETH,Ethiopia,2008,934.2199488312726
ETH,Ethiopia,2009,989.900444255198
ETH,Ethiopia,2010,1085.092604647676
ETH,Ethiopia,2011,1195.8772070738787
ETH,Ethiopia,2012,1265.5989112591367
ETH,Ethiopia,2013,1363.4870724143268
ETH,Ethiopia,2014,1465.1529544115228
ETH,Ethiopia,2015,1576.7410255369196
ETH,Ethiopia,2016,1654.0668394866595
ETH,Ethiopia,2017,1793.167233213156
FIN,Finland,1950,6895.029249443196
FIN,Finland,1951,7401.287814443985
FIN,Finland,1952,7694.589021443202
FIN,Finland,1953,7575.113147011283
FIN,Finland,1954,8099.621323843377
FIN,Finland,1955,8662.773427692135
FIN,Finland,1956,8819.619336329
FIN,Finland,1957,8770.243401360232
FIN,Finland,1958,8689.555022310666
FIN,Finland,1959,9253.436760917615
FIN,Finland,1960,9956.060308598502
FIN,Finland,1961,10637.811217135064
FIN,Finland,1962,10880.761501664101
FIN,Finland,1963,11159.012170070757
FIN,Finland,1964,11726.17871951987
FIN,Finland,1965,12260.053306591593
FIN,Finland,1966,12556.64283085654
FIN,Finland,1967,12715.895874474774
FIN,Finland,1968,12884.985603637353
FIN,Finland,1969,14136.474959538024
FIN,Finland,1970,15325.32261105489
FIN,Finland,1971,15587.938053719072
FIN,Finland,1972,16698.898781098032
FIN,Finland,1973,17726.424194101724
FIN,Finland,1974,18172.60291529014
FIN,Finland,1975,18304.369594144337
FIN,Finland,1976,18338.20708602106
FIN,Finland,1977,18354.77125211755
FIN,Finland,1978,18886.532300168074
FIN,Finland,1979,20187.198985606647
FIN,Finland,1980,21257.080392546013
FIN,Finland,1981,21435.524979242004
FIN,Finland,1982,21981.767300608568
FIN,Finland,1983,22541.843697169952
FIN,Finland,1984,23142.278315728377
FIN,Finland,1985,23848.482991031204
FIN,Finland,1986,24403.63299131774
FIN,Finland,1987,25190.294818580023
FIN,Finland,1988,26424.323742292465
FIN,Finland,1989,27679.092614379966
FIN,Finland,1990,27759.800199543533
FIN,Finland,1991,25998.761076877225
FIN,Finland,1992,25005.84485869563
FIN,Finland,1993,24690.701571857335
FIN,Finland,1994,25535.926791833495
FIN,Finland,1995,26496.816944141712
FIN,Finland,1996,27370.186890168476
FIN,Finland,1997,28997.96125732598
FIN,Finland,1998,30498.14537624541
FIN,Finland,1999,31781.615558148234
FIN,Finland,2000,33494.626168278664
FIN,Finland,2001,34276.30155557491
FIN,Finland,2002,34766.055584943904
FIN,Finland,2003,35366.14376255614
FIN,Finland,2004,36648.89298045155
FIN,Finland,2005,37547.801206654854
FIN,Finland,2006,38932.42287937912
FIN,Finland,2007,40792.96734775585
FIN,Finland,2008,40917.906444953434
FIN,Finland,2009,37374.60072037315
FIN,Finland,2010,38327.004727108375
FIN,Finland,2011,39141.18851365657
FIN,Finland,2012,38413.76077999533
FIN,Finland,2013,37956.83214072552
FIN,Finland,2014,37557.459740892125
FIN,Finland,2015,37455.55756608932
FIN,Finland,2016,38235.872231232475
FIN,Finland,2017,39162.41723823021
FJI,Fiji,1950,
FJI,Fiji,1951,
FJI,Fiji,1952,
FJI,Fiji,1953,
FJI,Fiji,1954,
FJI,Fiji,1955,
FJI,Fiji,1956,
FJI,Fiji,1957,
FJI,Fiji,1958,
FJI,Fiji,1959,
FJI,Fiji,1960,3071.348325415482
FJI,Fiji,1961,3057.2640962045357
FJI,Fiji,1962,3062.8055724533765
FJI,Fiji,1963,3154.948437203872
FJI,Fiji,1964,3207.344408238806
FJI,Fiji,1965,3032.5935184269224
FJI,Fiji,1966,2968.2606667282007
FJI,Fiji,1967,3295.950485611494
FJI,Fiji,1968,3495.304042477044
FJI,Fiji,1969,3501.4062744004577
FJI,Fiji,1970,3828.3943223048877
FJI,Fiji,1971,3992.6533002913097
FJI,Fiji,1972,4214.300802063298
FJI,Fiji,1973,4596.581528539045
FJI,Fiji,1974,4630.002645758199
FJI,Fiji,1975,4642.264088072022
FJI,Fiji,1976,4636.221801966461
FJI,Fiji,1977,4789.519149910885
FJI,Fiji,1978,4795.004342195172
FJI,Fiji,1979,5273.713075713991
FJI,Fiji,1980,5070.993357771069
FJI,Fiji,1981,5268.819339823481
FJI,Fiji,1982,5015.905427994337
FJI,Fiji,1983,4750.726849701058
FJI,Fiji,1984,5033.477859191398
FJI,Fiji,1985,4758.375047120927
FJI,Fiji,1986,5032.99431353229
FJI,Fiji,1987,4686.006944359819
FJI,Fiji,1988,4762.356844219825
FJI,Fiji,1989,5380.230184709676
FJI,Fiji,1990,5797.546225166923
FJI,Fiji,1991,5590.111541242934
FJI,Fiji,1992,5737.854289087362
FJI,Fiji,1993,5755.8488420921
FJI,Fiji,1994,5965.324380870781
FJI,Fiji,1995,6036.944449885751
FJI,Fiji,1996,6254.311217395563
FJI,Fiji,1997,6052.0358719786655
FJI,Fiji,1998,6073.604444975668
FJI,Fiji,1999,6557.453481507497
FJI,Fiji,2000,6408.400395762955
FJI,Fiji,2001,6512.524109867211
FJI,Fiji,2002,6708.787877091603
FJI,Fiji,2003,6768.1014343497045
FJI,Fiji,2004,7111.779311606502
FJI,Fiji,2005,7131.384488878066
FJI,Fiji,2006,7214.384699813682
FJI,Fiji,2007,7086.071719490227
FJI,Fiji,2008,7084.56021615387
FJI,Fiji,2009,6914.642846538405
FJI,Fiji,2010,7055.966936059304
FJI,Fiji,2011,7186.840679365006
FJI,Fiji,2012,7233.957181533062
FJI,Fiji,2013,7523.729949934639
FJI,Fiji,2014,7890.689301747174
FJI,Fiji,2015,8135.782047395556
FJI,Fiji,2016,8128.984575739156
FJI,Fiji,2017,8312.38168821271
FRA,France,1950,7818.130951947716
FRA,France,1951,8186.208034334516
FRA,France,1952,8388.385425358461
FRA,France,1953,8622.258082891165
FRA,France,1954,9044.258198015585
FRA,France,1955,9445.096086636335
FRA,France,1956,9829.298095606999
FRA,France,1957,10256.398503142424
FRA,France,1958,10423.764125183121
FRA,France,1959,10593.623415527598
FRA,France,1960,11343.914089170246
FRA,France,1961,11785.673260816951
FRA,France,1962,12318.277895312882
FRA,France,1963,12924.949403656652
FRA,France,1964,13613.495835241649
FRA,France,1965,14147.938805229856
FRA,France,1966,14755.306446031076
FRA,France,1967,15369.308650927222
FRA,France,1968,15921.707241113514
FRA,France,1969,16918.45481341957
FRA,France,1970,17812.156213359667
FRA,France,1971,18600.211542584428
FRA,France,1972,19263.883951519285
FRA,France,1973,20301.556480870055
FRA,France,1974,21001.274828998434
FRA,France,1975,20657.25003297974
FRA,France,1976,21441.96171358453
FRA,France,1977,22092.873465883815
FRA,France,1978,22893.299759580863
FRA,France,1979,23625.837870755557
FRA,France,1980,23906.563265354576
FRA,France,1981,24055.152909926182
FRA,France,1982,24537.43415678863
FRA,France,1983,24710.735574155613
FRA,France,1984,24945.643973158974
FRA,France,1985,25205.884396578047
FRA,France,1986,25642.917202488166
FRA,France,1987,26139.428472212458
FRA,France,1988,27211.407189774127
FRA,France,1989,28224.815029019977
FRA,France,1990,28887.521113242405
FRA,France,1991,29038.67345933747
FRA,France,1992,29359.89553842904
FRA,France,1993,29040.173112996665
FRA,France,1994,29588.753169824002
FRA,France,1995,30070.989648639414
FRA,France,1996,30350.089070564944
FRA,France,1997,30907.937183315644
FRA,France,1998,31857.577207476243
FRA,France,1999,32778.89802403899
FRA,France,2000,33885.66812626574
FRA,France,2001,34370.88809980085
FRA,France,2002,34568.30822869128
FRA,France,2003,34654.78153331938
FRA,France,2004,35428.38318464899
FRA,France,2005,35804.514247249004
FRA,France,2006,36460.14693122788
FRA,France,2007,37116.06458600664
FRA,France,2008,36985.3629225724
FRA,France,2009,35712.98615816991
FRA,France,2010,36208.79833757871
FRA,France,2011,36813.25397666455
FRA,France,2012,36752.288175163936
FRA,France,2013,36797.753892292465
FRA,France,2014,36988.26446588944
FRA,France,2015,37240.20216918991
FRA,France,2016,37517.402766217434
FRA,France,2017,38169.47213034485
GAB,Gabon,1950,
GAB,Gabon,1951,
GAB,Gabon,1952,
GAB,Gabon,1953,
GAB,Gabon,1954,
GAB,Gabon,1955,
GAB,Gabon,1956,
GAB,Gabon,1957,
GAB,Gabon,1958,
GAB,Gabon,1959,
GAB,Gabon,1960,6444.56337819934
GAB,Gabon,1961,7081.041517729236
GAB,Gabon,1962,7666.717185499598
GAB,Gabon,1963,8651.746537533263
GAB,Gabon,1964,9568.29909847563
GAB,Gabon,1965,10325.712578544104
GAB,Gabon,1966,10015.974227842202
GAB,Gabon,1967,11272.286504324658
GAB,Gabon,1968,11498.72280639253
GAB,Gabon,1969,12594.093743892741
GAB,Gabon,1970,13540.737504815374
GAB,Gabon,1971,14641.712061895723
GAB,Gabon,1972,15998.755678713735
GAB,Gabon,1973,17303.321582025517
GAB,Gabon,1974,23678.162686564847
GAB,Gabon,1975,27656.47593236196
GAB,Gabon,1976,36715.00018937282
GAB,Gabon,1977,31386.036326356098
GAB,Gabon,1978,23290.38387046539
GAB,Gabon,1979,22848.325603333567
GAB,Gabon,1980,22865.214576972146
GAB,Gabon,1981,23437.922454579784
GAB,Gabon,1982,22141.27117624418
GAB,Gabon,1983,22784.09262198281
GAB,Gabon,1984,23856.242821235544
GAB,Gabon,1985,22682.113860197787
GAB,Gabon,1986,21894.71324650449
GAB,Gabon,1987,17647.51069101726
GAB,Gabon,1988,19371.064082545607
GAB,Gabon,1989,20455.37546252923
GAB,Gabon,1990,20939.199613679295
GAB,Gabon,1991,21628.299700236254
GAB,Gabon,1992,20408.08384646328
GAB,Gabon,1993,20351.81614195043
GAB,Gabon,1994,20915.963625747194
GAB,Gabon,1995,21400.85866842941
GAB,Gabon,1996,21622.137638762615
GAB,Gabon,1997,22295.889394410686
GAB,Gabon,1998,22388.88584487491
GAB,Gabon,1999,19519.206961249787
GAB,Gabon,2000,18787.512838380182
GAB,Gabon,2001,18755.32053145413
GAB,Gabon,2002,17961.105736625042
GAB,Gabon,2003,17941.31069241251
GAB,Gabon,2004,17605.842572914244
GAB,Gabon,2005,17304.792778905965
GAB,Gabon,2006,16280.216366637842
GAB,Gabon,2007,16795.583817165807
GAB,Gabon,2008,15717.04515347708
GAB,Gabon,2009,15200.575998056873
GAB,Gabon,2010,15747.509255570752
GAB,Gabon,2011,16298.99060155935
GAB,Gabon,2012,16571.955338389394
GAB,Gabon,2013,16924.06009975637
GAB,Gabon,2014,17104.194886924466
GAB,Gabon,2015,17266.438019931466
GAB,Gabon,2016,17184.785914729237
GAB,Gabon,2017,16984.920004530974
GBR,United Kingdom,1950,10348.167505951826
GBR,United Kingdom,1951,10754.85555277278
GBR,United Kingdom,1952,10808.994046469985
GBR,United Kingdom,1953,11271.166112398769
GBR,United Kingdom,1954,11566.852791280475
GBR,United Kingdom,1955,11860.995938715676
GBR,United Kingdom,1956,11924.084049123145
GBR,United Kingdom,1957,12014.368518854253
GBR,United Kingdom,1958,12001.280097050687
GBR,United Kingdom,1959,12307.062298977953
GBR,United Kingdom,1960,12718.819964259852
GBR,United Kingdom,1961,12885.78458819576
GBR,United Kingdom,1962,12993.25128954275
GBR,United Kingdom,1963,13411.982046633048
GBR,United Kingdom,1964,14068.91345053319
GBR,United Kingdom,1965,14301.006157428075
GBR,United Kingdom,1966,14501.420018805306
GBR,United Kingdom,1967,14739.461885185088
GBR,United Kingdom,1968,15722.609601714634
GBR,United Kingdom,1969,15516.084493740569
GBR,United Kingdom,1970,15785.923658443444
GBR,United Kingdom,1971,16284.793544388165
GBR,United Kingdom,1972,16941.772947085945
GBR,United Kingdom,1973,18007.93479428994
GBR,United Kingdom,1974,17537.628412833412
GBR,United Kingdom,1975,17259.86361064472
GBR,United Kingdom,1976,17750.9397024014
GBR,United Kingdom,1977,18179.889577377635
GBR,United Kingdom,1978,18943.226264598015
GBR,United Kingdom,1979,19652.514231682017
GBR,United Kingdom,1980,19252.860680887905
GBR,United Kingdom,1981,19100.744661460303
GBR,United Kingdom,1982,19477.878819596714
GBR,United Kingdom,1983,20287.73726459788
GBR,United Kingdom,1984,20729.16684521574
GBR,United Kingdom,1985,21568.259416711957
GBR,United Kingdom,1986,22199.591044939752
GBR,United Kingdom,1987,23322.00339345799
GBR,United Kingdom,1988,24595.809712081274
GBR,United Kingdom,1989,25156.61392489471
GBR,United Kingdom,1990,25269.98884734775
GBR,United Kingdom,1991,24927.36587608619
GBR,United Kingdom,1992,24953.0966962377
GBR,United Kingdom,1993,25514.4408867663
GBR,United Kingdom,1994,26430.919770209177
GBR,United Kingdom,1995,27386.139257277024
GBR,United Kingdom,1996,27994.278213562447
GBR,United Kingdom,1997,29101.079205578942
GBR,United Kingdom,1998,29971.58184837904
GBR,United Kingdom,1999,30828.566420530726
GBR,United Kingdom,2000,31782.787276607647
GBR,United Kingdom,2001,32575.952217387305
GBR,United Kingdom,2002,33277.96055105656
GBR,United Kingdom,2003,34255.77556598836
GBR,United Kingdom,2004,34882.10357036845
GBR,United Kingdom,2005,35740.14746586804
GBR,United Kingdom,2006,36339.77429238496
GBR,United Kingdom,2007,36893.53971804304
GBR,United Kingdom,2008,36374.11711811782
GBR,United Kingdom,2009,34470.51812945173
GBR,United Kingdom,2010,34736.82153045231
GBR,United Kingdom,2011,35028.71533078159
GBR,United Kingdom,2012,35293.10773140977
GBR,United Kingdom,2013,35797.6005143456
GBR,United Kingdom,2014,36640.4385633089
GBR,United Kingdom,2015,37282.460008301656
GBR,United Kingdom,2016,37723.70095300722
GBR,United Kingdom,2017,38152.62078267213
GEO,Georgia,1950,
GEO,Georgia,1951,
GEO,Georgia,1952,
GEO,Georgia,1953,
GEO,Georgia,1954,
GEO,Georgia,1955,
GEO,Georgia,1956,
GEO,Georgia,1957,
GEO,Georgia,1958,
GEO,Georgia,1959,
GEO,Georgia,1960,
GEO,Georgia,1961,
GEO,Georgia,1962,
GEO,Georgia,1963,
GEO,Georgia,1964,
GEO,Georgia,1965,
GEO,Georgia,1966,
GEO,Georgia,1967,
GEO,Georgia,1968,
GEO,Georgia,1969,
GEO,Georgia,1970,
GEO,Georgia,1971,
GEO,Georgia,1972,
GEO,Georgia,1973,
GEO,Georgia,1974,
GEO,Georgia,1975,
GEO,Georgia,1976,
GEO,Georgia,1977,
GEO,Georgia,1978,
GEO,Georgia,1979,
GEO,Georgia,1980,
GEO,Georgia,1981,
GEO,Georgia,1982,
GEO,Georgia,1983,
GEO,Georgia,1984,
GEO,Georgia,1985,
GEO,Georgia,1986,
GEO,Georgia,1987,
GEO,Georgia,1988,
GEO,Georgia,1989,
GEO,Georgia,1990,9324.633579986623
GEO,Georgia,1991,7389.633176020069
GEO,Georgia,1992,4157.220883145599
GEO,Georgia,1993,2992.324067640189
GEO,Georgia,1994,2732.5937220393407
GEO,Georgia,1995,2851.948030983853
GEO,Georgia,1996,3221.6283838435834
GEO,Georgia,1997,3607.4266562203516
GEO,Georgia,1998,3762.6510299983943
GEO,Georgia,1999,3912.7912503361094
GEO,Georgia,2000,4027.8511798184263
GEO,Georgia,2001,4266.490361651959
GEO,Georgia,2002,4546.037030367066
GEO,Georgia,2003,5099.237809851221
GEO,Georgia,2004,5449.2360107787545
GEO,Georgia,2005,6033.984688500509
GEO,Georgia,2006,6673.327294776542
GEO,Georgia,2007,7595.509109175102
GEO,Georgia,2008,7868.821303192595
GEO,Georgia,2009,7675.0019363838355
GEO,Georgia,2010,8262.631065492504
GEO,Georgia,2011,8987.616165443922
GEO,Georgia,2012,9706.204322603673
GEO,Georgia,2013,10188.234758610966
GEO,Georgia,2014,10802.310716929116
GEO,Georgia,2015,11228.242004012478
GEO,Georgia,2016,11624.96183180486
GEO,Georgia,2017,12228.404905619243
GHA,Ghana,1950,
GHA,Ghana,1951,
GHA,Ghana,1952,
GHA,Ghana,1953,
GHA,Ghana,1954,
GHA,Ghana,1955,2423.2029259840265
GHA,Ghana,1956,2875.310598699949
GHA,Ghana,1957,2563.393143101649
GHA,Ghana,1958,2763.848601249087
GHA,Ghana,1959,2828.2046227443125
GHA,Ghana,1960,2955.247039466612
GHA,Ghana,1961,2976.8305089142905
GHA,Ghana,1962,3035.5545463578646
GHA,Ghana,1963,3054.217871516217
GHA,Ghana,1964,3032.2420008825093
GHA,Ghana,1965,2986.289132948581
GHA,Ghana,1966,2903.468933626147
GHA,Ghana,1967,2870.4455904499346
GHA,Ghana,1968,2826.3955046293563
GHA,Ghana,1969,2904.2063366196185
GHA,Ghana,1970,3178.387704134004
GHA,Ghana,1971,3268.790112622148
GHA,Ghana,1972,3096.882549847186
GHA,Ghana,1973,3175.4249917029433
GHA,Ghana,1974,3303.2297167490005
GHA,Ghana,1975,2825.7583924746136
GHA,Ghana,1976,2673.7692911738345
GHA,Ghana,1977,2689.9134457871687
GHA,Ghana,1978,2871.522058383809
GHA,Ghana,1979,2747.278482067953
GHA,Ghana,1980,2695.7431510752376
GHA,Ghana,1981,2527.6985959820745
GHA,Ghana,1982,2276.8591579567255
GHA,Ghana,1983,2098.5546172540176
GHA,Ghana,1984,2202.9791359564842
GHA,Ghana,1985,2241.150408229602
GHA,Ghana,1986,2288.145339345146
GHA,Ghana,1987,2330.785029434997
GHA,Ghana,1988,2395.7157370860277
GHA,Ghana,1989,2450.4078156002715
GHA,Ghana,1990,2463.714235162818
GHA,Ghana,1991,2522.914975470294
GHA,Ghana,1992,2548.8729295956664
GHA,Ghana,1993,2599.768500125153
GHA,Ghana,1994,2613.4510699555344
GHA,Ghana,1995,2648.805743666507
GHA,Ghana,1996,2702.0106331519346
GHA,Ghana,1997,2747.7821208626624
GHA,Ghana,1998,2808.5424903520466
GHA,Ghana,1999,2862.9010900832045
GHA,Ghana,2000,2910.659685620666
GHA,Ghana,2001,2967.1294701127304
GHA,Ghana,2002,3030.878994118323
GHA,Ghana,2003,3107.7566973871794
GHA,Ghana,2004,3189.907533301483
GHA,Ghana,2005,3300.196654589234
GHA,Ghana,2006,3361.2582421258026
GHA,Ghana,2007,3416.671625797927
GHA,Ghana,2008,3633.527310326659
GHA,Ghana,2009,3713.091981687615
GHA,Ghana,2010,3907.0799423332896
GHA,Ghana,2011,4347.691304462944
GHA,Ghana,2012,4638.809077418865
GHA,Ghana,2013,4862.201889188518
GHA,Ghana,2014,4888.720692132907
GHA,Ghana,2015,4882.87904406575
GHA,Ghana,2016,4939.501937225404
GHA,Ghana,2017,5225.607071949899
GIN,Guinea,1950,
GIN,Guinea,1951,
GIN,Guinea,1952,
GIN,Guinea,1953,
GIN,Guinea,1954,
GIN,Guinea,1955,
GIN,Guinea,1956,
GIN,Guinea,1957,
GIN,Guinea,1958,
GIN,Guinea,1959,1362.595482439878
GIN,Guinea,1960,1538.5054964275196
GIN,Guinea,1961,1635.3170824130593
GIN,Guinea,1962,1627.305586111232
GIN,Guinea,1963,1614.38187428178
GIN,Guinea,1964,1468.1556451523566
GIN,Guinea,1965,1506.3148023733597
GIN,Guinea,1966,1515.553859433169
GIN,Guinea,1967,1456.1168931650732
GIN,Guinea,1968,1437.7813301808922
GIN,Guinea,1969,1381.4109339014537
GIN,Guinea,1970,1234.7057710637687
GIN,Guinea,1971,1287.5113559104564
GIN,Guinea,1972,1306.8220121312997
GIN,Guinea,1973,1319.2408147886686
GIN,Guinea,1974,1381.7347174223078
GIN,Guinea,1975,1415.3080994421875
GIN,Guinea,1976,1521.4915884794846
GIN,Guinea,1977,1464.8305741453116
GIN,Guinea,1978,1556.3699109282481
GIN,Guinea,1979,1525.171344881877
GIN,Guinea,1980,1545.8326098717855
GIN,Guinea,1981,1528.8676202004701
GIN,Guinea,1982,1522.9338635930433
GIN,Guinea,1983,1504.2831086710428
GIN,Guinea,1984,1484.4110260764626
GIN,Guinea,1985,1515.2189590112114
GIN,Guinea,1986,1519.0757295502356
GIN,Guinea,1987,1524.9735104713823
GIN,Guinea,1988,1570.5648932725765
GIN,Guinea,1989,1572.366244359047
GIN,Guinea,1990,1566.922328578977
GIN,Guinea,1991,1522.0811409346297
GIN,Guinea,1992,1482.4666144688492
GIN,Guinea,1993,1469.39154633685
GIN,Guinea,1994,1450.9902060287952
GIN,Guinea,1995,1455.8189825459058
GIN,Guinea,1996,1481.6908040909484
GIN,Guinea,1997,1520.0629638716555
GIN,Guinea,1998,1558.853784680267
GIN,Guinea,1999,1600.8375169230999
GIN,Guinea,2000,1618.0793803207432
GIN,Guinea,2001,1647.5372007709066
GIN,Guinea,2002,1701.6823645896854
GIN,Guinea,2003,1690.1937146506089
GIN,Guinea,2004,1696.2037395075183
GIN,Guinea,2005,1712.8841441182137
GIN,Guinea,2006,1672.6280374726803
GIN,Guinea,2007,1748.5606556493562
GIN,Guinea,2008,1780.8930673389311
GIN,Guinea,2009,1721.9705044812345
GIN,Guinea,2010,1765.1190799528588
GIN,Guinea,2011,1823.4673511497276
GIN,Guinea,2012,1889.1943955864224
GIN,Guinea,2013,1920.1042246414079
GIN,Guinea,2014,1945.9356245389245
GIN,Guinea,2015,1972.3851997915988
GIN,Guinea,2016,2125.0838403641956
GIN,Guinea,2017,2242.21198821395
GMB,Gambia,1950,
GMB,Gambia,1951,
GMB,Gambia,1952,
GMB,Gambia,1953,
GMB,Gambia,1954,
GMB,Gambia,1955,
GMB,Gambia,1956,
GMB,Gambia,1957,
GMB,Gambia,1958,
GMB,Gambia,1959,
GMB,Gambia,1960,2604.333867705364
GMB,Gambia,1961,2381.2268316755913
GMB,Gambia,1962,2351.4775947854237
GMB,Gambia,1963,2305.2193835789853
GMB,Gambia,1964,2483.5455482983994
GMB,Gambia,1965,2650.079168375326
GMB,Gambia,1966,2596.6699759461985
GMB,Gambia,1967,2513.694563866058
GMB,Gambia,1968,2533.616123883433
GMB,Gambia,1969,2531.3299520820224
GMB,Gambia,1970,2533.6225238961006
GMB,Gambia,1971,2460.9293095682137
GMB,Gambia,1972,2392.305288484901
GMB,Gambia,1973,2531.8525635185683
GMB,Gambia,1974,2597.6986690675963
GMB,Gambia,1975,2673.779310466699
GMB,Gambia,1976,2562.7031849688133
GMB,Gambia,1977,2529.9737412946683
GMB,Gambia,1978,2581.6163693639965
GMB,Gambia,1979,2424.7702270838686
GMB,Gambia,1980,2353.368172921713
GMB,Gambia,1981,2684.4984574894906
GMB,Gambia,1982,2772.1343414842067
GMB,Gambia,1983,2575.397590574729
GMB,Gambia,1984,2543.00127105967
GMB,Gambia,1985,2517.9409144605975
GMB,Gambia,1986,2456.1652950750845
GMB,Gambia,1987,2413.4159284345405
GMB,Gambia,1988,2419.12907863426
GMB,Gambia,1989,2397.5090306708553
GMB,Gambia,1990,2387.0151095069673
GMB,Gambia,1991,2371.207161443912
GMB,Gambia,1992,2378.7738094181786
GMB,Gambia,1993,2380.8263902684835
GMB,Gambia,1994,2319.023599450939
GMB,Gambia,1995,2274.9783301668995
GMB,Gambia,1996,2305.7070468741763
GMB,Gambia,1997,2250.81736760913
GMB,Gambia,1998,2267.2099550091557
GMB,Gambia,1999,2352.5594079745165
GMB,Gambia,2000,2423.051271913218
GMB,Gambia,2001,2485.228064134058
GMB,Gambia,2002,2418.811037916241
GMB,Gambia,2003,2396.228956980829
GMB,Gambia,2004,2533.8680620256573
GMB,Gambia,2005,2430.6974067575147
GMB,Gambia,2006,2380.8352799250274
GMB,Gambia,2007,2390.186386370709
GMB,Gambia,2008,2448.5754903055154
GMB,Gambia,2009,2525.4483296781905
GMB,Gambia,2010,2606.612793504384
GMB,Gambia,2011,2416.3678242609444
GMB,Gambia,2012,2478.870462378592
GMB,Gambia,2013,2517.5236512762276
GMB,Gambia,2014,2417.746658563407
GMB,Gambia,2015,2482.306474992656
GMB,Gambia,2016,2417.901664983417
GMB,Gambia,2017,2453.4032650261342
GNB,Guinea-Bissau,1950,
GNB,Guinea-Bissau,1951,
GNB,Guinea-Bissau,1952,
GNB,Guinea-Bissau,1953,
GNB,Guinea-Bissau,1954,
GNB,Guinea-Bissau,1955,
GNB,Guinea-Bissau,1956,
GNB,Guinea-Bissau,1957,
GNB,Guinea-Bissau,1958,
GNB,Guinea-Bissau,1959,
GNB,Guinea-Bissau,1960,1619.6983105068437
GNB,Guinea-Bissau,1961,1658.804755053347
GNB,Guinea-Bissau,1962,1584.795600509337
GNB,Guinea-Bissau,1963,1816.1577125156848
GNB,Guinea-Bissau,1964,1849.5192276491855
GNB,Guinea-Bissau,1965,1879.3011187882976
GNB,Guinea-Bissau,1966,1568.8815285008216
GNB,Guinea-Bissau,1967,1727.400211449395
GNB,Guinea-Bissau,1968,1739.3966927539855
GNB,Guinea-Bissau,1969,1785.821961321863
GNB,Guinea-Bissau,1970,1361.802466099276
GNB,Guinea-Bissau,1971,1282.5450502672809
GNB,Guinea-Bissau,1972,1336.2757083471736
GNB,Guinea-Bissau,1973,1324.6843343425428
GNB,Guinea-Bissau,1974,1362.2669106471922
GNB,Guinea-Bissau,1975,1451.1688761588468
GNB,Guinea-Bissau,1976,1511.8639591041388
GNB,Guinea-Bissau,1977,1398.8277253297313
GNB,Guinea-Bissau,1978,1578.94452302706
GNB,Guinea-Bissau,1979,1602.3691538790786
GNB,Guinea-Bissau,1980,1332.6365080511732
GNB,Guinea-Bissau,1981,1303.779601120387
GNB,Guinea-Bissau,1982,1328.9077183541983
GNB,Guinea-Bissau,1983,1251.4932418490118
GNB,Guinea-Bissau,1984,1286.0551190686883
GNB,Guinea-Bissau,1985,1307.6005565271641
GNB,Guinea-Bissau,1986,1263.4588850323764
GNB,Guinea-Bissau,1987,1303.6311959734053
GNB,Guinea-Bissau,1988,1361.6554151038717
GNB,Guinea-Bissau,1989,1390.1390582450374
GNB,Guinea-Bissau,1990,1402.3000377661322
GNB,Guinea-Bissau,1991,1409.7300768820837
GNB,Guinea-Bissau,1992,1418.2968536744045
GNB,Guinea-Bissau,1993,1416.2387889690542
GNB,Guinea-Bissau,1994,1425.4974392694278
GNB,Guinea-Bissau,1995,1451.9932383510622
GNB,Guinea-Bissau,1996,1477.881636431348
GNB,Guinea-Bissau,1997,1539.0209570848851
GNB,Guinea-Bissau,1998,1257.2676530248807
GNB,Guinea-Bissau,1999,1399.235077474933
GNB,Guinea-Bissau,2000,1371.3834555948497
GNB,Guinea-Bissau,2001,1372.2348556861432
GNB,Guinea-Bissau,2002,1327.4371588770432
GNB,Guinea-Bissau,2003,1304.8482274520254
GNB,Guinea-Bissau,2004,1311.938112859299
GNB,Guinea-Bissau,2005,1337.7037512763707
GNB,Guinea-Bissau,2006,1337.757671650038
GNB,Guinea-Bissau,2007,1349.60474488686
GNB,Guinea-Bissau,2008,1360.0324175510207
GNB,Guinea-Bissau,2009,1371.9357337718711
GNB,Guinea-Bissau,2010,1399.7421906492577
GNB,Guinea-Bissau,2011,1474.7380095331966
GNB,Guinea-Bissau,2012,1412.327856359594
GNB,Guinea-Bissau,2013,1420.7127922562522
GNB,Guinea-Bissau,2014,1397.6366844800098
GNB,Guinea-Bissau,2015,1445.84900465503
GNB,Guinea-Bissau,2016,1498.1794401111724
GNB,Guinea-Bissau,2017,1547.9928474818748
GNQ,Equatorial Guinea,1950,
GNQ,Equatorial Guinea,1951,
GNQ,Equatorial Guinea,1952,
GNQ,Equatorial Guinea,1953,
GNQ,Equatorial Guinea,1954,
GNQ,Equatorial Guinea,1955,
GNQ,Equatorial Guinea,1956,
GNQ,Equatorial Guinea,1957,
GNQ,Equatorial Guinea,1958,
GNQ,Equatorial Guinea,1959,
GNQ,Equatorial Guinea,1960,2223.908451827053
GNQ,Equatorial Guinea,1961,2217.8888490512113
GNQ,Equatorial Guinea,1962,2205.4742570527947
GNQ,Equatorial Guinea,1963,2287.218468647607
GNQ,Equatorial Guinea,1964,2368.2087155617887
GNQ,Equatorial Guinea,1965,2288.6523769673086
GNQ,Equatorial Guinea,1966,2330.5626880218183
GNQ,Equatorial Guinea,1967,2413.4191208088364
GNQ,Equatorial Guinea,1968,2436.4657936099165
GNQ,Equatorial Guinea,1969,2464.729528991775
GNQ,Equatorial Guinea,1970,2429.56096753344
GNQ,Equatorial Guinea,1971,2574.4006666154137
GNQ,Equatorial Guinea,1972,2712.8502776723144
GNQ,Equatorial Guinea,1973,3031.359921612121
GNQ,Equatorial Guinea,1974,3257.8012782493724
GNQ,Equatorial Guinea,1975,3601.4894408847435
GNQ,Equatorial Guinea,1976,3720.1037834419103
GNQ,Equatorial Guinea,1977,4081.6149512376905
GNQ,Equatorial Guinea,1978,3912.0691953599803
GNQ,Equatorial Guinea,1979,3677.743755098618
GNQ,Equatorial Guinea,1980,3731.214489423852
GNQ,Equatorial Guinea,1981,3731.114360336341
GNQ,Equatorial Guinea,1982,3543.5671002702466
GNQ,Equatorial Guinea,1983,3438.610560457906
GNQ,Equatorial Guinea,1984,3230.8160406602333
GNQ,Equatorial Guinea,1985,3436.2496953748328
GNQ,Equatorial Guinea,1986,3203.2912217668822
GNQ,Equatorial Guinea,1987,3224.097015142422
GNQ,Equatorial Guinea,1988,3209.7296831841745
GNQ,Equatorial Guinea,1989,3079.853891404297
GNQ,Equatorial Guinea,1990,3063.9563920662554
GNQ,Equatorial Guinea,1991,2977.7167607250553
GNQ,Equatorial Guinea,1992,3266.0266046949723
GNQ,Equatorial Guinea,1993,3458.235845408408
GNQ,Equatorial Guinea,1994,3654.2575235045365
GNQ,Equatorial Guinea,1995,3938.576590209494
GNQ,Equatorial Guinea,1996,5107.871216526957
GNQ,Equatorial Guinea,1997,9595.820670036452
GNQ,Equatorial Guinea,1998,10853.479416199658
GNQ,Equatorial Guinea,1999,12844.30309229876
GNQ,Equatorial Guinea,2000,13949.059756868623
GNQ,Equatorial Guinea,2001,22478.180807317243
GNQ,Equatorial Guinea,2002,25931.550966972227
GNQ,Equatorial Guinea,2003,28260.199352756303
GNQ,Equatorial Guinea,2004,33596.15896028307
GNQ,Equatorial Guinea,2005,35016.12971171529
GNQ,Equatorial Guinea,2006,35247.64134831459
GNQ,Equatorial Guinea,2007,38815.96222552445
GNQ,Equatorial Guinea,2008,43666.59873547666
GNQ,Equatorial Guinea,2009,42272.36119432686
GNQ,Equatorial Guinea,2010,36800.06809139802
GNQ,Equatorial Guinea,2011,37498.22446669418
GNQ,Equatorial Guinea,2012,38882.871702702534
GNQ,Equatorial Guinea,2013,35722.72196787787
GNQ,Equatorial Guinea,2014,34420.238808530485
GNQ,Equatorial Guinea,2015,30068.062868147306
GNQ,Equatorial Guinea,2016,26451.96588776731
GNQ,Equatorial Guinea,2017,24667.19232924789
GRC,Greece,1950,
GRC,Greece,1951,4456.603587490116
GRC,Greece,1952,4339.631214965434
GRC,Greece,1953,4668.104460279569
GRC,Greece,1954,4828.331286969472
GRC,Greece,1955,5040.291948722824
GRC,Greece,1956,5438.683298037095
GRC,Greece,1957,5780.909818071582
GRC,Greece,1958,5989.918815054151
GRC,Greece,1959,6148.4063494099355
GRC,Greece,1960,6239.018871301343
GRC,Greece,1961,7003.396017464032
GRC,Greece,1962,6987.192793945617
GRC,Greece,1963,7785.885448236643
GRC,Greece,1964,8487.678921292489
GRC,Greece,1965,9357.757012367614
GRC,Greece,1966,9892.240246040874
GRC,Greece,1967,10329.810779127465
GRC,Greece,1968,11043.124486473622
GRC,Greece,1969,12275.17728034886
GRC,Greece,1970,13340.944719222836
GRC,Greece,1971,14299.699202497895
GRC,Greece,1972,15650.048392941877
GRC,Greece,1973,16791.325918288938
GRC,Greece,1974,15570.967412178376
GRC,Greece,1975,16386.344641791566
GRC,Greece,1976,17288.764029844508
GRC,Greece,1977,17546.047138785576
GRC,Greece,1978,18543.634565480002
GRC,Greece,1979,18891.64939686846
GRC,Greece,1980,18796.828463884445
GRC,Greece,1981,18327.44823202646
GRC,Greece,1982,17978.58524392321
GRC,Greece,1983,17671.121459073955
GRC,Greece,1984,17926.001777528916
GRC,Greece,1985,18279.50070964638
GRC,Greece,1986,18284.9739333272
GRC,Greece,1987,17792.226654711114
GRC,Greece,1988,18467.87326535481
GRC,Greece,1989,19059.777600952846
GRC,Greece,1990,18921.470397649126
GRC,Greece,1991,19331.938823218683
GRC,Greece,1992,19263.25671226186
GRC,Greece,1993,18743.41685013484
GRC,Greece,1994,18911.80679856336
GRC,Greece,1995,19121.784484480962
GRC,Greece,1996,19503.607290970944
GRC,Greece,1997,20229.063764026738
GRC,Greece,1998,20884.982956613065
GRC,Greece,1999,21410.47705037826
GRC,Greece,2000,22146.17235914186
GRC,Greece,2001,22973.99220701889
GRC,Greece,2002,23806.265855114143
GRC,Greece,2003,25125.766421891716
GRC,Greece,2004,26334.37663558415
GRC,Greece,2005,26420.125318809733
GRC,Greece,2006,27821.02655789758
GRC,Greece,2007,28625.46333640918
GRC,Greece,2008,28432.708449289556
GRC,Greece,2009,27152.3990963852
GRC,Greece,2010,25659.938523160876
GRC,Greece,2011,23363.901009591176
GRC,Greece,2012,21743.01784083481
GRC,Greece,2013,21144.076335300215
GRC,Greece,2014,21407.471742882713
GRC,Greece,2015,21402.901264382843
GRC,Greece,2016,21427.136012474253
GRC,Greece,2017,21796.299336332282
GRD,Grenada,1950,
GRD,Grenada,1951,
GRD,Grenada,1952,
GRD,Grenada,1953,
GRD,Grenada,1954,
GRD,Grenada,1955,
GRD,Grenada,1956,
GRD,Grenada,1957,
GRD,Grenada,1958,
GRD,Grenada,1959,
GRD,Grenada,1960,
GRD,Grenada,1961,
GRD,Grenada,1962,
GRD,Grenada,1963,
GRD,Grenada,1964,
GRD,Grenada,1965,
GRD,Grenada,1966,
GRD,Grenada,1967,
GRD,Grenada,1968,
GRD,Grenada,1969,
GRD,Grenada,1970,2248.4719383270703
GRD,Grenada,1971,2412.0208990386814
GRD,Grenada,1972,2599.286000809079
GRD,Grenada,1973,2834.484229045346
GRD,Grenada,1974,3031.366939381507
GRD,Grenada,1975,3146.314039403165
GRD,Grenada,1976,3468.2243928024013
GRD,Grenada,1977,3716.9941258872705
GRD,Grenada,1978,3967.1308911312994
GRD,Grenada,1979,4229.61019037101
GRD,Grenada,1980,4190.08588742109
GRD,Grenada,1981,4152.686215386653
GRD,Grenada,1982,4239.320247314123
GRD,Grenada,1983,4231.809172314137
GRD,Grenada,1984,4323.7470045028185
GRD,Grenada,1985,4604.549315447507
GRD,Grenada,1986,4972.609627233057
GRD,Grenada,1987,5569.4794468758355
GRD,Grenada,1988,5837.835683161309
GRD,Grenada,1989,6268.573796246207
GRD,Grenada,1990,6634.627643109266
GRD,Grenada,1991,6774.986363966526
GRD,Grenada,1992,6703.198236523421
GRD,Grenada,1993,6452.765356741461
GRD,Grenada,1994,6557.065206117705
GRD,Grenada,1995,6639.918925538256
GRD,Grenada,1996,6897.393569163396
GRD,Grenada,1997,7219.981262435288
GRD,Grenada,1998,8053.68846545037
GRD,Grenada,1999,8597.97323104881
GRD,Grenada,2000,9002.548481141292
GRD,Grenada,2001,8800.451306358962
GRD,Grenada,2002,9080.25758374143
GRD,Grenada,2003,9913.193749321674
GRD,Grenada,2004,9822.075600277389
GRD,Grenada,2005,11093.831566175177
GRD,Grenada,2006,10619.151656102178
GRD,Grenada,2007,11233.7881016608
GRD,Grenada,2008,11302.868047834812
GRD,Grenada,2009,10513.622953072245
GRD,Grenada,2010,10426.491286782113
GRD,Grenada,2011,10466.65517075127
GRD,Grenada,2012,10293.015228268741
GRD,Grenada,2013,10503.767503340627
GRD,Grenada,2014,11228.689482079086
GRD,Grenada,2015,11900.710209431774
GRD,Grenada,2016,12288.446981480596
GRD,Grenada,2017,12849.321563669962
GTM,Guatemala,1950,3102.1027449830344
GTM,Guatemala,1951,3046.5708741222447
GTM,Guatemala,1952,3011.5730346111454
GTM,Guatemala,1953,3023.52846562713
GTM,Guatemala,1954,2981.654974069681
GTM,Guatemala,1955,2958.6355881458676
GTM,Guatemala,1956,3125.1270750817735
GTM,Guatemala,1957,3196.3202217687103
GTM,Guatemala,1958,3238.686051720311
GTM,Guatemala,1959,3289.9081865418348
GTM,Guatemala,1960,3263.2420739002205
GTM,Guatemala,1961,3297.360626337166
GTM,Guatemala,1962,3308.285736614401
GTM,Guatemala,1963,3511.7548728185575
GTM,Guatemala,1964,3560.854551549897
GTM,Guatemala,1965,3641.277569574667
GTM,Guatemala,1966,3764.9280925138296
GTM,Guatemala,1967,3840.616673838705
GTM,Guatemala,1968,4092.5451514069446
GTM,Guatemala,1969,4197.961335395256
GTM,Guatemala,1970,4342.299502501679
GTM,Guatemala,1971,4458.900366443415
GTM,Guatemala,1972,4656.119629845578
GTM,Guatemala,1973,4839.208659334565
GTM,Guatemala,1974,5012.891600706686
GTM,Guatemala,1975,4979.557731451565
GTM,Guatemala,1976,5213.315518874627
GTM,Guatemala,1977,5482.280169690962
GTM,Guatemala,1978,5616.42306110279
GTM,Guatemala,1979,5738.411603640104
GTM,Guatemala,1980,5808.667327402984
GTM,Guatemala,1981,5704.029399895021
GTM,Guatemala,1982,5366.235626943651
GTM,Guatemala,1983,5100.883199803875
GTM,Guatemala,1984,5000.476232617839
GTM,Guatemala,1985,4852.073846944665
GTM,Guatemala,1986,4744.5299312175175
GTM,Guatemala,1987,4798.6577445730145
GTM,Guatemala,1988,4870.7252756620155
GTM,Guatemala,1989,4946.466092094986
GTM,Guatemala,1990,4982.480274087233
GTM,Guatemala,1991,5045.232123410672
GTM,Guatemala,1992,5166.605413968667
GTM,Guatemala,1993,5245.219451633534
GTM,Guatemala,1994,5331.452260890248
GTM,Guatemala,1995,5468.592030238378
GTM,Guatemala,1996,5503.567642761409
GTM,Guatemala,1997,5613.144749200742
GTM,Guatemala,1998,5750.926417705777
GTM,Guatemala,1999,5855.865430844573
GTM,Guatemala,2000,5929.929853149025
GTM,Guatemala,2001,5928.66424786099
GTM,Guatemala,2002,6014.708681769156
GTM,Guatemala,2003,6023.056654700877
GTM,Guatemala,2004,6068.983808085408
GTM,Guatemala,2005,6123.709526214809
GTM,Guatemala,2006,6308.173348742525
GTM,Guatemala,2007,6557.399647727498
GTM,Guatemala,2008,6624.553115162183
GTM,Guatemala,2009,6515.273354975009
GTM,Guatemala,2010,6558.288327843115
GTM,Guatemala,2011,6685.700684731103
GTM,Guatemala,2012,6739.036376199095
GTM,Guatemala,2013,6842.523378793611
GTM,Guatemala,2014,6981.6064407143385
GTM,Guatemala,2015,7123.5264813247395
GTM,Guatemala,2016,7197.6555200678395
GTM,Guatemala,2017,7251.573082552887
HKG,"China, Hong Kong SAR",1950,
HKG,"China, Hong Kong SAR",1951,
HKG,"China, Hong Kong SAR",1952,
HKG,"China, Hong Kong SAR",1953,
HKG,"China, Hong Kong SAR",1954,
HKG,"China, Hong Kong SAR",1955,
HKG,"China, Hong Kong SAR",1956,
HKG,"China, Hong Kong SAR",1957,
HKG,"China, Hong Kong SAR",1958,
HKG,"China, Hong Kong SAR",1959,
HKG,"China, Hong Kong SAR",1960,4459.219579788754
HKG,"China, Hong Kong SAR",1961,4576.117103240867
HKG,"China, Hong Kong SAR",1962,5007.412327751372
HKG,"China, Hong Kong SAR",1963,5620.137640127711
HKG,"China, Hong Kong SAR",1964,5943.072331693068
HKG,"China, Hong Kong SAR",1965,6630.087949843338
HKG,"China, Hong Kong SAR",1966,6669.723645027217
HKG,"China, Hong Kong SAR",1967,6598.921702096206
HKG,"China, Hong Kong SAR",1968,6694.337146497258
HKG,"China, Hong Kong SAR",1969,7325.459051802276
HKG,"China, Hong Kong SAR",1970,7823.972903310567
HKG,"China, Hong Kong SAR",1971,8256.625054409613
HKG,"China, Hong Kong SAR",1972,8994.65317513456
HKG,"China, Hong Kong SAR",1973,9940.716278657621
HKG,"China, Hong Kong SAR",1974,9991.276773504906
HKG,"China, Hong Kong SAR",1975,9810.753489716037
HKG,"China, Hong Kong SAR",1976,11081.154961644443
HKG,"China, Hong Kong SAR",1977,11994.25755596976
HKG,"China, Hong Kong SAR",1978,12567.80792790384
HKG,"China, Hong Kong SAR",1979,13601.197745986816
HKG,"China, Hong Kong SAR",1980,14591.714088858402
HKG,"China, Hong Kong SAR",1981,15609.53435523596
HKG,"China, Hong Kong SAR",1982,15794.945687878548
HKG,"China, Hong Kong SAR",1983,16493.59689337307
HKG,"China, Hong Kong SAR",1984,17882.489066803155
HKG,"China, Hong Kong SAR",1985,17749.64497177937
HKG,"China, Hong Kong SAR",1986,19396.297199100663
HKG,"China, Hong Kong SAR",1987,21628.91446104563
HKG,"China, Hong Kong SAR",1988,23079.38169850147
HKG,"China, Hong Kong SAR",1989,23234.087603662374
HKG,"China, Hong Kong SAR",1990,23780.91385725169
HKG,"China, Hong Kong SAR",1991,24825.024704147632
HKG,"China, Hong Kong SAR",1992,26082.31805860136
HKG,"China, Hong Kong SAR",1993,27403.11695810457
HKG,"China, Hong Kong SAR",1994,28712.95601665079
HKG,"China, Hong Kong SAR",1995,28987.550151935968
HKG,"China, Hong Kong SAR",1996,29729.538324312733
HKG,"China, Hong Kong SAR",1997,30682.03241521481
HKG,"China, Hong Kong SAR",1998,28353.596362256907
HKG,"China, Hong Kong SAR",1999,28597.31858877803
HKG,"China, Hong Kong SAR",2000,30400.33780710258
HKG,"China, Hong Kong SAR",2001,30304.101645837436
HKG,"China, Hong Kong SAR",2002,30636.688903204507
HKG,"China, Hong Kong SAR",2003,31465.62233789594
HKG,"China, Hong Kong SAR",2004,34102.478852015774
HKG,"China, Hong Kong SAR",2005,36487.051712521876
HKG,"China, Hong Kong SAR",2006,38867.385639681976
HKG,"China, Hong Kong SAR",2007,41152.03340366074
HKG,"China, Hong Kong SAR",2008,41773.81300264452
HKG,"China, Hong Kong SAR",2009,40495.951886494986
HKG,"China, Hong Kong SAR",2010,42978.40851472355
HKG,"China, Hong Kong SAR",2011,44788.87095884741
HKG,"China, Hong Kong SAR",2012,45290.28131235995
HKG,"China, Hong Kong SAR",2013,46419.52645502529
HKG,"China, Hong Kong SAR",2014,47396.885560794435
HKG,"China, Hong Kong SAR",2015,48186.13847059473
HKG,"China, Hong Kong SAR",2016,48830.913578437074
HKG,"China, Hong Kong SAR",2017,50270.73702523445
HND,Honduras,1950,2776.4472689289096
HND,Honduras,1951,2768.956768889298
HND,Honduras,1952,2587.1718301793526
HND,Honduras,1953,2680.1209131403
HND,Honduras,1954,2270.1131289535992
HND,Honduras,1955,2250.9538288580743
HND,Honduras,1956,2594.843449929182
HND,Honduras,1957,2545.0037979787385
HND,Honduras,1958,2638.715053528721
HND,Honduras,1959,2725.877312514021
HND,Honduras,1960,2572.7786043336896
HND,Honduras,1961,2533.128983865535
HND,Honduras,1962,2545.0001148094148
HND,Honduras,1963,2443.0308522245045
HND,Honduras,1964,2462.7044868248076
HND,Honduras,1965,2660.750922278383
HND,Honduras,1966,2682.4299678823827
HND,Honduras,1967,2694.845075656103
HND,Honduras,1968,2786.3886082798285
HND,Honduras,1969,2704.1268102969875
HND,Honduras,1970,2677.8809792565844
HND,Honduras,1971,2703.7826739657103
HND,Honduras,1972,2776.251406702315
HND,Honduras,1973,2907.103925739219
HND,Honduras,1974,2786.6970376706527
HND,Honduras,1975,2761.2238644711265
HND,Honduras,1976,2959.296241818852
HND,Honduras,1977,3167.5249960261986
HND,Honduras,1978,3378.3870683850582
HND,Honduras,1979,3428.3422402357915
HND,Honduras,1980,3346.5282541009187
HND,Honduras,1981,3327.582338536906
HND,Honduras,1982,3182.5145713261313
HND,Honduras,1983,3058.6982430240896
HND,Honduras,1984,3096.7228624393756
HND,Honduras,1985,3131.236245256462
HND,Honduras,1986,3061.6344152121983
HND,Honduras,1987,3152.198660225845
HND,Honduras,1988,3202.6283280908424
HND,Honduras,1989,3245.548009626619
HND,Honduras,1990,3156.128197341032
HND,Honduras,1991,3166.355422813795
HND,Honduras,1992,3250.1934231039504
HND,Honduras,1993,3356.1328751057436
HND,Honduras,1994,3220.633155220579
HND,Honduras,1995,3260.187330548505
HND,Honduras,1996,3285.4645368778233
HND,Honduras,1997,3357.3933010051255
HND,Honduras,1998,3363.785613270614
HND,Honduras,1999,3214.468015468168
HND,Honduras,2000,3312.1988861043465
HND,Honduras,2001,3316.592612046129
HND,Honduras,2002,3355.8317687603067
HND,Honduras,2003,3423.3107036885162
HND,Honduras,2004,3550.6629736222367
HND,Honduras,2005,3679.0523823765584
HND,Honduras,2006,3833.3363163093027
HND,Honduras,2007,3982.592657429265
HND,Honduras,2008,4064.284217655545
HND,Honduras,2009,3885.3262982481465
HND,Honduras,2010,3951.7224851409837
HND,Honduras,2011,4026.249141009924
HND,Honduras,2012,4116.5502292129795
HND,Honduras,2013,4157.1082939392645
HND,Honduras,2014,4210.590136694108
HND,Honduras,2015,4298.303239725746
HND,Honduras,2016,4385.1785857580935
HND,Honduras,2017,4519.538571445474
HRV,Croatia,1950,
HRV,Croatia,1951,
HRV,Croatia,1952,
HRV,Croatia,1953,
HRV,Croatia,1954,
HRV,Croatia,1955,
HRV,Croatia,1956,
HRV,Croatia,1957,
HRV,Croatia,1958,
HRV,Croatia,1959,
HRV,Croatia,1960,
HRV,Croatia,1961,
HRV,Croatia,1962,
HRV,Croatia,1963,
HRV,Croatia,1964,
HRV,Croatia,1965,
HRV,Croatia,1966,
HRV,Croatia,1967,
HRV,Croatia,1968,
HRV,Croatia,1969,
HRV,Croatia,1970,
HRV,Croatia,1971,
HRV,Croatia,1972,
HRV,Croatia,1973,
HRV,Croatia,1974,
HRV,Croatia,1975,
HRV,Croatia,1976,
HRV,Croatia,1977,
HRV,Croatia,1978,
HRV,Croatia,1979,
HRV,Croatia,1980,
HRV,Croatia,1981,
HRV,Croatia,1982,
HRV,Croatia,1983,
HRV,Croatia,1984,
HRV,Croatia,1985,
HRV,Croatia,1986,
HRV,Croatia,1987,
HRV,Croatia,1988,
HRV,Croatia,1989,
HRV,Croatia,1990,16564.206730301805
HRV,Croatia,1991,13115.992338568
HRV,Croatia,1992,11646.093952577612
HRV,Croatia,1993,10791.960649554605
HRV,Croatia,1994,11522.981938709909
HRV,Croatia,1995,12419.868295538485
HRV,Croatia,1996,13269.73493054948
HRV,Croatia,1997,14284.235972474178
HRV,Croatia,1998,14681.366522504457
HRV,Croatia,1999,14659.782519656559
HRV,Croatia,2000,15310.27331024576
HRV,Croatia,2001,15910.675315108118
HRV,Croatia,2002,16793.231174819928
HRV,Croatia,2003,17758.26216488818
HRV,Croatia,2004,18474.573241392947
HRV,Croatia,2005,19259.55501086928
HRV,Croatia,2006,20231.078499436033
HRV,Croatia,2007,21341.19454984257
HRV,Croatia,2008,21825.02379012955
HRV,Croatia,2009,20286.537288645046
HRV,Croatia,2010,20047.44911367257
HRV,Croatia,2011,20047.7182165325
HRV,Croatia,2012,19663.286384127055
HRV,Croatia,2013,19652.214993429323
HRV,Croatia,2014,19728.516739580944
HRV,Croatia,2015,20304.735348464517
HRV,Croatia,2016,21136.252772114418
HRV,Croatia,2017,21877.88609378507
HTI,Haiti,1950,
HTI,Haiti,1951,
HTI,Haiti,1952,
HTI,Haiti,1953,
HTI,Haiti,1954,
HTI,Haiti,1955,
HTI,Haiti,1956,
HTI,Haiti,1957,
HTI,Haiti,1958,
HTI,Haiti,1959,
HTI,Haiti,1960,2508.2151478299884
HTI,Haiti,1961,2386.7464876402114
HTI,Haiti,1962,2524.694356838175
HTI,Haiti,1963,2425.099923739307
HTI,Haiti,1964,2336.7156416885814
HTI,Haiti,1965,2308.537451804396
HTI,Haiti,1966,2277.065230503583
HTI,Haiti,1967,2182.8477177753757
HTI,Haiti,1968,2205.979228824303
HTI,Haiti,1969,2243.3576397730963
HTI,Haiti,1970,2211.648769800318
HTI,Haiti,1971,2313.4489252912454
HTI,Haiti,1972,2296.0998850671217
HTI,Haiti,1973,2364.510407846935
HTI,Haiti,1974,2457.927098716434
HTI,Haiti,1975,2440.839248337206
HTI,Haiti,1976,2597.3406768920877
HTI,Haiti,1977,2559.3414534498943
HTI,Haiti,1978,2630.209650182685
HTI,Haiti,1979,2770.1827497624145
HTI,Haiti,1980,2910.750620117444
HTI,Haiti,1981,2764.4020176567365
HTI,Haiti,1982,2603.788050540478
HTI,Haiti,1983,2567.252828547598
HTI,Haiti,1984,2515.602315325376
HTI,Haiti,1985,2473.4607931846786
HTI,Haiti,1986,2406.811904009945
HTI,Haiti,1987,2337.5719497519985
HTI,Haiti,1988,2360.723982449335
HTI,Haiti,1989,2244.8464973299792
HTI,Haiti,1990,2222.3284897713916
HTI,Haiti,1991,2219.2514759851697
HTI,Haiti,1992,2060.5414743358137
HTI,Haiti,1993,1911.4433081346413
HTI,Haiti,1994,1651.5215894577182
HTI,Haiti,1995,1781.257077689082
HTI,Haiti,1996,1821.1095803987682
HTI,Haiti,1997,1836.6104986843393
HTI,Haiti,1998,1843.3839257774973
HTI,Haiti,1999,1860.4725093905608
HTI,Haiti,2000,1844.865360852221
HTI,Haiti,2001,1795.5174230841394
HTI,Haiti,2002,1762.140188519646
HTI,Haiti,2003,1740.5861284593614
HTI,Haiti,2004,1653.069505920232
HTI,Haiti,2005,1656.6206620437165
HTI,Haiti,2006,1667.6508649538723
HTI,Haiti,2007,1696.8186355061596
HTI,Haiti,2008,1686.6276562355956
HTI,Haiti,2009,1710.9584904948974
HTI,Haiti,2010,1593.1199635552268
HTI,Haiti,2011,1657.078668284172
HTI,Haiti,2012,1680.929153171397
HTI,Haiti,2013,1728.1674168992536
HTI,Haiti,2014,1753.0881646068967
HTI,Haiti,2015,1751.363363597165
HTI,Haiti,2016,1754.4837153445756
HTI,Haiti,2017,1753.425228458699
HUN,Hungary,1950,
HUN,Hungary,1951,
HUN,Hungary,1952,
HUN,Hungary,1953,
HUN,Hungary,1954,
HUN,Hungary,1955,
HUN,Hungary,1956,
HUN,Hungary,1957,
HUN,Hungary,1958,
HUN,Hungary,1959,
HUN,Hungary,1960,
HUN,Hungary,1961,
HUN,Hungary,1962,
HUN,Hungary,1963,
HUN,Hungary,1964,
HUN,Hungary,1965,
HUN,Hungary,1966,
HUN,Hungary,1967,
HUN,Hungary,1968,
HUN,Hungary,1969,
HUN,Hungary,1970,8978.405686393637
HUN,Hungary,1971,9505.629749483622
HUN,Hungary,1972,10058.404634923638
HUN,Hungary,1973,10724.012028781623
HUN,Hungary,1974,11321.45009253088
HUN,Hungary,1975,11976.969629103245
HUN,Hungary,1976,12332.325790035267
HUN,Hungary,1977,13091.232556187435
HUN,Hungary,1978,13619.50833702255
HUN,Hungary,1979,13772.960184080373
HUN,Hungary,1980,13757.41170673454
HUN,Hungary,1981,14162.078577262748
HUN,Hungary,1982,14606.075711308407
HUN,Hungary,1983,14775.968441431227
HUN,Hungary,1984,15243.670753547192
HUN,Hungary,1985,15277.63860415688
HUN,Hungary,1986,15581.49436402787
HUN,Hungary,1987,16281.988183352776
HUN,Hungary,1988,16333.726206498262
HUN,Hungary,1989,16506.085917735796
HUN,Hungary,1990,15966.492238661393
HUN,Hungary,1991,14086.87296956545
HUN,Hungary,1992,13661.05220751624
HUN,Hungary,1993,13581.766686021168
HUN,Hungary,1994,13984.02190261158
HUN,Hungary,1995,14203.67606788089
HUN,Hungary,1996,14228.851516197434
HUN,Hungary,1997,14738.302540911749
HUN,Hungary,1998,15405.748934064857
HUN,Hungary,1999,15943.528726254935
HUN,Hungary,2000,16661.611788694274
HUN,Hungary,2001,17347.40631641106
HUN,Hungary,2002,18179.536021185115
HUN,Hungary,2003,18927.439574175332
HUN,Hungary,2004,19927.548675851758
HUN,Hungary,2005,20861.030044056428
HUN,Hungary,2006,21730.28008493596
HUN,Hungary,2007,21891.754745974442
HUN,Hungary,2008,22150.350144863423
HUN,Hungary,2009,20755.219051189826
HUN,Hungary,2010,20956.67601583975
HUN,Hungary,2011,21367.852451331357
HUN,Hungary,2012,21079.994656716586
HUN,Hungary,2013,21582.5351291593
HUN,Hungary,2014,22559.33411502196
HUN,Hungary,2015,23427.338904178952
HUN,Hungary,2016,24036.955415649765
HUN,Hungary,2017,25113.059425294083
IDN,Indonesia,1950,
IDN,Indonesia,1951,
IDN,Indonesia,1952,
IDN,Indonesia,1953,
IDN,Indonesia,1954,
IDN,Indonesia,1955,
IDN,Indonesia,1956,
IDN,Indonesia,1957,
IDN,Indonesia,1958,
IDN,Indonesia,1959,
IDN,Indonesia,1960,1634.6754375312996
IDN,Indonesia,1961,1730.2095926336526
IDN,Indonesia,1962,1694.1044138975647
IDN,Indonesia,1963,1596.9695127013144
IDN,Indonesia,1964,1638.6592524394405
IDN,Indonesia,1965,1625.5557632489542
IDN,Indonesia,1966,1638.2197999921898
IDN,Indonesia,1967,1627.9078866226416
IDN,Indonesia,1968,1706.3852078606064
IDN,Indonesia,1969,1683.32807435675
IDN,Indonesia,1970,1773.4721465242255
IDN,Indonesia,1971,1848.028827331513
IDN,Indonesia,1972,1969.5790662508703
IDN,Indonesia,1973,2136.1344349814435
IDN,Indonesia,1974,2241.344495340227
IDN,Indonesia,1975,2294.5896163770863
IDN,Indonesia,1976,2392.7831195703825
IDN,Indonesia,1977,2540.433954884257
IDN,Indonesia,1978,2675.339512254615
IDN,Indonesia,1979,2776.346736382737
IDN,Indonesia,1980,2979.935616548537
IDN,Indonesia,1981,3142.2253620582605
IDN,Indonesia,1982,3139.2657692334283
IDN,Indonesia,1983,3338.160918072416
IDN,Indonesia,1984,3493.2013328383096
IDN,Indonesia,1985,3504.1183748745498
IDN,Indonesia,1986,3635.246877923734
IDN,Indonesia,1987,3740.369853368554
IDN,Indonesia,1988,3882.5458058290055
IDN,Indonesia,1989,4158.365665629072
IDN,Indonesia,1990,4452.493607080611
IDN,Indonesia,1991,4766.185129348103
IDN,Indonesia,1992,5024.188623768829
IDN,Indonesia,1993,5300.321827505791
IDN,Indonesia,1994,5609.584325108538
IDN,Indonesia,1995,5977.8013196113025
IDN,Indonesia,1996,6350.088000322684
IDN,Indonesia,1997,6553.614359800169
IDN,Indonesia,1998,5613.917139610052
IDN,Indonesia,1999,5603.210984784248
IDN,Indonesia,2000,5797.533437812838
IDN,Indonesia,2001,5925.679402791357
IDN,Indonesia,2002,6106.851377200894
IDN,Indonesia,2003,6310.662964028131
IDN,Indonesia,2004,6537.163802026222
IDN,Indonesia,2005,6814.879447074419
IDN,Indonesia,2006,7091.992452892376
IDN,Indonesia,2007,7439.983176863641
IDN,Indonesia,2008,7781.5233154395
IDN,Indonesia,2009,8033.5035178582575
IDN,Indonesia,2010,8421.477172958894
IDN,Indonesia,2011,8825.223943312829
IDN,Indonesia,2012,9237.99004380064
IDN,Indonesia,2013,9629.530274916544
IDN,Indonesia,2014,9988.831476091971
IDN,Indonesia,2015,10352.925168653737
IDN,Indonesia,2016,10751.027070600587
IDN,Indonesia,2017,11172.79603440406
IND,India,1950,868.8661269276718
IND,India,1951,870.3831603832972
IND,India,1952,898.804756694914
IND,India,1953,933.8779915538855
IND,India,1954,951.4877989374588
IND,India,1955,954.7729114302664
IND,India,1956,962.5479725953086
IND,India,1957,944.9206382556767
IND,India,1958,992.4444781216632
IND,India,1959,992.3917522465642
IND,India,1960,1048.1570114147123
IND,India,1961,1064.162874647718
IND,India,1962,1077.3734636694605
IND,India,1963,1124.4075664612985
IND,India,1964,1181.9366785416726
IND,India,1965,1131.0991074913195
IND,India,1966,1101.9002264567375
IND,India,1967,1163.0235730876764
IND,India,1968,1195.065857308194
IND,India,1969,1299.2240926496393
IND,India,1970,1289.7318516698901
IND,India,1971,1283.8281229093302
IND,India,1972,1246.8658953901775
IND,India,1973,1254.1604238290267
IND,India,1974,1239.8629025216917
IND,India,1975,1322.7529060886352
IND,India,1976,1315.614197682903
IND,India,1977,1378.385356377041
IND,India,1978,1421.8785333909964
IND,India,1979,1319.6701701013833
IND,India,1980,1374.947151572818
IND,India,1981,1431.233334298391
IND,India,1982,1451.263535388497
IND,India,1983,1523.3907906538604
IND,India,1984,1543.679186538831
IND,India,1985,1591.8076344988206
IND,India,1986,1632.7371434290317
IND,India,1987,1673.722976253846
IND,India,1988,1800.7985137077108
IND,India,1989,1879.1163168446992
IND,India,1990,1944.7297814762326
IND,India,1991,1913.5506782952157
IND,India,1992,1977.270688302594
IND,India,1993,2034.736625121912
IND,India,1994,2144.488901015366
IND,India,1995,2264.5200173785393
IND,India,1996,2386.2348082933872
IND,India,1997,2446.8219344579816
IND,India,1998,2545.924745362101
IND,India,1999,2678.4700765104417
IND,India,2000,2737.4405565653838
IND,India,2001,2830.7163272769494
IND,India,2002,2887.940137525013
IND,India,2003,3078.2207373289157
IND,India,2004,3279.996906447536
IND,India,2005,3484.246361189468
IND,India,2006,3707.234351039732
IND,India,2007,3931.3419668641786
IND,India,2008,3993.564361804432
IND,India,2009,4246.790167718708
IND,India,2010,4545.115890861241
IND,India,2011,4720.997953423548
IND,India,2012,4916.198364063688
IND,India,2013,5166.761312559816
IND,India,2014,5484.018051846015
IND,India,2015,5862.362258399044
IND,India,2016,6207.6454609270295
IND,India,2017,6548.169661675159
IRL,Ireland,1950,6992.143953565031
IRL,Ireland,1951,7240.103195329621
IRL,Ireland,1952,7132.6991677033075
IRL,Ireland,1953,7408.041299763622
IRL,Ireland,1954,7491.496274095309
IRL,Ireland,1955,7893.0405359505385
IRL,Ireland,1956,7677.611132046889
IRL,Ireland,1957,7502.539810995088
IRL,Ireland,1958,7549.324838944953
IRL,Ireland,1959,8003.368154394909
IRL,Ireland,1960,8346.464965892294
IRL,Ireland,1961,8804.808834593941
IRL,Ireland,1962,9105.461208148081
IRL,Ireland,1963,9491.976427431804
IRL,Ireland,1964,9858.680781738633
IRL,Ireland,1965,10052.397584559416
IRL,Ireland,1966,10047.211134549292
IRL,Ireland,1967,10505.441655957984
IRL,Ireland,1968,11412.30582677947
IRL,Ireland,1969,12167.965722217885
IRL,Ireland,1970,12282.761647197945
IRL,Ireland,1971,12552.437153463026
IRL,Ireland,1972,13174.694035458904
IRL,Ireland,1973,13577.6326224706
IRL,Ireland,1974,13921.519643334434
IRL,Ireland,1975,14464.405531200884
IRL,Ireland,1976,14423.9482532579
IRL,Ireland,1977,15354.258355479202
IRL,Ireland,1978,16201.852669992597
IRL,Ireland,1979,16461.262798332165
IRL,Ireland,1980,16753.903627095187
IRL,Ireland,1981,17121.91588379856
IRL,Ireland,1982,17350.659171461368
IRL,Ireland,1983,17178.813036772954
IRL,Ireland,1984,17826.50899196518
IRL,Ireland,1985,18307.982260920493
IRL,Ireland,1986,18196.96204768082
IRL,Ireland,1987,19043.29498388497
IRL,Ireland,1988,20051.72881848281
IRL,Ireland,1989,21228.36156811707
IRL,Ireland,1990,23012.97173521761
IRL,Ireland,1991,23410.353484384934
IRL,Ireland,1992,24110.650829942322
IRL,Ireland,1993,24642.630720980505
IRL,Ireland,1994,25909.154079870572
IRL,Ireland,1995,28212.851997108923
IRL,Ireland,1996,30182.124061768103
IRL,Ireland,1997,32995.40539610132
IRL,Ireland,1998,35436.35061050862
IRL,Ireland,1999,38732.907353616814
IRL,Ireland,2000,41850.475354048016
IRL,Ireland,2001,43593.85676387184
IRL,Ireland,2002,45563.47436476484
IRL,Ireland,2003,46134.84170049289
IRL,Ireland,2004,48273.07908931891
IRL,Ireland,2005,50149.46311361634
IRL,Ireland,2006,51806.97775273959
IRL,Ireland,2007,53331.823993590486
IRL,Ireland,2008,50188.39249198178
IRL,Ireland,2009,47043.9835080313
IRL,Ireland,2010,47282.28104057278
IRL,Ireland,2011,48321.32875404799
IRL,Ireland,2012,48178.72843541604
IRL,Ireland,2013,48928.025606824995
IRL,Ireland,2014,52953.39836686716
IRL,Ireland,2015,66400.66779176188
IRL,Ireland,2016,69317.53141029866
IRL,Ireland,2017,74167.63898535781
IRN,Iran (Islamic Republic of),1950,
IRN,Iran (Islamic Republic of),1951,
IRN,Iran (Islamic Republic of),1952,
IRN,Iran (Islamic Republic of),1953,
IRN,Iran (Islamic Republic of),1954,
IRN,Iran (Islamic Republic of),1955,9687.304989375036
IRN,Iran (Islamic Republic of),1956,10636.743461375927
IRN,Iran (Islamic Republic of),1957,12415.685986569544
IRN,Iran (Islamic Republic of),1958,13685.032393019286
IRN,Iran (Islamic Republic of),1959,14915.003751630855
IRN,Iran (Islamic Republic of),1960,15883.882491311884
IRN,Iran (Islamic Republic of),1961,16745.031923130005
IRN,Iran (Islamic Republic of),1962,17344.4383894173
IRN,Iran (Islamic Republic of),1963,17876.225142014053
IRN,Iran (Islamic Republic of),1964,18707.645077676745
IRN,Iran (Islamic Republic of),1965,20676.50796540205
IRN,Iran (Islamic Republic of),1966,22334.4502021825
IRN,Iran (Islamic Republic of),1967,24057.912890982494
IRN,Iran (Islamic Republic of),1968,26334.218098037625
IRN,Iran (Islamic Republic of),1969,28949.09625135988
IRN,Iran (Islamic Republic of),1970,17100.734301923225
IRN,Iran (Islamic Republic of),1971,18934.319740370716
IRN,Iran (Islamic Republic of),1972,21107.93805884258
IRN,Iran (Islamic Republic of),1973,22069.65845652261
IRN,Iran (Islamic Republic of),1974,22702.571054792454
IRN,Iran (Islamic Republic of),1975,21975.142606108642
IRN,Iran (Islamic Republic of),1976,25212.051849928237
IRN,Iran (Islamic Republic of),1977,23757.229286567792
IRN,Iran (Islamic Republic of),1978,20037.766917584577
IRN,Iran (Islamic Republic of),1979,17023.33691733881
IRN,Iran (Islamic Republic of),1980,12857.774247533438
IRN,Iran (Islamic Republic of),1981,11658.160369479847
IRN,Iran (Islamic Republic of),1982,13788.422376517123
IRN,Iran (Islamic Republic of),1983,14698.821974141143
IRN,Iran (Islamic Republic of),1984,13100.184286260766
IRN,Iran (Islamic Republic of),1985,12818.303829194962
IRN,Iran (Islamic Republic of),1986,11114.661137837094
IRN,Iran (Islamic Republic of),1987,10674.955922335139
IRN,Iran (Islamic Republic of),1988,9670.935892701378
IRN,Iran (Islamic Republic of),1989,9945.147737205021
IRN,Iran (Islamic Republic of),1990,11006.030851301131
IRN,Iran (Islamic Republic of),1991,12157.053891686206
IRN,Iran (Islamic Republic of),1992,12367.198651416611
IRN,Iran (Islamic Republic of),1993,12034.386510554838
IRN,Iran (Islamic Republic of),1994,11684.640801976891
IRN,Iran (Islamic Republic of),1995,11797.194766828521
IRN,Iran (Islamic Republic of),1996,12550.111582647642
IRN,Iran (Islamic Republic of),1997,12575.802423482355
IRN,Iran (Islamic Republic of),1998,12579.13048822564
IRN,Iran (Islamic Republic of),1999,12746.124231561585
IRN,Iran (Islamic Republic of),2000,13052.543658417957
IRN,Iran (Islamic Republic of),2001,13123.426090780216
IRN,Iran (Islamic Republic of),2002,13987.989823641145
IRN,Iran (Islamic Republic of),2003,14981.005264416428
IRN,Iran (Islamic Republic of),2004,15305.071529952322
IRN,Iran (Islamic Republic of),2005,15612.806077737678
IRN,Iran (Islamic Republic of),2006,16207.892699644246
IRN,Iran (Islamic Republic of),2007,17334.29779130319
IRN,Iran (Islamic Republic of),2008,17183.491261044124
IRN,Iran (Islamic Republic of),2009,17158.262214265873
IRN,Iran (Islamic Republic of),2010,17938.869488513665
IRN,Iran (Islamic Republic of),2011,18188.086844399666
IRN,Iran (Islamic Republic of),2012,16622.24752523486
IRN,Iran (Islamic Republic of),2013,16379.641527058915
IRN,Iran (Islamic Republic of),2014,16920.462666460055
IRN,Iran (Islamic Republic of),2015,16497.255351018543
IRN,Iran (Islamic Republic of),2016,18493.59207301566
IRN,Iran (Islamic Republic of),2017,18978.749751650812
IRQ,Iraq,1950,
IRQ,Iraq,1951,
IRQ,Iraq,1952,
IRQ,Iraq,1953,
IRQ,Iraq,1954,
IRQ,Iraq,1955,
IRQ,Iraq,1956,
IRQ,Iraq,1957,
IRQ,Iraq,1958,
IRQ,Iraq,1959,
IRQ,Iraq,1960,
IRQ,Iraq,1961,
IRQ,Iraq,1962,
IRQ,Iraq,1963,
IRQ,Iraq,1964,
IRQ,Iraq,1965,
IRQ,Iraq,1966,
IRQ,Iraq,1967,
IRQ,Iraq,1968,
IRQ,Iraq,1969,
IRQ,Iraq,1970,6872.175200545349
IRQ,Iraq,1971,7106.977030138205
IRQ,Iraq,1972,6619.578708308519
IRQ,Iraq,1973,7619.899827745741
IRQ,Iraq,1974,7970.963049799897
IRQ,Iraq,1975,8825.804224516272
IRQ,Iraq,1976,10309.253243397716
IRQ,Iraq,1977,10168.404408958886
IRQ,Iraq,1978,11650.267028500462
IRQ,Iraq,1979,14004.172027300625
IRQ,Iraq,1980,13654.136518644546
IRQ,Iraq,1981,10885.961309308204
IRQ,Iraq,1982,10476.461858061726
IRQ,Iraq,1983,9357.12819663711
IRQ,Iraq,1984,9139.67463195523
IRQ,Iraq,1985,8920.547311003835
IRQ,Iraq,1986,9428.467703958962
IRQ,Iraq,1987,11011.075153600998
IRQ,Iraq,1988,11100.724157469993
IRQ,Iraq,1989,9885.480817421932
IRQ,Iraq,1990,9644.45370564705
IRQ,Iraq,1991,3181.281819178277
IRQ,Iraq,1992,3885.161987549687
IRQ,Iraq,1993,5604.145351757217
IRQ,Iraq,1994,5185.703913976035
IRQ,Iraq,1995,4108.057185366592
IRQ,Iraq,1996,5959.246139037954
IRQ,Iraq,1997,7039.293169253601
IRQ,Iraq,1998,9201.672023493706
IRQ,Iraq,1999,10494.209628338125
IRQ,Iraq,2000,10331.453051940889
IRQ,Iraq,2001,10270.542220338653
IRQ,Iraq,2002,9298.208435623515
IRQ,Iraq,2003,6053.305181588487
IRQ,Iraq,2004,9087.401164786037
IRQ,Iraq,2005,9244.286742453185
IRQ,Iraq,2006,9929.84477008354
IRQ,Iraq,2007,9821.08260150498
IRQ,Iraq,2008,10210.83900305004
IRQ,Iraq,2009,10520.922561913225
IRQ,Iraq,2010,10790.322620770208
IRQ,Iraq,2011,11530.981653877665
IRQ,Iraq,2012,12569.969240804656
IRQ,Iraq,2013,15322.084647092013
IRQ,Iraq,2014,14859.846936254971
IRQ,Iraq,2015,14955.010772562533
IRQ,Iraq,2016,15907.693883852982
IRQ,Iraq,2017,15621.157603538653
ISL,Iceland,1950,7939.742030060148
ISL,Iceland,1951,7683.733137925368
ISL,Iceland,1952,7412.30329833853
ISL,Iceland,1953,8340.642853830048
ISL,Iceland,1954,8926.952283121707
ISL,Iceland,1955,9677.82261844249
ISL,Iceland,1956,9760.476387493534
ISL,Iceland,1957,9554.099084395832
ISL,Iceland,1958,10201.082935250966
ISL,Iceland,1959,10276.053305530359
ISL,Iceland,1960,10332.699173222873
ISL,Iceland,1961,10148.226164410213
ISL,Iceland,1962,10801.826059151354
ISL,Iceland,1963,11692.463269177666
ISL,Iceland,1964,12622.80659987471
ISL,Iceland,1965,13300.625369714158
ISL,Iceland,1966,14217.010795147107
ISL,Iceland,1967,13820.156694147321
ISL,Iceland,1968,12896.847274834321
ISL,Iceland,1969,13094.013748052881
ISL,Iceland,1970,13989.063040193932
ISL,Iceland,1971,15612.844586248684
ISL,Iceland,1972,16352.958093394278
ISL,Iceland,1973,17229.166588253123
ISL,Iceland,1974,17980.057908732284
ISL,Iceland,1975,17888.1971385335
ISL,Iceland,1976,18763.120622029575
ISL,Iceland,1977,20237.021822001272
ISL,Iceland,1978,21274.299506809733
ISL,Iceland,1979,22115.662484839377
ISL,Iceland,1980,23165.648420851747
ISL,Iceland,1981,23902.144495890123
ISL,Iceland,1982,24144.456293520623
ISL,Iceland,1983,23349.800575377405
ISL,Iceland,1984,24029.98267151898
ISL,Iceland,1985,24536.23831569641
ISL,Iceland,1986,25781.422056297222
ISL,Iceland,1987,27676.019450116022
ISL,Iceland,1988,27352.262982534314
ISL,Iceland,1989,27134.284887579386
ISL,Iceland,1990,27168.505730406243
ISL,Iceland,1991,26836.198979908702
ISL,Iceland,1992,25678.89292633468
ISL,Iceland,1993,25768.05107705838
ISL,Iceland,1994,26448.060036660157
ISL,Iceland,1995,26232.4377681973
ISL,Iceland,1996,27231.163648391703
ISL,Iceland,1997,28945.920852076575
ISL,Iceland,1998,30708.48735860506
ISL,Iceland,1999,31654.081975938683
ISL,Iceland,2000,32898.7852250794
ISL,Iceland,2001,33882.77251200942
ISL,Iceland,2002,33824.00063247686
ISL,Iceland,2003,34276.08075423514
ISL,Iceland,2004,36631.655672708766
ISL,Iceland,2005,38438.76241823122
ISL,Iceland,2006,39815.33997860714
ISL,Iceland,2007,42763.46235125136
ISL,Iceland,2008,42817.86992195761
ISL,Iceland,2009,39259.091688826935
ISL,Iceland,2010,37408.16576204546
ISL,Iceland,2011,37747.91093795397
ISL,Iceland,2012,37989.68115600499
ISL,Iceland,2013,39378.30306726018
ISL,Iceland,2014,40022.475834464516
ISL,Iceland,2015,41584.76196092834
ISL,Iceland,2016,44342.295849889226
ISL,Iceland,2017,45760.06292330197
ISR,Israel,1950,4674.483575016147
ISR,Israel,1951,5250.297182179778
ISR,Israel,1952,5038.771058953969
ISR,Israel,1953,4828.177677940496
ISR,Israel,1954,5614.824362595065
ISR,Israel,1955,6163.692102637613
ISR,Israel,1956,6430.34758910997
ISR,Israel,1957,6659.212304471242
ISR,Israel,1958,6863.312891505206
ISR,Israel,1959,7527.232494285065
ISR,Israel,1960,7799.799854195115
ISR,Israel,1961,8355.007302114815
ISR,Israel,1962,8816.12800097086
ISR,Israel,1963,9357.416129824585
ISR,Israel,1964,9909.0469936061
ISR,Israel,1965,9479.893107715801
ISR,Israel,1966,10124.539722831569
ISR,Israel,1967,10026.707050403831
ISR,Israel,1968,10058.377369211901
ISR,Israel,1969,11316.02315410461
ISR,Israel,1970,12375.769661332813
ISR,Israel,1971,13324.046796998431
ISR,Israel,1972,14463.469951412466
ISR,Israel,1973,14769.648647870483
ISR,Israel,1974,15228.433258665196
ISR,Israel,1975,15264.287799653357
ISR,Israel,1976,14907.390780977828
ISR,Israel,1977,14693.642246582904
ISR,Israel,1978,15160.55664258507
ISR,Israel,1979,15764.888320881077
ISR,Israel,1980,15714.123399263928
ISR,Israel,1981,16247.083771736769
ISR,Israel,1982,16294.01315578439
ISR,Israel,1983,16557.157181658567
ISR,Israel,1984,16437.00695113784
ISR,Israel,1985,16821.36973778189
ISR,Israel,1986,17246.73798149547
ISR,Israel,1987,18183.44481518578
ISR,Israel,1988,18383.831732894556
ISR,Israel,1989,18098.22732404665
ISR,Israel,1990,18921.025643842437
ISR,Israel,1991,19756.354091117242
ISR,Israel,1992,20555.90890718431
ISR,Israel,1993,20634.613794952824
ISR,Israel,1994,21402.06557543586
ISR,Israel,1995,22537.560157532844
ISR,Israel,1996,23010.602279498125
ISR,Israel,1997,23336.600257933555
ISR,Israel,1998,23749.02586204979
ISR,Israel,1999,24060.63928885766
ISR,Israel,2000,25663.385351877616
ISR,Israel,2001,25215.175239392454
ISR,Israel,2002,24731.882867645105
ISR,Israel,2003,24571.325686871234
ISR,Israel,2004,25318.424159112485
ISR,Israel,2005,25831.40096392043
ISR,Israel,2006,26706.917476250226
ISR,Israel,2007,27629.867741496153
ISR,Israel,2008,27805.5605049274
ISR,Israel,2009,27514.20719367107
ISR,Israel,2010,28420.651214708883
ISR,Israel,2011,29320.33349939708
ISR,Israel,2012,29462.303177438527
ISR,Israel,2013,30245.0688629375
ISR,Israel,2014,30951.077261513514
ISR,Israel,2015,31266.19710635598
ISR,Israel,2016,32014.035943524705
ISR,Israel,2017,32604.44163645094
ITA,Italy,1950,6295.915067778736
ITA,Italy,1951,6801.1962553425155
ITA,Italy,1952,7057.034947664179
ITA,Italy,1953,7446.598621781877
ITA,Italy,1954,7696.6346128661635
ITA,Italy,1955,8052.646270508976
ITA,Italy,1956,8334.854332024106
ITA,Italy,1957,8605.679623843105
ITA,Italy,1958,8955.84848466893
ITA,Italy,1959,9471.701097986248
ITA,Italy,1960,10176.180375132439
ITA,Italy,1961,10950.81497249359
ITA,Italy,1962,11549.834980444877
ITA,Italy,1963,12105.398434906278
ITA,Italy,1964,12340.185081042582
ITA,Italy,1965,12656.625926298027
ITA,Italy,1966,13330.407911197137
ITA,Italy,1967,14185.841659790602
ITA,Italy,1968,15034.981416747734
ITA,Italy,1969,15844.157783970077
ITA,Italy,1970,17720.268406117444
ITA,Italy,1971,17918.286100083023
ITA,Italy,1972,18452.6342902757
ITA,Italy,1973,19636.821178909006
ITA,Italy,1974,20589.012782196736
ITA,Italy,1975,20046.281351163623
ITA,Italy,1976,21368.993407089
ITA,Italy,1977,21821.65323457168
ITA,Italy,1978,22443.522548269277
ITA,Italy,1979,23700.730753774213
ITA,Italy,1980,24438.730318303107
ITA,Italy,1981,24576.560636269434
ITA,Italy,1982,24617.04198222555
ITA,Italy,1983,24851.58149737317
ITA,Italy,1984,25608.64575785673
ITA,Italy,1985,26290.723811270007
ITA,Italy,1986,27019.20485595539
ITA,Italy,1987,27868.134595634867
ITA,Italy,1988,29030.076385206296
ITA,Italy,1989,30008.45426180118
ITA,Italy,1990,30596.874922471696
ITA,Italy,1991,31053.7862991322
ITA,Italy,1992,31292.945104805676
ITA,Italy,1993,31005.606408903386
ITA,Italy,1994,31658.86925325093
ITA,Italy,1995,32570.633620687655
ITA,Italy,1996,33004.32190424309
ITA,Italy,1997,33636.38480326655
ITA,Italy,1998,34198.722512632114
ITA,Italy,1999,34716.11379394032
ITA,Italy,2000,35932.64874434472
ITA,Italy,2001,36434.21579452651
ITA,Italy,2002,36338.11393924466
ITA,Italy,2003,36176.99783309219
ITA,Italy,2004,36530.874763687156
ITA,Italy,2005,36681.03027922479
ITA,Italy,2006,37245.19134134725
ITA,Italy,2007,37645.25934303532
ITA,Italy,2008,37131.59615495401
ITA,Italy,2009,35013.950077060756
ITA,Italy,2010,35552.039129321296
ITA,Italy,2011,35739.01880660279
ITA,Italy,2012,34746.70274764591
ITA,Italy,2013,34183.899241708226
ITA,Italy,2014,34270.043274867
ITA,Italy,2015,34634.04228832413
ITA,Italy,2016,35074.55838933083
ITA,Italy,2017,35667.88267828833
JAM,Jamaica,1950,
JAM,Jamaica,1951,
JAM,Jamaica,1952,
JAM,Jamaica,1953,3543.5155075927323
JAM,Jamaica,1954,3884.2390126525515
JAM,Jamaica,1955,4206.467524838562
JAM,Jamaica,1956,4580.043500264275
JAM,Jamaica,1957,5080.798986599756
JAM,Jamaica,1958,5108.741898248291
JAM,Jamaica,1959,5164.621320791611
JAM,Jamaica,1960,5361.805537282675
JAM,Jamaica,1961,5551.975757189172
JAM,Jamaica,1962,5615.571937765143
JAM,Jamaica,1963,5893.0726079396645
JAM,Jamaica,1964,6100.181230812063
JAM,Jamaica,1965,6211.7397745511635
JAM,Jamaica,1966,6160.451968113355
JAM,Jamaica,1967,6072.23671412481
JAM,Jamaica,1968,6075.832614910296
JAM,Jamaica,1969,6226.8130735797095
JAM,Jamaica,1970,6986.1309669357415
JAM,Jamaica,1971,7088.609062321449
JAM,Jamaica,1972,7614.186518176282
JAM,Jamaica,1973,7586.3609186084095
JAM,Jamaica,1974,7177.202164727927
JAM,Jamaica,1975,7050.45114378453
JAM,Jamaica,1976,6507.416634550557
JAM,Jamaica,1977,6274.899461895634
JAM,Jamaica,1978,6233.77251854684
JAM,Jamaica,1979,6041.422219800743
JAM,Jamaica,1980,5615.515036943778
JAM,Jamaica,1981,5668.697754190814
JAM,Jamaica,1982,5641.317110111146
JAM,Jamaica,1983,5672.965276752038
JAM,Jamaica,1984,5538.532601088807
JAM,Jamaica,1985,5214.330012015493
JAM,Jamaica,1986,5250.263322378444
JAM,Jamaica,1987,5613.900569297614
JAM,Jamaica,1988,5741.4748885042445
JAM,Jamaica,1989,6097.974547405955
JAM,Jamaica,1990,6386.981874029228
JAM,Jamaica,1991,6391.539136000437
JAM,Jamaica,1992,6989.852636947681
JAM,Jamaica,1993,7060.29993036003
JAM,Jamaica,1994,7054.490420663272
JAM,Jamaica,1995,7058.591143974774
JAM,Jamaica,1996,7012.877171597952
JAM,Jamaica,1997,6877.187931358565
JAM,Jamaica,1998,6729.008311538404
JAM,Jamaica,1999,6734.895331875268
JAM,Jamaica,2000,6725.352213822523
JAM,Jamaica,2001,6760.229559055609
JAM,Jamaica,2002,6759.3057532481525
JAM,Jamaica,2003,6963.039719038374
JAM,Jamaica,2004,7013.163720192281
JAM,Jamaica,2005,7034.86648555652
JAM,Jamaica,2006,7197.882004635372
JAM,Jamaica,2007,7261.87708166303
JAM,Jamaica,2008,7165.100193008331
JAM,Jamaica,2009,6820.25534776843
JAM,Jamaica,2010,6688.938632280336
JAM,Jamaica,2011,6775.212965128453
JAM,Jamaica,2012,6705.6855508033195
JAM,Jamaica,2013,6713.572715303663
JAM,Jamaica,2014,6735.131103950914
JAM,Jamaica,2015,6771.951614010959
JAM,Jamaica,2016,6845.359158544546
JAM,Jamaica,2017,6890.954657266158
JOR,Jordan,1950,
JOR,Jordan,1951,
JOR,Jordan,1952,
JOR,Jordan,1953,
JOR,Jordan,1954,5019.140602824105
JOR,Jordan,1955,4023.2109438226644
JOR,Jordan,1956,5409.7170956379405
JOR,Jordan,1957,5337.4611991698675
JOR,Jordan,1958,5783.300678713587
JOR,Jordan,1959,6544.86196274993
JOR,Jordan,1960,6641.668728783978
JOR,Jordan,1961,7471.897033406228
JOR,Jordan,1962,7257.455039918395
JOR,Jordan,1963,7405.437165459506
JOR,Jordan,1964,8149.266892200562
JOR,Jordan,1965,8698.766979393513
JOR,Jordan,1966,8576.486676582712
JOR,Jordan,1967,8494.719708793502
JOR,Jordan,1968,7671.966790933131
JOR,Jordan,1969,7903.533017427072
JOR,Jordan,1970,6676.882857801527
JOR,Jordan,1971,6411.671904938692
JOR,Jordan,1972,6509.235259937247
JOR,Jordan,1973,5877.599915116267
JOR,Jordan,1974,5704.0219444554095
JOR,Jordan,1975,5497.578670540512
JOR,Jordan,1976,6104.81532212866
JOR,Jordan,1977,6441.0814054329685
JOR,Jordan,1978,7193.363662620632
JOR,Jordan,1979,8443.945065374526
JOR,Jordan,1980,9092.760308078556
JOR,Jordan,1981,10279.137997821897
JOR,Jordan,1982,10577.897530609676
JOR,Jordan,1983,9925.288163824276
JOR,Jordan,1984,9930.719678897716
JOR,Jordan,1985,9276.366362033308
JOR,Jordan,1986,9412.21177602284
JOR,Jordan,1987,9271.818289020222
JOR,Jordan,1988,9046.57146155609
JOR,Jordan,1989,7737.325948710449
JOR,Jordan,1990,7357.203498333888
JOR,Jordan,1991,7091.453343647265
JOR,Jordan,1992,7670.185797714395
JOR,Jordan,1993,7590.638809370205
JOR,Jordan,1994,7594.773688010377
JOR,Jordan,1995,7752.54662840503
JOR,Jordan,1996,7673.3041074611865
JOR,Jordan,1997,7737.436063774565
JOR,Jordan,1998,7815.796376495329
JOR,Jordan,1999,7940.557829927262
JOR,Jordan,2000,8134.569712372894
JOR,Jordan,2001,8414.276815884523
JOR,Jordan,2002,8742.692739895218
JOR,Jordan,2003,8922.128049200075
JOR,Jordan,2004,9443.586761064566
JOR,Jordan,2005,9893.8546178372
JOR,Jordan,2006,10297.862272658429
JOR,Jordan,2007,10674.03339984578
JOR,Jordan,2008,10921.639015989325
JOR,Jordan,2009,10854.508220470188
JOR,Jordan,2010,10582.813824626714
JOR,Jordan,2011,10313.549052356666
JOR,Jordan,2012,9982.303723241264
JOR,Jordan,2013,9705.885844438812
JOR,Jordan,2014,9584.497581335901
JOR,Jordan,2015,9456.0624792552
JOR,Jordan,2016,9349.103732985075
JOR,Jordan,2017,9304.160198951766
JPN,Japan,1950,3215.433296326858
JPN,Japan,1951,3447.2106985944765
JPN,Japan,1952,3815.3745191072085
JPN,Japan,1953,4015.5986552572713
JPN,Japan,1954,4163.195632099345
JPN,Japan,1955,4403.0849863373405
JPN,Japan,1956,4683.444569628998
JPN,Japan,1957,5005.560192144092
JPN,Japan,1958,5268.984672269194
JPN,Japan,1959,5708.973432658409
JPN,Japan,1960,6400.025390917526
JPN,Japan,1961,7094.415567540267
JPN,Japan,1962,7632.871638290464
JPN,Japan,1963,8219.53062064882
JPN,Japan,1964,9044.181188983837
JPN,Japan,1965,9455.167712415538
JPN,Japan,1966,10329.346345405787
JPN,Japan,1967,11356.46019266902
JPN,Japan,1968,12567.372253103877
JPN,Japan,1969,13904.404926403518
JPN,Japan,1970,15161.70228620346
JPN,Japan,1971,15650.468854201197
JPN,Japan,1972,16723.38814117563
JPN,Japan,1973,17810.086681455145
JPN,Japan,1974,17354.639567128652
JPN,Japan,1975,17669.500300087904
JPN,Japan,1976,18167.110250108624
JPN,Japan,1977,18774.958992849814
JPN,Japan,1978,19585.490402686628
JPN,Japan,1979,20484.97072147321
JPN,Japan,1980,20892.457549738552
JPN,Japan,1981,21603.971403854775
JPN,Japan,1982,22156.80253508021
JPN,Japan,1983,22780.75862006693
JPN,Japan,1984,23656.72866720424
JPN,Japan,1985,24752.98928757345
JPN,Japan,1986,25445.805354723445
JPN,Japan,1987,26527.542634000703
JPN,Japan,1988,28210.1466609272
JPN,Japan,1989,29467.61208961816
JPN,Japan,1990,30798.49921412234
JPN,Japan,1991,31742.83006364581
JPN,Japan,1992,31909.499272500987
JPN,Japan,1993,31649.281629133482
JPN,Japan,1994,31875.9393038719
JPN,Japan,1995,32669.09828527524
JPN,Japan,1996,33607.74041015809
JPN,Japan,1997,33902.982433161
JPN,Japan,1998,33461.071233500035
JPN,Japan,1999,33322.081933663474
JPN,Japan,2000,34195.106446785685
JPN,Japan,2001,34283.09303433514
JPN,Japan,2002,34275.47891388594
JPN,Japan,2003,34754.40103384992
JPN,Japan,2004,35480.22316749122
JPN,Japan,2005,36035.814573058975
JPN,Japan,2006,36519.858972972805
JPN,Japan,2007,37103.091407573556
JPN,Japan,2008,36684.43341630518
JPN,Japan,2009,34693.090772667594
JPN,Japan,2010,36151.49388414351
JPN,Japan,2011,36122.82785161927
JPN,Japan,2012,36685.45025133292
JPN,Japan,2013,37452.34876069448
JPN,Japan,2014,37636.70330912207
JPN,Japan,2015,38202.250569481126
JPN,Japan,2016,38629.01345114138
JPN,Japan,2017,39380.45737190226
KAZ,Kazakhstan,1950,
KAZ,Kazakhstan,1951,
KAZ,Kazakhstan,1952,
KAZ,Kazakhstan,1953,
KAZ,Kazakhstan,1954,
KAZ,Kazakhstan,1955,
KAZ,Kazakhstan,1956,
KAZ,Kazakhstan,1957,
KAZ,Kazakhstan,1958,
KAZ,Kazakhstan,1959,
KAZ,Kazakhstan,1960,
KAZ,Kazakhstan,1961,
KAZ,Kazakhstan,1962,
KAZ,Kazakhstan,1963,
KAZ,Kazakhstan,1964,
KAZ,Kazakhstan,1965,
KAZ,Kazakhstan,1966,
KAZ,Kazakhstan,1967,
KAZ,Kazakhstan,1968,
KAZ,Kazakhstan,1969,
KAZ,Kazakhstan,1970,
KAZ,Kazakhstan,1971,
KAZ,Kazakhstan,1972,
KAZ,Kazakhstan,1973,
KAZ,Kazakhstan,1974,
KAZ,Kazakhstan,1975,
KAZ,Kazakhstan,1976,
KAZ,Kazakhstan,1977,
KAZ,Kazakhstan,1978,
KAZ,Kazakhstan,1979,
KAZ,Kazakhstan,1980,
KAZ,Kazakhstan,1981,
KAZ,Kazakhstan,1982,
KAZ,Kazakhstan,1983,
KAZ,Kazakhstan,1984,
KAZ,Kazakhstan,1985,
KAZ,Kazakhstan,1986,
KAZ,Kazakhstan,1987,
KAZ,Kazakhstan,1988,
KAZ,Kazakhstan,1989,
KAZ,Kazakhstan,1990,13016.500465907775
KAZ,Kazakhstan,1991,11590.715693961742
KAZ,Kazakhstan,1992,11013.421749139676
KAZ,Kazakhstan,1993,10063.88922091222
KAZ,Kazakhstan,1994,8881.666249591262
KAZ,Kazakhstan,1995,8242.265183942212
KAZ,Kazakhstan,1996,8392.75644872934
KAZ,Kazakhstan,1997,8669.259500502043
KAZ,Kazakhstan,1998,8634.055018611136
KAZ,Kazakhstan,1999,8973.746392443687
KAZ,Kazakhstan,2000,9928.112370563786
KAZ,Kazakhstan,2001,11286.107562964207
KAZ,Kazakhstan,2002,12332.664853445207
KAZ,Kazakhstan,2003,13371.128855801826
KAZ,Kazakhstan,2004,14506.645868961914
KAZ,Kazakhstan,2005,15754.393655897844
KAZ,Kazakhstan,2006,17274.978448840033
KAZ,Kazakhstan,2007,18631.938387706083
KAZ,Kazakhstan,2008,19051.84870080584
KAZ,Kazakhstan,2009,19064.40405323324
KAZ,Kazakhstan,2010,20179.28476222841
KAZ,Kazakhstan,2011,21647.502539893536
KAZ,Kazakhstan,2012,22312.60955966896
KAZ,Kazakhstan,2013,23247.89024238816
KAZ,Kazakhstan,2014,23837.769308531573
KAZ,Kazakhstan,2015,23757.08495352094
KAZ,Kazakhstan,2016,23698.865906455183
KAZ,Kazakhstan,2017,24360.435148251483
KEN,Kenya,1950,1854.1178492248987
KEN,Kenya,1951,2119.1687360976134
KEN,Kenya,1952,1943.4640913706344
KEN,Kenya,1953,1806.9817889759174
KEN,Kenya,1954,1902.7941074333366
KEN,Kenya,1955,1958.5978755651427
KEN,Kenya,1956,2001.118249360817
KEN,Kenya,1957,2031.3615241144937
KEN,Kenya,1958,1978.4841751814079
KEN,Kenya,1959,1858.1556176671618
KEN,Kenya,1960,1951.5660017024245
KEN,Kenya,1961,1824.7442698666152
KEN,Kenya,1962,1914.6463927411735
KEN,Kenya,1963,1935.290339463968
KEN,Kenya,1964,1986.2537045668832
KEN,Kenya,1965,2016.9305166031363
KEN,Kenya,1966,2184.974125324318
KEN,Kenya,1967,2204.2898680560584
KEN,Kenya,1968,2132.4369061793045
KEN,Kenya,1969,2194.2712674337063
KEN,Kenya,1970,2011.7476138252202
KEN,Kenya,1971,2068.09165537994
KEN,Kenya,1972,2095.5345687138138
KEN,Kenya,1973,2125.9790874894707
KEN,Kenya,1974,2149.944643258279
KEN,Kenya,1975,2064.2742215426024
KEN,Kenya,1976,2069.1370913528135
KEN,Kenya,1977,2176.383923422424
KEN,Kenya,1978,2284.8307696056795
KEN,Kenya,1979,2282.881862636783
KEN,Kenya,1980,2320.7190447050725
KEN,Kenya,1981,2317.9491869782114
KEN,Kenya,1982,2313.3904876248316
KEN,Kenya,1983,2257.5591628355714
KEN,Kenya,1984,2212.7567954864594
KEN,Kenya,1985,2223.571322005185
KEN,Kenya,1986,2297.8863211251446
KEN,Kenya,1987,2348.625792580695
KEN,Kenya,1988,2408.412537561725
KEN,Kenya,1989,2436.642755202586
KEN,Kenya,1990,2455.78332118388
KEN,Kenya,1991,2410.315398607839
KEN,Kenya,1992,2316.067145442817
KEN,Kenya,1993,2253.085103297952
KEN,Kenya,1994,2243.1295599070327
KEN,Kenya,1995,2273.60595482606
KEN,Kenya,1996,2300.4413660132223
KEN,Kenya,1997,2242.418744341441
KEN,Kenya,1998,2254.1631948753075
KEN,Kenya,1999,2239.13250222523
KEN,Kenya,2000,2189.451895202226
KEN,Kenya,2001,2225.621071977766
KEN,Kenya,2002,2178.197794472583
KEN,Kenya,2003,2181.2681267176404
KEN,Kenya,2004,2230.88390697127
KEN,Kenya,2005,2298.981936851254
KEN,Kenya,2006,2378.1911046105597
KEN,Kenya,2007,2472.136092121499
KEN,Kenya,2008,2410.6320222707986
KEN,Kenya,2009,2422.9613879564868
KEN,Kenya,2010,2555.7962858866517
KEN,Kenya,2011,2639.440317849071
KEN,Kenya,2012,2686.3350183014004
KEN,Kenya,2013,2769.5905675965273
KEN,Kenya,2014,2842.044715877796
KEN,Kenya,2015,2927.4746705356506
KEN,Kenya,2016,3020.9309391804263
KEN,Kenya,2017,3089.5718077026513
KGZ,Kyrgyzstan,1950,
KGZ,Kyrgyzstan,1951,
KGZ,Kyrgyzstan,1952,
KGZ,Kyrgyzstan,1953,
KGZ,Kyrgyzstan,1954,
KGZ,Kyrgyzstan,1955,
KGZ,Kyrgyzstan,1956,
KGZ,Kyrgyzstan,1957,
KGZ,Kyrgyzstan,1958,
KGZ,Kyrgyzstan,1959,
KGZ,Kyrgyzstan,1960,
KGZ,Kyrgyzstan,1961,
KGZ,Kyrgyzstan,1962,
KGZ,Kyrgyzstan,1963,
KGZ,Kyrgyzstan,1964,
KGZ,Kyrgyzstan,1965,
KGZ,Kyrgyzstan,1966,
KGZ,Kyrgyzstan,1967,
KGZ,Kyrgyzstan,1968,
KGZ,Kyrgyzstan,1969,
KGZ,Kyrgyzstan,1970,
KGZ,Kyrgyzstan,1971,
KGZ,Kyrgyzstan,1972,
KGZ,Kyrgyzstan,1973,
KGZ,Kyrgyzstan,1974,
KGZ,Kyrgyzstan,1975,
KGZ,Kyrgyzstan,1976,
KGZ,Kyrgyzstan,1977,
KGZ,Kyrgyzstan,1978,
KGZ,Kyrgyzstan,1979,
KGZ,Kyrgyzstan,1980,
KGZ,Kyrgyzstan,1981,
KGZ,Kyrgyzstan,1982,
KGZ,Kyrgyzstan,1983,
KGZ,Kyrgyzstan,1984,
KGZ,Kyrgyzstan,1985,
KGZ,Kyrgyzstan,1986,
KGZ,Kyrgyzstan,1987,
KGZ,Kyrgyzstan,1988,
KGZ,Kyrgyzstan,1989,
KGZ,Kyrgyzstan,1990,4975.981545363347
KGZ,Kyrgyzstan,1991,4532.249213083853
KGZ,Kyrgyzstan,1992,3874.7861803714136
KGZ,Kyrgyzstan,1993,3254.107962325861
KGZ,Kyrgyzstan,1994,2580.3954197045127
KGZ,Kyrgyzstan,1995,2415.1666203257823
KGZ,Kyrgyzstan,1996,2550.8997528766954
KGZ,Kyrgyzstan,1997,2758.400533056567
KGZ,Kyrgyzstan,1998,2769.1826314549617
KGZ,Kyrgyzstan,1999,2826.5124347691453
KGZ,Kyrgyzstan,2000,2944.276924984231
KGZ,Kyrgyzstan,2001,3074.7959190048923
KGZ,Kyrgyzstan,2002,3056.95566904802
KGZ,Kyrgyzstan,2003,3257.7802637576706
KGZ,Kyrgyzstan,2004,3468.9380237001346
KGZ,Kyrgyzstan,2005,3437.297377234651
KGZ,Kyrgyzstan,2006,3508.4567127186306
KGZ,Kyrgyzstan,2007,3761.9580999858285
KGZ,Kyrgyzstan,2008,4021.7820536077797
KGZ,Kyrgyzstan,2009,4077.0530706398094
KGZ,Kyrgyzstan,2010,3996.7944781330084
KGZ,Kyrgyzstan,2011,4170.051395827908
KGZ,Kyrgyzstan,2012,4101.201832244534
KGZ,Kyrgyzstan,2013,4477.0832391879685
KGZ,Kyrgyzstan,2014,4584.045320873657
KGZ,Kyrgyzstan,2015,4687.972547791065
KGZ,Kyrgyzstan,2016,4817.048852252123
KGZ,Kyrgyzstan,2017,4963.355538258763
KHM,Cambodia,1950,
KHM,Cambodia,1951,
KHM,Cambodia,1952,
KHM,Cambodia,1953,
KHM,Cambodia,1954,
KHM,Cambodia,1955,
KHM,Cambodia,1956,
KHM,Cambodia,1957,
KHM,Cambodia,1958,
KHM,Cambodia,1959,
KHM,Cambodia,1960,
KHM,Cambodia,1961,
KHM,Cambodia,1962,
KHM,Cambodia,1963,
KHM,Cambodia,1964,
KHM,Cambodia,1965,
KHM,Cambodia,1966,
KHM,Cambodia,1967,
KHM,Cambodia,1968,
KHM,Cambodia,1969,
KHM,Cambodia,1970,1440.8874094475916
KHM,Cambodia,1971,1341.4988346336818
KHM,Cambodia,1972,1240.3431566986624
KHM,Cambodia,1973,985.5087556788773
KHM,Cambodia,1974,923.504008075872
KHM,Cambodia,1975,912.1106236700134
KHM,Cambodia,1976,926.8613652905307
KHM,Cambodia,1977,813.7610673884558
KHM,Cambodia,1978,841.689141582429
KHM,Cambodia,1979,753.9657058536882
KHM,Cambodia,1980,719.3705712425871
KHM,Cambodia,1981,713.6849298789899
KHM,Cambodia,1982,696.1568805604375
KHM,Cambodia,1983,701.6510412136096
KHM,Cambodia,1984,708.789952238819
KHM,Cambodia,1985,716.2137253144459
KHM,Cambodia,1986,720.4574026677728
KHM,Cambodia,1987,850.2575012441757
KHM,Cambodia,1988,960.088797651374
KHM,Cambodia,1989,929.4627249417669
KHM,Cambodia,1990,910.4681885307788
KHM,Cambodia,1991,946.461871610113
KHM,Cambodia,1992,977.7768382388099
KHM,Cambodia,1993,982.3772293835787
KHM,Cambodia,1994,1022.1844083810774
KHM,Cambodia,1995,1048.3473352880242
KHM,Cambodia,1996,1063.9449478181248
KHM,Cambodia,1997,1092.339263559053
KHM,Cambodia,1998,1117.200074446923
KHM,Cambodia,1999,1220.1771433016581
KHM,Cambodia,2000,1297.8093107331936
KHM,Cambodia,2001,1375.2501852765506
KHM,Cambodia,2002,1438.7853905591244
KHM,Cambodia,2003,1534.6415409808637
KHM,Cambodia,2004,1666.0814241898597
KHM,Cambodia,2005,1857.428219173592
KHM,Cambodia,2006,2026.2978213479903
KHM,Cambodia,2007,2200.2180730392006
KHM,Cambodia,2008,2312.97882095448
KHM,Cambodia,2009,2280.5348811013478
KHM,Cambodia,2010,2379.614281835358
KHM,Cambodia,2011,2507.685246502561
KHM,Cambodia,2012,2646.2787938830297
KHM,Cambodia,2013,2797.6747593155865
KHM,Cambodia,2014,2946.845058134877
KHM,Cambodia,2015,3104.014985118206
KHM,Cambodia,2016,3266.1396224504715
KHM,Cambodia,2017,3441.9354637970637
KNA,Saint Kitts and Nevis,1950,
KNA,Saint Kitts and Nevis,1951,
KNA,Saint Kitts and Nevis,1952,
KNA,Saint Kitts and Nevis,1953,
KNA,Saint Kitts and Nevis,1954,
KNA,Saint Kitts and Nevis,1955,
KNA,Saint Kitts and Nevis,1956,
KNA,Saint Kitts and Nevis,1957,
KNA,Saint Kitts and Nevis,1958,
KNA,Saint Kitts and Nevis,1959,
KNA,Saint Kitts and Nevis,1960,
KNA,Saint Kitts and Nevis,1961,
KNA,Saint Kitts and Nevis,1962,
KNA,Saint Kitts and Nevis,1963,
KNA,Saint Kitts and Nevis,1964,
KNA,Saint Kitts and Nevis,1965,
KNA,Saint Kitts and Nevis,1966,
KNA,Saint Kitts and Nevis,1967,
KNA,Saint Kitts and Nevis,1968,
KNA,Saint Kitts and Nevis,1969,
KNA,Saint Kitts and Nevis,1970,3876.496129062989
KNA,Saint Kitts and Nevis,1971,4161.144900300149
KNA,Saint Kitts and Nevis,1972,4378.311686143573
KNA,Saint Kitts and Nevis,1973,4555.47838578666
KNA,Saint Kitts and Nevis,1974,4805.535968183347
KNA,Saint Kitts and Nevis,1975,4937.461103926757
KNA,Saint Kitts and Nevis,1976,5254.9458818091025
KNA,Saint Kitts and Nevis,1977,5609.554999554982
KNA,Saint Kitts and Nevis,1978,5887.294787833906
KNA,Saint Kitts and Nevis,1979,6363.146985223394
KNA,Saint Kitts and Nevis,1980,6929.403496875723
KNA,Saint Kitts and Nevis,1981,7045.6366564044265
KNA,Saint Kitts and Nevis,1982,7114.478733454936
KNA,Saint Kitts and Nevis,1983,7240.366955958041
KNA,Saint Kitts and Nevis,1984,7910.759803063314
KNA,Saint Kitts and Nevis,1985,8649.675708716928
KNA,Saint Kitts and Nevis,1986,9637.611248713607
KNA,Saint Kitts and Nevis,1987,10335.298997107737
KNA,Saint Kitts and Nevis,1988,11401.908568273164
KNA,Saint Kitts and Nevis,1989,12103.149118847281
KNA,Saint Kitts and Nevis,1990,12700.688112880838
KNA,Saint Kitts and Nevis,1991,12373.59057551485
KNA,Saint Kitts and Nevis,1992,12794.282686588815
KNA,Saint Kitts and Nevis,1993,13531.894955312335
KNA,Saint Kitts and Nevis,1994,14073.623454859298
KNA,Saint Kitts and Nevis,1995,14703.507659031213
KNA,Saint Kitts and Nevis,1996,15395.96301846771
KNA,Saint Kitts and Nevis,1997,16280.177865711808
KNA,Saint Kitts and Nevis,1998,15999.668569623394
KNA,Saint Kitts and Nevis,1999,16354.713528466891
KNA,Saint Kitts and Nevis,2000,17884.3423278605
KNA,Saint Kitts and Nevis,2001,18608.841032640983
KNA,Saint Kitts and Nevis,2002,18822.913200831885
KNA,Saint Kitts and Nevis,2003,17887.39814215114
KNA,Saint Kitts and Nevis,2004,18275.612769706964
KNA,Saint Kitts and Nevis,2005,19616.815486206826
KNA,Saint Kitts and Nevis,2006,19735.202027327738
KNA,Saint Kitts and Nevis,2007,19467.75460433792
KNA,Saint Kitts and Nevis,2008,20466.95868367954
KNA,Saint Kitts and Nevis,2009,19632.738583643073
KNA,Saint Kitts and Nevis,2010,18982.6478161143
KNA,Saint Kitts and Nevis,2011,19228.309157180116
KNA,Saint Kitts and Nevis,2012,18900.229974710503
KNA,Saint Kitts and Nevis,2013,19857.560253953237
KNA,Saint Kitts and Nevis,2014,20818.491095852176
KNA,Saint Kitts and Nevis,2015,21427.405264515175
KNA,Saint Kitts and Nevis,2016,21687.831451451086
KNA,Saint Kitts and Nevis,2017,21733.95950373041
KOR,Republic of Korea,1950,
KOR,Republic of Korea,1951,
KOR,Republic of Korea,1952,
KOR,Republic of Korea,1953,1407.3389216270245
KOR,Republic of Korea,1954,1425.2135691112449
KOR,Republic of Korea,1955,1520.787903646025
KOR,Republic of Korea,1956,1556.3295752506015
KOR,Republic of Korea,1957,1617.502030805141
KOR,Republic of Korea,1958,1627.6968593746287
KOR,Republic of Korea,1959,1606.2784386640467
KOR,Republic of Korea,1960,1572.5696708992846
KOR,Republic of Korea,1961,1590.2525292052298
KOR,Republic of Korea,1962,1577.53278466834
KOR,Republic of Korea,1963,1651.0217614158212
KOR,Republic of Korea,1964,1732.310281300643
KOR,Republic of Korea,1965,1773.3645014493852
KOR,Republic of Korea,1966,1926.6201495674604
KOR,Republic of Korea,1967,1987.0233926516253
KOR,Republic of Korea,1968,2147.70737040328
KOR,Republic of Korea,1969,2400.459591237033
KOR,Republic of Korea,1970,2546.141551539434
KOR,Republic of Korea,1971,2756.3327254801757
KOR,Republic of Korea,1972,2895.7436619285704
KOR,Republic of Korea,1973,3262.2237127733993
KOR,Republic of Korea,1974,3506.6678407954887
KOR,Republic of Korea,1975,3718.64878762612
KOR,Republic of Korea,1976,4140.546264591252
KOR,Republic of Korea,1977,4581.03150429714
KOR,Republic of Korea,1978,5003.8107618322065
KOR,Republic of Korea,1979,5360.272904996868
KOR,Republic of Korea,1980,5195.142275143615
KOR,Republic of Korea,1981,5487.932289288328
KOR,Republic of Korea,1982,5854.657981292665
KOR,Republic of Korea,1983,6534.4559297124215
KOR,Republic of Korea,1984,7118.642938186753
KOR,Republic of Korea,1985,7574.797396372237
KOR,Republic of Korea,1986,8330.939478632712
KOR,Republic of Korea,1987,9274.848179728368
KOR,Republic of Korea,1988,10280.311813095346
KOR,Republic of Korea,1989,10898.202198422698
KOR,Republic of Korea,1990,11848.28551706431
KOR,Republic of Korea,1991,12937.913544710735
KOR,Republic of Korea,1992,13587.995444087208
KOR,Republic of Korea,1993,14358.836562745848
KOR,Republic of Korea,1994,15510.95673976238
KOR,Republic of Korea,1995,16818.088919185793
KOR,Republic of Korea,1996,17913.920460970836
KOR,Republic of Korea,1997,18791.962304874836
KOR,Republic of Korea,1998,17601.960351699254
KOR,Republic of Korea,1999,19427.323415251994
KOR,Republic of Korea,2000,20999.251689368386
KOR,Republic of Korea,2001,21799.340693856666
KOR,Republic of Korea,2002,23277.10806268761
KOR,Republic of Korea,2003,23830.687418571746
KOR,Republic of Korea,2004,24878.22651736617
KOR,Republic of Korea,2005,25742.677882789874
KOR,Republic of Korea,2006,26971.418331913752
KOR,Republic of Korea,2007,28348.393471420306
KOR,Republic of Korea,2008,29057.709258385945
KOR,Republic of Korea,2009,29168.34472872984
KOR,Republic of Korea,2010,30954.49707420449
KOR,Republic of Korea,2011,31970.396793200118
KOR,Republic of Korea,2012,32567.38338949251
KOR,Republic of Korea,2013,33365.65701561796
KOR,Republic of Korea,2014,34332.520698111104
KOR,Republic of Korea,2015,35145.32098629699
KOR,Republic of Korea,2016,36033.632622073615
KOR,Republic of Korea,2017,36998.64224035817
KWT,Kuwait,1950,
KWT,Kuwait,1951,
KWT,Kuwait,1952,
KWT,Kuwait,1953,
KWT,Kuwait,1954,
KWT,Kuwait,1955,
KWT,Kuwait,1956,
KWT,Kuwait,1957,
KWT,Kuwait,1958,
KWT,Kuwait,1959,
KWT,Kuwait,1960,
KWT,Kuwait,1961,
KWT,Kuwait,1962,
KWT,Kuwait,1963,
KWT,Kuwait,1964,
KWT,Kuwait,1965,
KWT,Kuwait,1966,
KWT,Kuwait,1967,
KWT,Kuwait,1968,
KWT,Kuwait,1969,
KWT,Kuwait,1970,178652.8667689465
KWT,Kuwait,1971,178257.00812079653
KWT,Kuwait,1972,173624.0911091634
KWT,Kuwait,1973,152590.118537877
KWT,Kuwait,1974,125017.52573545101
KWT,Kuwait,1975,103240.80566143259
KWT,Kuwait,1976,103566.90409196881
KWT,Kuwait,1977,93744.73596999938
KWT,Kuwait,1978,94854.2331445104
KWT,Kuwait,1979,102046.30386883386
KWT,Kuwait,1980,77885.58252629354
KWT,Kuwait,1981,60053.26383119593
KWT,Kuwait,1982,50601.64521703899
KWT,Kuwait,1983,52223.16508689439
KWT,Kuwait,1984,52464.624110772194
KWT,Kuwait,1985,47825.28895116913
KWT,Kuwait,1986,49176.641369062796
KWT,Kuwait,1987,50261.6925559165
KWT,Kuwait,1988,43078.76285312058
KWT,Kuwait,1989,52731.81714061301
KWT,Kuwait,1990,38851.13133190621
KWT,Kuwait,1991,23639.189150602877
KWT,Kuwait,1992,45892.5418570577
KWT,Kuwait,1993,66209.52446851846
KWT,Kuwait,1994,76816.8379547797
KWT,Kuwait,1995,80449.31652655413
KWT,Kuwait,1996,81784.34274234432
KWT,Kuwait,1997,79744.13543405569
KWT,Kuwait,1998,77212.511006272
KWT,Kuwait,1999,71155.0457684372
KWT,Kuwait,2000,71085.95286128086
KWT,Kuwait,2001,69259.97609222695
KWT,Kuwait,2002,70203.12998999648
KWT,Kuwait,2003,81402.96233815463
KWT,Kuwait,2004,88160.60694360423
KWT,Kuwait,2005,94571.73474031973
KWT,Kuwait,2006,97374.68947954713
KWT,Kuwait,2007,98008.13170882064
KWT,Kuwait,2008,94798.91690429191
KWT,Kuwait,2009,82884.68725419596
KWT,Kuwait,2010,76084.62559250963
KWT,Kuwait,2011,78366.44654999288
KWT,Kuwait,2012,78526.78498608863
KWT,Kuwait,2013,74952.12063317194
KWT,Kuwait,2014,71661.34127213639
KWT,Kuwait,2015,69277.54560657448
KWT,Kuwait,2016,69250.40466975656
KWT,Kuwait,2017,65483.04194187841
LAO,Lao People's DR,1950,
LAO,Lao People's DR,1951,
LAO,Lao People's DR,1952,
LAO,Lao People's DR,1953,
LAO,Lao People's DR,1954,
LAO,Lao People's DR,1955,
LAO,Lao People's DR,1956,
LAO,Lao People's DR,1957,
LAO,Lao People's DR,1958,
LAO,Lao People's DR,1959,
LAO,Lao People's DR,1960,
LAO,Lao People's DR,1961,
LAO,Lao People's DR,1962,
LAO,Lao People's DR,1963,
LAO,Lao People's DR,1964,
LAO,Lao People's DR,1965,
LAO,Lao People's DR,1966,
LAO,Lao People's DR,1967,
LAO,Lao People's DR,1968,
LAO,Lao People's DR,1969,
LAO,Lao People's DR,1970,1138.5530170015622
LAO,Lao People's DR,1971,1163.3994980178163
LAO,Lao People's DR,1972,1170.2671513947128
LAO,Lao People's DR,1973,1238.2365502604034
LAO,Lao People's DR,1974,1252.587281290353
LAO,Lao People's DR,1975,1309.6138736873222
LAO,Lao People's DR,1976,1327.703732237314
LAO,Lao People's DR,1977,1285.9264110552301
LAO,Lao People's DR,1978,1285.195718487452
LAO,Lao People's DR,1979,1244.4021796970635
LAO,Lao People's DR,1980,1347.540528920444
LAO,Lao People's DR,1981,1523.6373289896262
LAO,Lao People's DR,1982,1594.2161458385228
LAO,Lao People's DR,1983,1626.4728189605032
LAO,Lao People's DR,1984,1696.1931522456537
LAO,Lao People's DR,1985,1733.1310380377527
LAO,Lao People's DR,1986,1766.940703601882
LAO,Lao People's DR,1987,1692.1869915265124
LAO,Lao People's DR,1988,1610.6844218327578
LAO,Lao People's DR,1989,1786.757305281803
LAO,Lao People's DR,1990,1852.798352788311
LAO,Lao People's DR,1991,1878.7569612671423
LAO,Lao People's DR,1992,1929.3463828847189
LAO,Lao People's DR,1993,1989.241451418995
LAO,Lao People's DR,1994,2090.2863007088877
LAO,Lao People's DR,1995,2194.4553023902085
LAO,Lao People's DR,1996,2295.8150596097485
LAO,Lao People's DR,1997,2406.3095032369297
LAO,Lao People's DR,1998,2456.647547949175
LAO,Lao People's DR,1999,2589.9350683025605
LAO,Lao People's DR,2000,2695.1489279758734
LAO,Lao People's DR,2001,2805.5869219291562
LAO,Lao People's DR,2002,2953.0895672270353
LAO,Lao People's DR,2003,3090.1605433776012
LAO,Lao People's DR,2004,3257.5344654548094
LAO,Lao People's DR,2005,3423.9107885731296
LAO,Lao People's DR,2006,3337.625605152626
LAO,Lao People's DR,2007,3879.63393426542
LAO,Lao People's DR,2008,4110.898726111619
LAO,Lao People's DR,2009,4347.571941055178
LAO,Lao People's DR,2010,4630.149376697355
LAO,Lao People's DR,2011,4933.551734180435
LAO,Lao People's DR,2012,5255.445579188335
LAO,Lao People's DR,2013,5607.865493882814
LAO,Lao People's DR,2014,5959.635059388725
LAO,Lao People's DR,2015,6308.868126285821
LAO,Lao People's DR,2016,6657.649362021738
LAO,Lao People's DR,2017,7012.953459346805
LBN,Lebanon,1950,
LBN,Lebanon,1951,
LBN,Lebanon,1952,
LBN,Lebanon,1953,
LBN,Lebanon,1954,
LBN,Lebanon,1955,
LBN,Lebanon,1956,
LBN,Lebanon,1957,
LBN,Lebanon,1958,
LBN,Lebanon,1959,
LBN,Lebanon,1960,
LBN,Lebanon,1961,
LBN,Lebanon,1962,
LBN,Lebanon,1963,
LBN,Lebanon,1964,
LBN,Lebanon,1965,
LBN,Lebanon,1966,
LBN,Lebanon,1967,
LBN,Lebanon,1968,
LBN,Lebanon,1969,
LBN,Lebanon,1970,15559.798402972263
LBN,Lebanon,1971,16589.95838518263
LBN,Lebanon,1972,18119.927793454903
LBN,Lebanon,1973,18486.941456450855
LBN,Lebanon,1974,18519.957943550275
LBN,Lebanon,1975,12706.341704981347
LBN,Lebanon,1976,5416.866959966363
LBN,Lebanon,1977,9898.02395346478
LBN,Lebanon,1978,9601.136837999617
LBN,Lebanon,1979,10513.894912922255
LBN,Lebanon,1980,10865.727543440913
LBN,Lebanon,1981,10881.788694412999
LBN,Lebanon,1982,6835.313334753584
LBN,Lebanon,1983,8327.441037743134
LBN,Lebanon,1984,11959.575484095516
LBN,Lebanon,1985,14813.739144157147
LBN,Lebanon,1986,13806.771967872382
LBN,Lebanon,1987,16147.311490914635
LBN,Lebanon,1988,11607.920279964454
LBN,Lebanon,1989,6660.21243449929
LBN,Lebanon,1990,8345.03362583261
LBN,Lebanon,1991,11325.715878843896
LBN,Lebanon,1992,11544.290520867862
LBN,Lebanon,1993,12015.798380837636
LBN,Lebanon,1994,12655.536607502898
LBN,Lebanon,1995,13221.423845468298
LBN,Lebanon,1996,13730.5023843122
LBN,Lebanon,1997,13322.33394109427
LBN,Lebanon,1998,13706.639933837261
LBN,Lebanon,1999,13459.990637220682
LBN,Lebanon,2000,13309.003862081012
LBN,Lebanon,2001,13311.999564005511
LBN,Lebanon,2002,13129.730225343805
LBN,Lebanon,2003,12898.793226065465
LBN,Lebanon,2004,13089.417526647258
LBN,Lebanon,2005,13032.26697384965
LBN,Lebanon,2006,13023.708582998837
LBN,Lebanon,2007,14138.783625939996
LBN,Lebanon,2008,15354.098646648074
LBN,Lebanon,2009,16606.58724994104
LBN,Lebanon,2010,17304.31571621497
LBN,Lebanon,2011,16506.95868485799
LBN,Lebanon,2012,15824.625811805528
LBN,Lebanon,2013,15131.99705792045
LBN,Lebanon,2014,14516.91666345215
LBN,Lebanon,2015,13958.85193302084
LBN,Lebanon,2016,13816.531736512758
LBN,Lebanon,2017,13719.916580101128
LBR,Liberia,1950,
LBR,Liberia,1951,
LBR,Liberia,1952,
LBR,Liberia,1953,
LBR,Liberia,1954,
LBR,Liberia,1955,
LBR,Liberia,1956,
LBR,Liberia,1957,
LBR,Liberia,1958,
LBR,Liberia,1959,
LBR,Liberia,1960,
LBR,Liberia,1961,
LBR,Liberia,1962,
LBR,Liberia,1963,
LBR,Liberia,1964,1385.7438926527227
LBR,Liberia,1965,1407.716332868878
LBR,Liberia,1966,1472.8361128424174
LBR,Liberia,1967,1525.861365915882
LBR,Liberia,1968,1551.260948902547
LBR,Liberia,1969,1616.42984771829
LBR,Liberia,1970,1673.8634177218105
LBR,Liberia,1971,1712.965638696452
LBR,Liberia,1972,1727.765761676006
LBR,Liberia,1973,1745.9430605272426
LBR,Liberia,1974,1755.2637002181614
LBR,Liberia,1975,1639.4090661652888
LBR,Liberia,1976,1669.6207144189402
LBR,Liberia,1977,1638.1547368487284
LBR,Liberia,1978,1682.7711287827021
LBR,Liberia,1979,1709.4114339248242
LBR,Liberia,1980,1549.8241680417466
LBR,Liberia,1981,1436.934642749846
LBR,Liberia,1982,1408.6136556038261
LBR,Liberia,1983,1314.2008708742333
LBR,Liberia,1984,1272.4688157934872
LBR,Liberia,1985,1227.73745523334
LBR,Liberia,1986,1208.145223056675
LBR,Liberia,1987,1235.9015760286063
LBR,Liberia,1988,1286.069714871042
LBR,Liberia,1989,1342.7436897480688
LBR,Liberia,1990,668.2816003031592
LBR,Liberia,1991,583.5017744486756
LBR,Liberia,1992,385.80556108329137
LBR,Liberia,1993,261.49092695860304
LBR,Liberia,1994,203.29994127324983
LBR,Liberia,1995,188.93882561279216
LBR,Liberia,1996,200.46169645789652
LBR,Liberia,1997,384.18094702214506
LBR,Liberia,1998,462.4694658600094
LBR,Liberia,1999,525.2447982468997
LBR,Liberia,2000,640.4179645626904
LBR,Liberia,2001,635.6178957170812
LBR,Liberia,2002,644.088651534907
LBR,Liberia,2003,442.22103878486803
LBR,Liberia,2004,445.2119541760755
LBR,Liberia,2005,456.53757222038945
LBR,Liberia,2006,500.5785376775425
LBR,Liberia,2007,661.4343613799156
LBR,Liberia,2008,685.7188857699342
LBR,Liberia,2009,710.3982078691645
LBR,Liberia,2010,735.8847741373093
LBR,Liberia,2011,772.3528125005847
LBR,Liberia,2012,836.7283615806118
LBR,Liberia,2013,853.8334097783666
LBR,Liberia,2014,876.8657435001579
LBR,Liberia,2015,935.2221221363093
LBR,Liberia,2016,907.5130426922146
LBR,Liberia,2017,906.7103867073342
LCA,Saint Lucia,1950,
LCA,Saint Lucia,1951,
LCA,Saint Lucia,1952,
LCA,Saint Lucia,1953,
LCA,Saint Lucia,1954,
LCA,Saint Lucia,1955,
LCA,Saint Lucia,1956,
LCA,Saint Lucia,1957,
LCA,Saint Lucia,1958,
LCA,Saint Lucia,1959,
LCA,Saint Lucia,1960,
LCA,Saint Lucia,1961,
LCA,Saint Lucia,1962,
LCA,Saint Lucia,1963,
LCA,Saint Lucia,1964,
LCA,Saint Lucia,1965,
LCA,Saint Lucia,1966,
LCA,Saint Lucia,1967,
LCA,Saint Lucia,1968,
LCA,Saint Lucia,1969,
LCA,Saint Lucia,1970,3539.111362160771
LCA,Saint Lucia,1971,3674.7387012450527
LCA,Saint Lucia,1972,3732.293425058352
LCA,Saint Lucia,1973,3750.5703027163095
LCA,Saint Lucia,1974,3925.190453281717
LCA,Saint Lucia,1975,4050.8303892568865
LCA,Saint Lucia,1976,4746.504279786565
LCA,Saint Lucia,1977,5110.456658465935
LCA,Saint Lucia,1978,5412.962457764022
LCA,Saint Lucia,1979,5477.208914510046
LCA,Saint Lucia,1980,5094.431295773528
LCA,Saint Lucia,1981,5154.189133234108
LCA,Saint Lucia,1982,5238.205605142077
LCA,Saint Lucia,1983,5459.025350334039
LCA,Saint Lucia,1984,5753.062717751251
LCA,Saint Lucia,1985,6089.62225424966
LCA,Saint Lucia,1986,6991.281769411983
LCA,Saint Lucia,1987,7048.534755887254
LCA,Saint Lucia,1988,7902.271207100333
LCA,Saint Lucia,1989,8332.984779399665
LCA,Saint Lucia,1990,8440.404751908156
LCA,Saint Lucia,1991,8370.667917387284
LCA,Saint Lucia,1992,8869.50762665807
LCA,Saint Lucia,1993,8791.834470740323
LCA,Saint Lucia,1994,8841.405664311256
LCA,Saint Lucia,1995,8832.197529334127
LCA,Saint Lucia,1996,9329.136405649573
LCA,Saint Lucia,1997,9168.69577256604
LCA,Saint Lucia,1998,9618.698956394626
LCA,Saint Lucia,1999,9712.037006933047
LCA,Saint Lucia,2000,9567.284236072126
LCA,Saint Lucia,2001,9125.023936035945
LCA,Saint Lucia,2002,9049.639455615357
LCA,Saint Lucia,2003,9413.290059988818
LCA,Saint Lucia,2004,10097.72818282114
LCA,Saint Lucia,2005,9839.366041538524
LCA,Saint Lucia,2006,11289.757292136885
LCA,Saint Lucia,2007,11315.954410479102
LCA,Saint Lucia,2008,11780.791397111503
LCA,Saint Lucia,2009,11531.830992876134
LCA,Saint Lucia,2010,11446.810494916896
LCA,Saint Lucia,2011,11763.68235286761
LCA,Saint Lucia,2012,11622.582586383336
LCA,Saint Lucia,2013,11415.2101355756
LCA,Saint Lucia,2014,11770.83530565142
LCA,Saint Lucia,2015,11609.233818528543
LCA,Saint Lucia,2016,11945.037348932527
LCA,Saint Lucia,2017,12243.345400367207
LKA,Sri Lanka,1950,1545.6290786689726
LKA,Sri Lanka,1951,1603.1844788371664
LKA,Sri Lanka,1952,1650.958183865585
LKA,Sri Lanka,1953,1531.4068224267512
LKA,Sri Lanka,1954,1600.5212849527254
LKA,Sri Lanka,1955,1636.321400793286
LKA,Sri Lanka,1956,1402.525725472498
LKA,Sri Lanka,1957,1409.7023607168653
LKA,Sri Lanka,1958,1471.4585463268434
LKA,Sri Lanka,1959,1459.746236059901
LKA,Sri Lanka,1960,1511.560925426676
LKA,Sri Lanka,1961,1642.2948554894608
LKA,Sri Lanka,1962,1604.9076385600786
LKA,Sri Lanka,1963,1702.3968500727424
LKA,Sri Lanka,1964,1720.0275636353438
LKA,Sri Lanka,1965,1719.1672624337982
LKA,Sri Lanka,1966,1769.3035568126777
LKA,Sri Lanka,1967,1891.4809603534895
LKA,Sri Lanka,1968,1943.2158872866694
LKA,Sri Lanka,1969,2083.093362482222
LKA,Sri Lanka,1970,2218.501634781276
LKA,Sri Lanka,1971,2184.1763891855753
LKA,Sri Lanka,1972,2209.314161684962
LKA,Sri Lanka,1973,2244.119615867528
LKA,Sri Lanka,1974,2289.6071155993795
LKA,Sri Lanka,1975,2323.7751754490696
LKA,Sri Lanka,1976,2367.4341126680697
LKA,Sri Lanka,1977,2419.635136543286
LKA,Sri Lanka,1978,2582.2891791552897
LKA,Sri Lanka,1979,2691.696017008943
LKA,Sri Lanka,1980,2810.5293198716236
LKA,Sri Lanka,1981,2920.31788629474
LKA,Sri Lanka,1982,3026.355502588895
LKA,Sri Lanka,1983,3124.977522209988
LKA,Sri Lanka,1984,3236.605600523731
LKA,Sri Lanka,1985,3351.000418842111
LKA,Sri Lanka,1986,3444.6264873699088
LKA,Sri Lanka,1987,3451.0241089570122
LKA,Sri Lanka,1988,3497.715749986163
LKA,Sri Lanka,1989,3519.1320673297173
LKA,Sri Lanka,1990,3691.4543612469192
LKA,Sri Lanka,1991,3823.10731385437
LKA,Sri Lanka,1992,3945.3065112995723
LKA,Sri Lanka,1993,4173.931194172196
LKA,Sri Lanka,1994,4368.3586712785955
LKA,Sri Lanka,1995,4572.315701552277
LKA,Sri Lanka,1996,4711.833346461014
LKA,Sri Lanka,1997,4987.213330853441
LKA,Sri Lanka,1998,5197.5755724813325
LKA,Sri Lanka,1999,5391.185546379221
LKA,Sri Lanka,2000,5679.207346783701
LKA,Sri Lanka,2001,5562.604882621093
LKA,Sri Lanka,2002,5741.83206850047
LKA,Sri Lanka,2003,6033.525535238852
LKA,Sri Lanka,2004,6310.419742682333
LKA,Sri Lanka,2005,6652.0995159208505
LKA,Sri Lanka,2006,7109.189441718342
LKA,Sri Lanka,2007,7538.489308566466
LKA,Sri Lanka,2008,7932.960126861195
LKA,Sri Lanka,2009,8160.817073716043
LKA,Sri Lanka,2010,8761.187813908673
LKA,Sri Lanka,2011,9443.000327782142
LKA,Sri Lanka,2012,10251.249290142423
LKA,Sri Lanka,2013,10546.334288427472
LKA,Sri Lanka,2014,11017.80283631358
LKA,Sri Lanka,2015,11519.004320043638
LKA,Sri Lanka,2016,11984.906369485358
LKA,Sri Lanka,2017,12334.952649227125
LSO,Lesotho,1950,
LSO,Lesotho,1951,
LSO,Lesotho,1952,
LSO,Lesotho,1953,
LSO,Lesotho,1954,
LSO,Lesotho,1955,
LSO,Lesotho,1956,
LSO,Lesotho,1957,
LSO,Lesotho,1958,
LSO,Lesotho,1959,
LSO,Lesotho,1960,579.901180483586
LSO,Lesotho,1961,574.8950750039648
LSO,Lesotho,1962,652.3398485595221
LSO,Lesotho,1963,711.5539530714019
LSO,Lesotho,1964,756.4534422729923
LSO,Lesotho,1965,753.7246672830918
LSO,Lesotho,1966,752.8450172428155
LSO,Lesotho,1967,816.1769639707848
LSO,Lesotho,1968,796.8958226219631
LSO,Lesotho,1969,789.0038157404686
LSO,Lesotho,1970,790.1661231497036
LSO,Lesotho,1971,701.8756057139256
LSO,Lesotho,1972,819.056794193537
LSO,Lesotho,1973,1011.3370528981071
LSO,Lesotho,1974,1048.6712683071714
LSO,Lesotho,1975,940.4854834400641
LSO,Lesotho,1976,1068.8610252977483
LSO,Lesotho,1977,1225.0582811236416
LSO,Lesotho,1978,1428.0796049932296
LSO,Lesotho,1979,1239.800893383178
LSO,Lesotho,1980,1174.9806719694157
LSO,Lesotho,1981,1156.8006207098188
LSO,Lesotho,1982,1169.0332599126891
LSO,Lesotho,1983,1043.4917634801047
LSO,Lesotho,1984,1047.279923244238
LSO,Lesotho,1985,1122.1359571410103
LSO,Lesotho,1986,1123.2492682678605
LSO,Lesotho,1987,1160.6571166708497
LSO,Lesotho,1988,1263.1234422576374
LSO,Lesotho,1989,1343.073472356902
LSO,Lesotho,1990,1404.6584902125492
LSO,Lesotho,1991,1435.023544576828
LSO,Lesotho,1992,1469.782542539819
LSO,Lesotho,1993,1493.1682566856662
LSO,Lesotho,1994,1513.4625181938
LSO,Lesotho,1995,1556.8427409541302
LSO,Lesotho,1996,1684.8452818582173
LSO,Lesotho,1997,1798.8026214810607
LSO,Lesotho,1998,1691.6562832209381
LSO,Lesotho,1999,1723.8811107612626
LSO,Lesotho,2000,1794.8503171287962
LSO,Lesotho,2001,1853.6412997592154
LSO,Lesotho,2002,1847.4861342937197
LSO,Lesotho,2003,1918.2374210238008
LSO,Lesotho,2004,1946.3724587570998
LSO,Lesotho,2005,1982.7607275052467
LSO,Lesotho,2006,2051.207535601938
LSO,Lesotho,2007,2130.2833059068225
LSO,Lesotho,2008,2253.7949202766704
LSO,Lesotho,2009,2280.3666340600357
LSO,Lesotho,2010,2393.5327344708535
LSO,Lesotho,2011,2529.4453733218497
LSO,Lesotho,2012,2648.1190562710663
LSO,Lesotho,2013,2661.9775712897076
LSO,Lesotho,2014,2708.7143381511037
LSO,Lesotho,2015,2740.02950100893
LSO,Lesotho,2016,2768.567814282466
LSO,Lesotho,2017,2689.303885374958
LTU,Lithuania,1950,
LTU,Lithuania,1951,
LTU,Lithuania,1952,
LTU,Lithuania,1953,
LTU,Lithuania,1954,
LTU,Lithuania,1955,
LTU,Lithuania,1956,
LTU,Lithuania,1957,
LTU,Lithuania,1958,
LTU,Lithuania,1959,
LTU,Lithuania,1960,
LTU,Lithuania,1961,
LTU,Lithuania,1962,
LTU,Lithuania,1963,
LTU,Lithuania,1964,
LTU,Lithuania,1965,
LTU,Lithuania,1966,
LTU,Lithuania,1967,
LTU,Lithuania,1968,
LTU,Lithuania,1969,
LTU,Lithuania,1970,
LTU,Lithuania,1971,
LTU,Lithuania,1972,
LTU,Lithuania,1973,
LTU,Lithuania,1974,
LTU,Lithuania,1975,
LTU,Lithuania,1976,
LTU,Lithuania,1977,
LTU,Lithuania,1978,
LTU,Lithuania,1979,
LTU,Lithuania,1980,
LTU,Lithuania,1981,
LTU,Lithuania,1982,
LTU,Lithuania,1983,
LTU,Lithuania,1984,
LTU,Lithuania,1985,
LTU,Lithuania,1986,
LTU,Lithuania,1987,
LTU,Lithuania,1988,
LTU,Lithuania,1989,
LTU,Lithuania,1990,14511.832740995478
LTU,Lithuania,1991,13682.93669425288
LTU,Lithuania,1992,10801.408502985045
LTU,Lithuania,1993,9091.70357286335
LTU,Lithuania,1994,8252.167314744052
LTU,Lithuania,1995,8576.627442453682
LTU,Lithuania,1996,9075.519373653882
LTU,Lithuania,1997,9893.625552082845
LTU,Lithuania,1998,10706.482046248584
LTU,Lithuania,1999,10662.84864737156
LTU,Lithuania,2000,11157.860685883557
LTU,Lithuania,2001,11982.40345074167
LTU,Lithuania,2002,12899.690164657439
LTU,Lithuania,2003,14386.098443618557
LTU,Lithuania,2004,15479.0663522347
LTU,Lithuania,2005,16859.018619263126
LTU,Lithuania,2006,18330.101040515783
LTU,Lithuania,2007,20634.548682266777
LTU,Lithuania,2008,21476.34207286333
LTU,Lithuania,2009,18559.544572494266
LTU,Lithuania,2010,19135.444003205197
LTU,Lithuania,2011,20581.20463982752
LTU,Lithuania,2012,21668.80022176564
LTU,Lithuania,2013,22725.533945107014
LTU,Lithuania,2014,23811.392286875373
LTU,Lithuania,2015,24540.4331778888
LTU,Lithuania,2016,25322.40867165035
LTU,Lithuania,2017,26534.53579276119
LUX,Luxembourg,1950,11819.992797858917
LUX,Luxembourg,1951,11235.703687022138
LUX,Luxembourg,1952,11796.742325935915
LUX,Luxembourg,1953,12000.989007942375
LUX,Luxembourg,1954,11832.783654014149
LUX,Luxembourg,1955,12329.867408621969
LUX,Luxembourg,1956,12779.713103999726
LUX,Luxembourg,1957,13350.499184152875
LUX,Luxembourg,1958,13444.01158108464
LUX,Luxembourg,1959,13385.272469640408
LUX,Luxembourg,1960,13875.164652668833
LUX,Luxembourg,1961,14232.208683258286
LUX,Luxembourg,1962,14234.781888933334
LUX,Luxembourg,1963,14362.067594321677
LUX,Luxembourg,1964,15480.939479602388
LUX,Luxembourg,1965,15572.13747816186
LUX,Luxembourg,1966,15644.817115257925
LUX,Luxembourg,1967,15714.77505569428
LUX,Luxembourg,1968,16493.629364537614
LUX,Luxembourg,1969,18179.1386066099
LUX,Luxembourg,1970,18285.690307258435
LUX,Luxembourg,1971,18633.090547278964
LUX,Luxembourg,1972,19696.950306974442
LUX,Luxembourg,1973,21146.180140819193
LUX,Luxembourg,1974,21847.704865528714
LUX,Luxembourg,1975,20250.895780974122
LUX,Luxembourg,1976,20613.821903521744
LUX,Luxembourg,1977,20797.195159378974
LUX,Luxembourg,1978,21518.489049971497
LUX,Luxembourg,1979,21919.057784014156
LUX,Luxembourg,1980,22027.535755189903
LUX,Luxembourg,1981,21861.55625126432
LUX,Luxembourg,1982,22089.678554798986
LUX,Luxembourg,1983,22737.062815566605
LUX,Luxembourg,1984,24111.45305583822
LUX,Luxembourg,1985,24711.00521957086
LUX,Luxembourg,1986,27046.76813790091
LUX,Luxembourg,1987,27932.626560839577
LUX,Luxembourg,1988,30050.462554595073
LUX,Luxembourg,1989,32681.393210943268
LUX,Luxembourg,1990,34051.74185930776
LUX,Luxembourg,1991,36558.498753272936
LUX,Luxembourg,1992,36744.21489390835
LUX,Luxembourg,1993,37765.1275643901
LUX,Luxembourg,1994,38660.265636063334
LUX,Luxembourg,1995,38664.77941962588
LUX,Luxembourg,1996,38647.67542392392
LUX,Luxembourg,1997,40273.10795495223
LUX,Luxembourg,1998,42119.87280825663
LUX,Luxembourg,1999,45116.857459354185
LUX,Luxembourg,2000,48292.30845945182
LUX,Luxembourg,2001,49054.43428589467
LUX,Luxembourg,2002,50523.13269547108
LUX,Luxembourg,2003,50933.526497089806
LUX,Luxembourg,2004,52248.07649358652
LUX,Luxembourg,2005,53196.47925610109
LUX,Luxembourg,2006,55024.409703330675
LUX,Luxembourg,2007,58470.02240667179
LUX,Luxembourg,2008,56486.38877791177
LUX,Luxembourg,2009,52807.98127100284
LUX,Luxembourg,2010,54111.19355016987
LUX,Luxembourg,2011,54199.08362213086
LUX,Luxembourg,2012,52745.430430461776
LUX,Luxembourg,2013,53434.99818430905
LUX,Luxembourg,2014,54569.41182304767
LUX,Luxembourg,2015,55663.241562958065
LUX,Luxembourg,2016,56113.821696891726
LUX,Luxembourg,2017,56228.93492736833
LVA,Latvia,1950,
LVA,Latvia,1951,
LVA,Latvia,1952,
LVA,Latvia,1953,
LVA,Latvia,1954,
LVA,Latvia,1955,
LVA,Latvia,1956,
LVA,Latvia,1957,
LVA,Latvia,1958,
LVA,Latvia,1959,
LVA,Latvia,1960,
LVA,Latvia,1961,
LVA,Latvia,1962,
LVA,Latvia,1963,
LVA,Latvia,1964,
LVA,Latvia,1965,
LVA,Latvia,1966,
LVA,Latvia,1967,
LVA,Latvia,1968,
LVA,Latvia,1969,
LVA,Latvia,1970,
LVA,Latvia,1971,
LVA,Latvia,1972,
LVA,Latvia,1973,
LVA,Latvia,1974,
LVA,Latvia,1975,
LVA,Latvia,1976,
LVA,Latvia,1977,
LVA,Latvia,1978,
LVA,Latvia,1979,
LVA,Latvia,1980,
LVA,Latvia,1981,
LVA,Latvia,1982,
LVA,Latvia,1983,
LVA,Latvia,1984,
LVA,Latvia,1985,
LVA,Latvia,1986,
LVA,Latvia,1987,
LVA,Latvia,1988,
LVA,Latvia,1989,
LVA,Latvia,1990,14888.213352968867
LVA,Latvia,1991,13414.904298962017
LVA,Latvia,1992,8835.027662712517
LVA,Latvia,1993,7630.865170296679
LVA,Latvia,1994,7797.99522391066
LVA,Latvia,1995,7820.38135289911
LVA,Latvia,1996,8100.211618319377
LVA,Latvia,1997,8920.50717751307
LVA,Latvia,1998,9592.275553442198
LVA,Latvia,1999,9935.53356287084
LVA,Latvia,2000,10590.313760955285
LVA,Latvia,2001,11396.410867480787
LVA,Latvia,2002,12342.887394792233
LVA,Latvia,2003,13538.628135147555
LVA,Latvia,2004,14840.334904402225
LVA,Latvia,2005,16623.89622103916
LVA,Latvia,2006,18851.838972310776
LVA,Latvia,2007,20984.949071407165
LVA,Latvia,2008,20488.72434979125
LVA,Latvia,2009,17755.242244777804
LVA,Latvia,2010,17268.536856902603
LVA,Latvia,2011,18601.801568606115
LVA,Latvia,2012,19596.921503751957
LVA,Latvia,2013,20324.816829379488
LVA,Latvia,2014,20955.741972549673
LVA,Latvia,2015,21832.531814137248
LVA,Latvia,2016,22533.505440868357
LVA,Latvia,2017,23830.537790863647
MAC,"China, Macao SAR",1950,
MAC,"China, Macao SAR",1951,
MAC,"China, Macao SAR",1952,
MAC,"China, Macao SAR",1953,
MAC,"China, Macao SAR",1954,
MAC,"China, Macao SAR",1955,
MAC,"China, Macao SAR",1956,
MAC,"China, Macao SAR",1957,
MAC,"China, Macao SAR",1958,
MAC,"China, Macao SAR",1959,
MAC,"China, Macao SAR",1960,
MAC,"China, Macao SAR",1961,
MAC,"China, Macao SAR",1962,
MAC,"China, Macao SAR",1963,
MAC,"China, Macao SAR",1964,
MAC,"China, Macao SAR",1965,
MAC,"China, Macao SAR",1966,
MAC,"China, Macao SAR",1967,
MAC,"China, Macao SAR",1968,
MAC,"China, Macao SAR",1969,
MAC,"China, Macao SAR",1970,13402.166359160425
MAC,"China, Macao SAR",1971,14305.816513601541
MAC,"China, Macao SAR",1972,15427.525872472726
MAC,"China, Macao SAR",1973,16759.176399001073
MAC,"China, Macao SAR",1974,18271.2576505828
MAC,"China, Macao SAR",1975,19926.879212834294
MAC,"China, Macao SAR",1976,21707.327507667524
MAC,"China, Macao SAR",1977,23653.511172939576
MAC,"China, Macao SAR",1978,25699.36521060472
MAC,"China, Macao SAR",1979,27601.00939278249
MAC,"China, Macao SAR",1980,29517.141529073782
MAC,"China, Macao SAR",1981,31246.877769220933
MAC,"China, Macao SAR",1982,32168.829819100785
MAC,"China, Macao SAR",1983,34066.8206653734
MAC,"China, Macao SAR",1984,35455.055659500016
MAC,"China, Macao SAR",1985,34255.39815717337
MAC,"China, Macao SAR",1986,35052.95748293663
MAC,"China, Macao SAR",1987,38426.12259195291
MAC,"China, Macao SAR",1988,39800.877305672526
MAC,"China, Macao SAR",1989,40291.0053730959
MAC,"China, Macao SAR",1990,42109.81578662362
MAC,"China, Macao SAR",1991,42438.18931512641
MAC,"China, Macao SAR",1992,46928.91720797203
MAC,"China, Macao SAR",1993,48311.520023886056
MAC,"China, Macao SAR",1994,49351.535737660444
MAC,"China, Macao SAR",1995,49956.652640836
MAC,"China, Macao SAR",1996,48751.38348745076
MAC,"China, Macao SAR",1997,47647.05427953176
MAC,"China, Macao SAR",1998,44550.961610572755
MAC,"China, Macao SAR",1999,42589.1740252345
MAC,"China, Macao SAR",2000,44050.36056068845
MAC,"China, Macao SAR",2001,44277.58370509183
MAC,"China, Macao SAR",2002,47076.898176174625
MAC,"China, Macao SAR",2003,51277.73785104362
MAC,"China, Macao SAR",2004,63438.64839586314
MAC,"China, Macao SAR",2005,66973.76549783307
MAC,"China, Macao SAR",2006,74235.51481964278
MAC,"China, Macao SAR",2007,83189.66140373485
MAC,"China, Macao SAR",2008,84252.7187188082
MAC,"China, Macao SAR",2009,83583.82565884241
MAC,"China, Macao SAR",2010,102427.89594079477
MAC,"China, Macao SAR",2011,121797.89575663059
MAC,"China, Macao SAR",2012,129952.08959099594
MAC,"China, Macao SAR",2013,141166.8273504869
MAC,"China, Macao SAR",2014,136406.02121401
MAC,"China, Macao SAR",2015,104785.51000501188
MAC,"China, Macao SAR",2016,101976.27709109397
MAC,"China, Macao SAR",2017,109393.67304850295
MAR,Morocco,1950,1778.2121574589355
MAR,Morocco,1951,1746.406693541331
MAR,Morocco,1952,1775.0943890190395
MAR,Morocco,1953,1813.0507903901416
MAR,Morocco,1954,1805.3852357243363
MAR,Morocco,1955,1639.3877697910627
MAR,Morocco,1956,1624.9487037847211
MAR,Morocco,1957,1519.6441517488877
MAR,Morocco,1958,1647.0343486324105
MAR,Morocco,1959,1643.0613846425997
MAR,Morocco,1960,1632.713306573486
MAR,Morocco,1961,1914.9750385393493
MAR,Morocco,1962,2149.9980797830335
MAR,Morocco,1963,2430.609245711581
MAR,Morocco,1964,2492.8558547588923
MAR,Morocco,1965,2424.017136348014
MAR,Morocco,1966,2278.724648562808
MAR,Morocco,1967,2325.0756920453077
MAR,Morocco,1968,2419.072023530377
MAR,Morocco,1969,2597.1278833361575
MAR,Morocco,1970,2649.532672129107
MAR,Morocco,1971,2699.1350785268405
MAR,Morocco,1972,2746.5732937722514
MAR,Morocco,1973,2785.8941975338525
MAR,Morocco,1974,2879.266181482134
MAR,Morocco,1975,3029.607230033837
MAR,Morocco,1976,3281.8967918659628
MAR,Morocco,1977,3400.802940015982
MAR,Morocco,1978,3396.168058121709
MAR,Morocco,1979,3475.131725406488
MAR,Morocco,1980,3535.7754943819164
MAR,Morocco,1981,3355.521155628748
MAR,Morocco,1982,3589.889304213381
MAR,Morocco,1983,3485.0388460687614
MAR,Morocco,1984,3551.9293810325366
MAR,Morocco,1985,3692.7549299837756
MAR,Morocco,1986,3907.678656126454
MAR,Morocco,1987,3733.738176661913
MAR,Morocco,1988,4047.3881629845773
MAR,Morocco,1989,4069.8425171681215
MAR,Morocco,1990,4150.072985274227
MAR,Morocco,1991,4358.285831108838
MAR,Morocco,1992,4108.839746923125
MAR,Morocco,1993,3998.1108170981774
MAR,Morocco,1994,4341.151869174869
MAR,Morocco,1995,3994.3870064520274
MAR,Morocco,1996,4419.486719288882
MAR,Morocco,1997,4264.2995269792345
MAR,Morocco,1998,4534.646923936639
MAR,Morocco,1999,4504.372675494823
MAR,Morocco,2000,4522.9984100706115
MAR,Morocco,2001,4809.194188969503
MAR,Morocco,2002,4913.019771397701
MAR,Morocco,2003,5165.3414699685
MAR,Morocco,2004,5353.2217887978095
MAR,Morocco,2005,5450.93512067405
MAR,Morocco,2006,5807.648432177927
MAR,Morocco,2007,5896.687500343746
MAR,Morocco,2008,6172.631706933456
MAR,Morocco,2009,6643.462260225355
MAR,Morocco,2010,6817.635949827633
MAR,Morocco,2011,7146.228234506084
MAR,Morocco,2012,7206.295999496916
MAR,Morocco,2013,7451.204545687223
MAR,Morocco,2014,7638.717496000775
MAR,Morocco,2015,7903.657373988182
MAR,Morocco,2016,8053.257030200948
MAR,Morocco,2017,8393.84642990296
MDA,Republic of Moldova,1950,
MDA,Republic of Moldova,1951,
MDA,Republic of Moldova,1952,
MDA,Republic of Moldova,1953,
MDA,Republic of Moldova,1954,
MDA,Republic of Moldova,1955,
MDA,Republic of Moldova,1956,
MDA,Republic of Moldova,1957,
MDA,Republic of Moldova,1958,
MDA,Republic of Moldova,1959,
MDA,Republic of Moldova,1960,
MDA,Republic of Moldova,1961,
MDA,Republic of Moldova,1962,
MDA,Republic of Moldova,1963,
MDA,Republic of Moldova,1964,
MDA,Republic of Moldova,1965,
MDA,Republic of Moldova,1966,
MDA,Republic of Moldova,1967,
MDA,Republic of Moldova,1968,
MDA,Republic of Moldova,1969,
MDA,Republic of Moldova,1970,
MDA,Republic of Moldova,1971,
MDA,Republic of Moldova,1972,
MDA,Republic of Moldova,1973,
MDA,Republic of Moldova,1974,
MDA,Republic of Moldova,1975,
MDA,Republic of Moldova,1976,
MDA,Republic of Moldova,1977,
MDA,Republic of Moldova,1978,
MDA,Republic of Moldova,1979,
MDA,Republic of Moldova,1980,
MDA,Republic of Moldova,1981,
MDA,Republic of Moldova,1982,
MDA,Republic of Moldova,1983,
MDA,Republic of Moldova,1984,
MDA,Republic of Moldova,1985,
MDA,Republic of Moldova,1986,
MDA,Republic of Moldova,1987,
MDA,Republic of Moldova,1988,
MDA,Republic of Moldova,1989,
MDA,Republic of Moldova,1990,7445.874200042381
MDA,Republic of Moldova,1991,6130.830987484427
MDA,Republic of Moldova,1992,4348.217681318444
MDA,Republic of Moldova,1993,4302.95357093851
MDA,Republic of Moldova,1994,2980.9523910176304
MDA,Republic of Moldova,1995,2952.2881629662693
MDA,Republic of Moldova,1996,2794.482389297225
MDA,Republic of Moldova,1997,2860.24366473472
MDA,Republic of Moldova,1998,2693.0112494830464
MDA,Republic of Moldova,1999,2620.175905502305
MDA,Republic of Moldova,2000,2690.1663320072016
MDA,Republic of Moldova,2001,2866.0123997804512
MDA,Republic of Moldova,2002,3096.413382386274
MDA,Republic of Moldova,2003,3305.433452397172
MDA,Republic of Moldova,2004,3553.343784673811
MDA,Republic of Moldova,2005,3827.8303423586754
MDA,Republic of Moldova,2006,4023.529396090657
MDA,Republic of Moldova,2007,4160.313369416087
MDA,Republic of Moldova,2008,4505.159868576679
MDA,Republic of Moldova,2009,4251.2433202028
MDA,Republic of Moldova,2010,4565.7138316079545
MDA,Republic of Moldova,2011,4885.400883641602
MDA,Republic of Moldova,2012,4853.934907021883
MDA,Republic of Moldova,2013,5312.484410854118
MDA,Republic of Moldova,2014,5569.86216179871
MDA,Republic of Moldova,2015,5551.4100200097455
MDA,Republic of Moldova,2016,5808.670659518702
MDA,Republic of Moldova,2017,6084.108824707782
MDG,Madagascar,1950,
MDG,Madagascar,1951,
MDG,Madagascar,1952,
MDG,Madagascar,1953,
MDG,Madagascar,1954,
MDG,Madagascar,1955,
MDG,Madagascar,1956,
MDG,Madagascar,1957,
MDG,Madagascar,1958,
MDG,Madagascar,1959,
MDG,Madagascar,1960,2423.9075661306597
MDG,Madagascar,1961,2525.0519342079087
MDG,Madagascar,1962,2497.131119161625
MDG,Madagascar,1963,2311.294294201019
MDG,Madagascar,1964,2391.8035850986453
MDG,Madagascar,1965,2344.0337965852
MDG,Madagascar,1966,2363.03778388913
MDG,Madagascar,1967,2585.738271209391
MDG,Madagascar,1968,2669.712767487185
MDG,Madagascar,1969,2698.006891228489
MDG,Madagascar,1970,2750.9493962540664
MDG,Madagascar,1971,2790.826639472535
MDG,Madagascar,1972,2680.5282806381906
MDG,Madagascar,1973,2550.097756318966
MDG,Madagascar,1974,2510.184880442816
MDG,Madagascar,1975,2471.0593524266683
MDG,Madagascar,1976,2328.224713429082
MDG,Madagascar,1977,2316.3206068306745
MDG,Madagascar,1978,2191.959536754595
MDG,Madagascar,1979,2338.962089109318
MDG,Madagascar,1980,2291.023387273871
MDG,Madagascar,1981,2033.5203044519028
MDG,Madagascar,1982,1939.5155106774816
MDG,Madagascar,1983,1899.6505276322719
MDG,Madagascar,1984,1877.3979653652252
MDG,Madagascar,1985,1845.7641684767104
MDG,Madagascar,1986,1829.4549858597086
MDG,Madagascar,1987,1799.6146439795755
MDG,Madagascar,1988,1809.1030248630248
MDG,Madagascar,1989,1830.0496576980056
MDG,Madagascar,1990,1833.6371138211764
MDG,Madagascar,1991,1668.4330199290373
MDG,Madagascar,1992,1639.0205181521787
MDG,Madagascar,1993,1623.992639900956
MDG,Madagascar,1994,1574.2583070729247
MDG,Madagascar,1995,1552.6306014351276
MDG,Madagascar,1996,1537.2509167926714
MDG,Madagascar,1997,1544.515640118398
MDG,Madagascar,1998,1555.110500997841
MDG,Madagascar,1999,1577.7212539455818
MDG,Madagascar,2000,1601.7054982852533
MDG,Madagascar,2001,1646.0372656158772
MDG,Madagascar,2002,1394.5600250529706
MDG,Madagascar,2003,1485.4988084948416
MDG,Madagascar,2004,1517.5824994312095
MDG,Madagascar,2005,1541.229963030696
MDG,Madagascar,2006,1572.0408509453318
MDG,Madagascar,2007,1622.599058232116
MDG,Madagascar,2008,1689.558991400957
MDG,Madagascar,2009,1571.7323685014103
MDG,Madagascar,2010,1539.4620262243363
MDG,Madagascar,2011,1524.1139709046672
MDG,Madagascar,2012,1527.622911276586
MDG,Madagascar,2013,1508.9082498471528
MDG,Madagascar,2014,1516.4829093716603
MDG,Madagascar,2015,1528.3747485963872
MDG,Madagascar,2016,1547.7518350289283
MDG,Madagascar,2017,1525.0063988376185
MDV,Maldives,1950,
MDV,Maldives,1951,
MDV,Maldives,1952,
MDV,Maldives,1953,
MDV,Maldives,1954,
MDV,Maldives,1955,
MDV,Maldives,1956,
MDV,Maldives,1957,
MDV,Maldives,1958,
MDV,Maldives,1959,
MDV,Maldives,1960,
MDV,Maldives,1961,
MDV,Maldives,1962,
MDV,Maldives,1963,
MDV,Maldives,1964,
MDV,Maldives,1965,
MDV,Maldives,1966,
MDV,Maldives,1967,
MDV,Maldives,1968,
MDV,Maldives,1969,
MDV,Maldives,1970,2798.7090214912587
MDV,Maldives,1971,2855.403893514718
MDV,Maldives,1972,2828.3631679499563
MDV,Maldives,1973,2775.195545457888
MDV,Maldives,1974,2836.41338284847
MDV,Maldives,1975,2527.151392113918
MDV,Maldives,1976,2467.3522996961683
MDV,Maldives,1977,2667.7786316158354
MDV,Maldives,1978,2974.134467264863
MDV,Maldives,1979,3194.871719613362
MDV,Maldives,1980,3668.684516918314
MDV,Maldives,1981,3961.479532321486
MDV,Maldives,1982,3705.9488830216396
MDV,Maldives,1983,4152.143849619908
MDV,Maldives,1984,5081.296440615895
MDV,Maldives,1985,5538.788450070702
MDV,Maldives,1986,5850.947659379819
MDV,Maldives,1987,6157.5104206542765
MDV,Maldives,1988,6478.917066589242
MDV,Maldives,1989,6859.157511276553
MDV,Maldives,1990,7737.386993425115
MDV,Maldives,1991,8092.467799940511
MDV,Maldives,1992,8364.417404689002
MDV,Maldives,1993,8649.684510163303
MDV,Maldives,1994,9002.102148316098
MDV,Maldives,1995,9426.21112301252
MDV,Maldives,1996,9961.352341900822
MDV,Maldives,1997,10595.732126231202
MDV,Maldives,1998,11181.223269005532
MDV,Maldives,1999,11643.457419044038
MDV,Maldives,2000,11836.812142107792
MDV,Maldives,2001,11106.861817505454
MDV,Maldives,2002,11618.100683344152
MDV,Maldives,2003,12871.527604125873
MDV,Maldives,2004,13287.023927773751
MDV,Maldives,2005,11237.99415074842
MDV,Maldives,2006,13802.909693274878
MDV,Maldives,2007,14482.80511059361
MDV,Maldives,2008,15443.699074800757
MDV,Maldives,2009,13945.494566984435
MDV,Maldives,2010,14547.866135391636
MDV,Maldives,2011,15347.00812031773
MDV,Maldives,2012,15282.295830277502
MDV,Maldives,2013,15933.190373358922
MDV,Maldives,2014,16646.536380865553
MDV,Maldives,2015,16710.995533014822
MDV,Maldives,2016,17537.066122023472
MDV,Maldives,2017,18380.749504793956
MEX,Mexico,1950,4883.282120339257
MEX,Mexico,1951,5206.713582343414
MEX,Mexico,1952,5252.334847166367
MEX,Mexico,1953,5064.743248101789
MEX,Mexico,1954,5455.267372013217
MEX,Mexico,1955,5729.458215456074
MEX,Mexico,1956,6004.298948479891
MEX,Mexico,1957,6290.312663695487
MEX,Mexico,1958,6366.536694646768
MEX,Mexico,1959,6291.891313031733
MEX,Mexico,1960,6632.910432203858
MEX,Mexico,1961,6606.291011784075
MEX,Mexico,1962,6650.196910387025
MEX,Mexico,1963,7064.698625848548
MEX,Mexico,1964,7784.787648440285
MEX,Mexico,1965,7970.11990923445
MEX,Mexico,1966,8209.807764134777
MEX,Mexico,1967,8412.246318216336
MEX,Mexico,1968,8892.57057972922
MEX,Mexico,1969,8930.14526130931
MEX,Mexico,1970,9220.676100800956
MEX,Mexico,1971,9292.033124324083
MEX,Mexico,1972,9755.222430012198
MEX,Mexico,1973,10238.748212923318
MEX,Mexico,1974,10527.627924463763
MEX,Mexico,1975,10803.508938397114
MEX,Mexico,1976,10931.757664115012
MEX,Mexico,1977,11007.787039690602
MEX,Mexico,1978,11623.360740760418
MEX,Mexico,1979,12371.594021805886
MEX,Mexico,1980,13087.388037210898
MEX,Mexico,1981,13911.116365560396
MEX,Mexico,1982,13506.385978365603
MEX,Mexico,1983,12648.469092951658
MEX,Mexico,1984,12829.84999795759
MEX,Mexico,1985,12916.210931773125
MEX,Mexico,1986,12183.548981688557
MEX,Mexico,1987,12167.793376582422
MEX,Mexico,1988,12082.076207277953
MEX,Mexico,1989,12346.552101734887
MEX,Mexico,1990,12720.037993365155
MEX,Mexico,1991,12996.198423240605
MEX,Mexico,1992,13201.42784378875
MEX,Mexico,1993,13403.196853481983
MEX,Mexico,1994,13799.12086977203
MEX,Mexico,1995,12697.73284821536
MEX,Mexico,1996,13325.148112609071
MEX,Mexico,1997,14004.172561954349
MEX,Mexico,1998,14497.873688553374
MEX,Mexico,1999,14677.395873321575
MEX,Mexico,2000,15187.933429184473
MEX,Mexico,2001,14928.765560134774
MEX,Mexico,2002,14738.556532613537
MEX,Mexico,2003,14769.883433712575
MEX,Mexico,2004,15154.550875822792
MEX,Mexico,2005,15293.226573227328
MEX,Mexico,2006,15745.49416553744
MEX,Mexico,2007,15855.132369105091
MEX,Mexico,2008,15778.89571350296
MEX,Mexico,2009,14706.350806407365
MEX,Mexico,2010,15220.046841337276
MEX,Mexico,2011,15542.917764514055
MEX,Mexico,2012,15877.289272413473
MEX,Mexico,2013,15868.019886268075
MEX,Mexico,2014,16091.653507025976
MEX,Mexico,2015,16400.35046555461
MEX,Mexico,2016,16661.20428072448
MEX,Mexico,2017,16792.3746185148
MKD,North Macedonia,1950,
MKD,North Macedonia,1951,
MKD,North Macedonia,1952,
MKD,North Macedonia,1953,
MKD,North Macedonia,1954,
MKD,North Macedonia,1955,
MKD,North Macedonia,1956,
MKD,North Macedonia,1957,
MKD,North Macedonia,1958,
MKD,North Macedonia,1959,
MKD,North Macedonia,1960,
MKD,North Macedonia,1961,
MKD,North Macedonia,1962,
MKD,North Macedonia,1963,
MKD,North Macedonia,1964,
MKD,North Macedonia,1965,
MKD,North Macedonia,1966,
MKD,North Macedonia,1967,
MKD,North Macedonia,1968,
MKD,North Macedonia,1969,
MKD,North Macedonia,1970,
MKD,North Macedonia,1971,
MKD,North Macedonia,1972,
MKD,North Macedonia,1973,
MKD,North Macedonia,1974,
MKD,North Macedonia,1975,
MKD,North Macedonia,1976,
MKD,North Macedonia,1977,
MKD,North Macedonia,1978,
MKD,North Macedonia,1979,
MKD,North Macedonia,1980,
MKD,North Macedonia,1981,
MKD,North Macedonia,1982,
MKD,North Macedonia,1983,
MKD,North Macedonia,1984,
MKD,North Macedonia,1985,
MKD,North Macedonia,1986,
MKD,North Macedonia,1987,
MKD,North Macedonia,1988,
MKD,North Macedonia,1989,
MKD,North Macedonia,1990,8695.262632277101
MKD,North Macedonia,1991,8435.449591293942
MKD,North Macedonia,1992,7765.543697349295
MKD,North Macedonia,1993,7688.37501708179
MKD,North Macedonia,1994,7555.603228692222
MKD,North Macedonia,1995,7465.538212821248
MKD,North Macedonia,1996,7530.493079810339
MKD,North Macedonia,1997,7600.14255458362
MKD,North Macedonia,1998,7808.320835170586
MKD,North Macedonia,1999,8097.46650434089
MKD,North Macedonia,2000,8422.503659205271
MKD,North Macedonia,2001,8132.106224444893
MKD,North Macedonia,2002,8229.056345054954
MKD,North Macedonia,2003,8393.525821419815
MKD,North Macedonia,2004,8770.389069740651
MKD,North Macedonia,2005,9170.325778221113
MKD,North Macedonia,2006,9627.976177623066
MKD,North Macedonia,2007,10239.759107110487
MKD,North Macedonia,2008,10790.040004894237
MKD,North Macedonia,2009,10742.428734796704
MKD,North Macedonia,2010,11094.418073003426
MKD,North Macedonia,2011,11345.01190570752
MKD,North Macedonia,2012,11284.278272055333
MKD,North Macedonia,2013,11604.796373362
MKD,North Macedonia,2014,12015.83573604177
MKD,North Macedonia,2015,12468.248892683423
MKD,North Macedonia,2016,12811.694890668836
MKD,North Macedonia,2017,12830.47515078828
MLI,Mali,1950,
MLI,Mali,1951,
MLI,Mali,1952,
MLI,Mali,1953,
MLI,Mali,1954,
MLI,Mali,1955,
MLI,Mali,1956,
MLI,Mali,1957,
MLI,Mali,1958,
MLI,Mali,1959,
MLI,Mali,1960,361.9408565448441
MLI,Mali,1961,348.4810608268204
MLI,Mali,1962,334.8515101217971
MLI,Mali,1963,349.55752869722716
MLI,Mali,1964,289.0183364723825
MLI,Mali,1965,293.8575706715813
MLI,Mali,1966,298.5524597989305
MLI,Mali,1967,287.5934695062086
MLI,Mali,1968,299.83935008195675
MLI,Mali,1969,296.3047854720062
MLI,Mali,1970,315.8980254515569
MLI,Mali,1971,318.8950313930244
MLI,Mali,1972,331.8799599406979
MLI,Mali,1973,321.36677695406763
MLI,Mali,1974,310.8801612400296
MLI,Mali,1975,340.92106390989994
MLI,Mali,1976,380.64297872078356
MLI,Mali,1977,397.8354306620958
MLI,Mali,1978,385.1904871612957
MLI,Mali,1979,417.5754199218197
MLI,Mali,1980,391.98673438307077
MLI,Mali,1981,400.7367097841317
MLI,Mali,1982,416.8679366803215
MLI,Mali,1983,387.09215400493514
MLI,Mali,1984,382.1315246472909
MLI,Mali,1985,407.2911177219773
MLI,Mali,1986,465.6147283056701
MLI,Mali,1987,448.2954181545975
MLI,Mali,1988,443.2087562588023
MLI,Mali,1989,469.017014747089
MLI,Mali,1990,471.4883228513417
MLI,Mali,1991,528.8541821238064
MLI,Mali,1992,506.746562415559
MLI,Mali,1993,515.8308654024971
MLI,Mali,1994,538.0548637809238
MLI,Mali,1995,719.0333397017491
MLI,Mali,1996,842.2159728564245
MLI,Mali,1997,914.8595798367218
MLI,Mali,1998,949.416378716633
MLI,Mali,1999,1046.385053368683
MLI,Mali,2000,1016.7657722018116
MLI,Mali,2001,1132.226823149332
MLI,Mali,2002,1185.7190263196862
MLI,Mali,2003,1298.4432699809527
MLI,Mali,2004,1180.5197610209718
MLI,Mali,2005,1261.5039497784978
MLI,Mali,2006,1373.4043504633707
MLI,Mali,2007,1438.6498507553863
MLI,Mali,2008,1524.4143935494913
MLI,Mali,2009,1648.8551161124494
MLI,Mali,2010,1771.259742753724
MLI,Mali,2011,1851.3144792847584
MLI,Mali,2012,1999.049824854264
MLI,Mali,2013,2078.1051032320147
MLI,Mali,2014,2175.9142048630993
MLI,Mali,2015,2273.8226409547733
MLI,Mali,2016,2400.409246056397
MLI,Mali,2017,2491.358572083168
MLT,Malta,1950,
MLT,Malta,1951,
MLT,Malta,1952,
MLT,Malta,1953,
MLT,Malta,1954,1873.6597037948798
MLT,Malta,1955,1873.6597037948798
MLT,Malta,1956,2097.8090460360136
MLT,Malta,1957,2092.061693072834
MLT,Malta,1958,2208.295744353855
MLT,Malta,1959,2196.7641289018693
MLT,Malta,1960,2332.2733227734775
MLT,Malta,1961,2321.145594369649
MLT,Malta,1962,2236.8820654391784
MLT,Malta,1963,2239.925699874619
MLT,Malta,1964,2299.8008697036166
MLT,Malta,1965,2469.9411234266067
MLT,Malta,1966,2742.3582421970946
MLT,Malta,1967,2935.4718657106528
MLT,Malta,1968,3240.4621149287245
MLT,Malta,1969,3448.56734784672
MLT,Malta,1970,3883.360694417371
MLT,Malta,1971,3978.7575237992155
MLT,Malta,1972,4207.90810977875
MLT,Malta,1973,4375.039700298835
MLT,Malta,1974,4801.729696680573
MLT,Malta,1975,5720.714499634258
MLT,Malta,1976,6664.114556782445
MLT,Malta,1977,7434.812865032886
MLT,Malta,1978,8211.189005654327
MLT,Malta,1979,9006.471378926419
MLT,Malta,1980,9564.362656701278
MLT,Malta,1981,9795.31913209554
MLT,Malta,1982,9926.113442639658
MLT,Malta,1983,9770.71257299046
MLT,Malta,1984,9768.13703374638
MLT,Malta,1985,9927.465472276463
MLT,Malta,1986,10221.256182830644
MLT,Malta,1987,10550.045724519774
MLT,Malta,1988,11342.29346777998
MLT,Malta,1989,12168.030402838507
MLT,Malta,1990,12825.32462373384
MLT,Malta,1991,13512.904358588283
MLT,Malta,1992,14027.929268222231
MLT,Malta,1993,14533.2839147751
MLT,Malta,1994,15223.351918378252
MLT,Malta,1995,16048.459027327202
MLT,Malta,1996,16506.8726395471
MLT,Malta,1997,17218.741973615783
MLT,Malta,1998,17942.76978321243
MLT,Malta,1999,18636.98269425464
MLT,Malta,2000,19755.121103332192
MLT,Malta,2001,19751.465405076196
MLT,Malta,2002,20231.741939686955
MLT,Malta,2003,20648.21869516565
MLT,Malta,2004,20647.80307441843
MLT,Malta,2005,21335.275992885203
MLT,Malta,2006,21630.999959790777
MLT,Malta,2007,22396.772884897277
MLT,Malta,2008,23044.965551855334
MLT,Malta,2009,22373.464139789674
MLT,Malta,2010,23051.12236317296
MLT,Malta,2011,23231.08930786171
MLT,Malta,2012,23723.24233958177
MLT,Malta,2013,24672.72214903599
MLT,Malta,2014,26540.667382692995
MLT,Malta,2015,28928.508217653223
MLT,Malta,2016,30312.819672706995
MLT,Malta,2017,32227.874220871407
MMR,Myanmar,1950,
MMR,Myanmar,1951,
MMR,Myanmar,1952,
MMR,Myanmar,1953,
MMR,Myanmar,1954,
MMR,Myanmar,1955,
MMR,Myanmar,1956,
MMR,Myanmar,1957,
MMR,Myanmar,1958,
MMR,Myanmar,1959,
MMR,Myanmar,1960,
MMR,Myanmar,1961,
MMR,Myanmar,1962,615.735588823752
MMR,Myanmar,1963,680.3936621599688
MMR,Myanmar,1964,625.2600032596516
MMR,Myanmar,1965,673.1313302948344
MMR,Myanmar,1966,629.8647028333999
MMR,Myanmar,1967,590.2206245146987
MMR,Myanmar,1968,635.0421023776263
MMR,Myanmar,1969,640.6359254070475
MMR,Myanmar,1970,675.1907301157914
MMR,Myanmar,1971,680.4303342064912
MMR,Myanmar,1972,667.2706929217292
MMR,Myanmar,1973,661.2337429790604
MMR,Myanmar,1974,665.234142093973
MMR,Myanmar,1975,676.2501252566801
MMR,Myanmar,1976,696.9746543100908
MMR,Myanmar,1977,716.65961912767
MMR,Myanmar,1978,743.849801088898
MMR,Myanmar,1979,761.2063486528602
MMR,Myanmar,1980,802.7771619274076
MMR,Myanmar,1981,834.1229761943047
MMR,Myanmar,1982,859.7397305344592
MMR,Myanmar,1983,877.5591131624321
MMR,Myanmar,1984,901.3802818425609
MMR,Myanmar,1985,908.31371399325
MMR,Myanmar,1986,881.3063711222674
MMR,Myanmar,1987,830.3435055344028
MMR,Myanmar,1988,723.1967020261138
MMR,Myanmar,1989,737.6883130507535
MMR,Myanmar,1990,747.054154852932
MMR,Myanmar,1991,732.0329046598396
MMR,Myanmar,1992,792.7214054508013
MMR,Myanmar,1993,830.6732933116696
MMR,Myanmar,1994,882.2883333861032
MMR,Myanmar,1995,932.1204728919354
MMR,Myanmar,1996,979.588784097034
MMR,Myanmar,1997,1021.4643261433594
MMR,Myanmar,1998,1058.0327316906753
MMR,Myanmar,1999,1158.898446523899
MMR,Myanmar,2000,1302.2989807144318
MMR,Myanmar,2001,1433.4722768885354
MMR,Myanmar,2002,1588.4055705174992
MMR,Myanmar,2003,1789.9014880709278
MMR,Myanmar,2004,2013.7184946449684
MMR,Myanmar,2005,2267.670892333952
MMR,Myanmar,2006,2545.0858456841042
MMR,Myanmar,2007,2831.432964251312
MMR,Myanmar,2008,3102.361852419316
MMR,Myanmar,2009,3407.5588575633724
MMR,Myanmar,2010,3727.10175230183
MMR,Myanmar,2011,3904.585293961534
MMR,Myanmar,2012,4155.265057677245
MMR,Myanmar,2013,4464.957600639046
MMR,Myanmar,2014,4777.547797440169
MMR,Myanmar,2015,5064.863785597509
MMR,Myanmar,2016,5314.448809781231
MMR,Myanmar,2017,5626.399605532103
MNE,Montenegro,1950,
MNE,Montenegro,1951,
MNE,Montenegro,1952,
MNE,Montenegro,1953,
MNE,Montenegro,1954,
MNE,Montenegro,1955,
MNE,Montenegro,1956,
MNE,Montenegro,1957,
MNE,Montenegro,1958,
MNE,Montenegro,1959,
MNE,Montenegro,1960,
MNE,Montenegro,1961,
MNE,Montenegro,1962,
MNE,Montenegro,1963,
MNE,Montenegro,1964,
MNE,Montenegro,1965,
MNE,Montenegro,1966,
MNE,Montenegro,1967,
MNE,Montenegro,1968,
MNE,Montenegro,1969,
MNE,Montenegro,1970,
MNE,Montenegro,1971,
MNE,Montenegro,1972,
MNE,Montenegro,1973,
MNE,Montenegro,1974,
MNE,Montenegro,1975,
MNE,Montenegro,1976,
MNE,Montenegro,1977,
MNE,Montenegro,1978,
MNE,Montenegro,1979,
MNE,Montenegro,1980,
MNE,Montenegro,1981,
MNE,Montenegro,1982,
MNE,Montenegro,1983,
MNE,Montenegro,1984,
MNE,Montenegro,1985,
MNE,Montenegro,1986,
MNE,Montenegro,1987,
MNE,Montenegro,1988,
MNE,Montenegro,1989,
MNE,Montenegro,1990,14907.15008369339
MNE,Montenegro,1991,13280.474780911702
MNE,Montenegro,1992,10135.495789817931
MNE,Montenegro,1993,6415.538250025488
MNE,Montenegro,1994,6498.261285534114
MNE,Montenegro,1995,7423.542635969997
MNE,Montenegro,1996,9482.661634920922
MNE,Montenegro,1997,10131.147572830929
MNE,Montenegro,1998,10629.422997581878
MNE,Montenegro,1999,9772.567927278536
MNE,Montenegro,2000,11211.462672858865
MNE,Montenegro,2001,11341.888197573622
MNE,Montenegro,2002,11553.929485982195
MNE,Montenegro,2003,11826.988213306673
MNE,Montenegro,2004,12329.43815324148
MNE,Montenegro,2005,12818.980131286557
MNE,Montenegro,2006,13884.553114078315
MNE,Montenegro,2007,14790.56355687323
MNE,Montenegro,2008,15814.914808827383
MNE,Montenegro,2009,14859.029371032297
MNE,Montenegro,2010,15230.286362662675
MNE,Montenegro,2011,15692.301659267358
MNE,Montenegro,2012,15242.454898659793
MNE,Montenegro,2013,15765.587519896599
MNE,Montenegro,2014,16031.971718617542
MNE,Montenegro,2015,16562.214133573605
MNE,Montenegro,2016,17038.77525217652
MNE,Montenegro,2017,17832.671200354987
MNG,Mongolia,1950,
MNG,Mongolia,1951,
MNG,Mongolia,1952,
MNG,Mongolia,1953,
MNG,Mongolia,1954,
MNG,Mongolia,1955,
MNG,Mongolia,1956,
MNG,Mongolia,1957,
MNG,Mongolia,1958,
MNG,Mongolia,1959,
MNG,Mongolia,1960,
MNG,Mongolia,1961,
MNG,Mongolia,1962,
MNG,Mongolia,1963,
MNG,Mongolia,1964,
MNG,Mongolia,1965,
MNG,Mongolia,1966,
MNG,Mongolia,1967,
MNG,Mongolia,1968,
MNG,Mongolia,1969,
MNG,Mongolia,1970,3196.094813735838
MNG,Mongolia,1971,3248.7766865157237
MNG,Mongolia,1972,3267.716407903351
MNG,Mongolia,1973,3455.2610545699854
MNG,Mongolia,1974,3498.1279012788536
MNG,Mongolia,1975,3622.103336648093
MNG,Mongolia,1976,3661.522091582616
MNG,Mongolia,1977,3842.137722659787
MNG,Mongolia,1978,4023.6494677195974
MNG,Mongolia,1979,4087.2225745205396
MNG,Mongolia,1980,4238.994661081141
MNG,Mongolia,1981,4477.841732551812
MNG,Mongolia,1982,4730.141553319979
MNG,Mongolia,1983,4879.26943614553
MNG,Mongolia,1984,5035.597627074128
MNG,Mongolia,1985,5180.94125038837
MNG,Mongolia,1986,5513.179573520343
MNG,Mongolia,1987,5548.3342273183935
MNG,Mongolia,1988,5674.261500036332
MNG,Mongolia,1989,5769.839737630114
MNG,Mongolia,1990,5513.559861342793
MNG,Mongolia,1991,4927.538519968106
MNG,Mongolia,1992,4408.68168339088
MNG,Mongolia,1993,4239.064331584529
MNG,Mongolia,1994,4303.677385460853
MNG,Mongolia,1995,4540.398523095535
MNG,Mongolia,1996,4610.061724164878
MNG,Mongolia,1997,4755.12485442513
MNG,Mongolia,1998,4881.515500337865
MNG,Mongolia,1999,4994.8689947347075
MNG,Mongolia,2000,5002.837573254263
MNG,Mongolia,2001,5103.005430589939
MNG,Mongolia,2002,5292.301309395383
MNG,Mongolia,2003,5604.236644174989
MNG,Mongolia,2004,6131.298357245351
MNG,Mongolia,2005,6498.9751904875775
MNG,Mongolia,2006,6967.982764462464
MNG,Mongolia,2007,7582.290433210071
MNG,Mongolia,2008,8142.583493138189
MNG,Mongolia,2009,7918.28760962082
MNG,Mongolia,2010,8284.583442257723
MNG,Mongolia,2011,9545.121923160517
MNG,Mongolia,2012,10520.235150190743
MNG,Mongolia,2013,11521.067596235156
MNG,Mongolia,2014,12196.633053107618
MNG,Mongolia,2015,12264.616317328537
MNG,Mongolia,2016,12200.872534798824
MNG,Mongolia,2017,12618.76467820374
MOZ,Mozambique,1950,
MOZ,Mozambique,1951,
MOZ,Mozambique,1952,
MOZ,Mozambique,1953,
MOZ,Mozambique,1954,
MOZ,Mozambique,1955,
MOZ,Mozambique,1956,
MOZ,Mozambique,1957,
MOZ,Mozambique,1958,
MOZ,Mozambique,1959,
MOZ,Mozambique,1960,327.5787203629254
MOZ,Mozambique,1961,326.537530435533
MOZ,Mozambique,1962,346.8895237321771
MOZ,Mozambique,1963,346.5206681105678
MOZ,Mozambique,1964,353.1969146400148
MOZ,Mozambique,1965,350.85971302597744
MOZ,Mozambique,1966,347.7825904073943
MOZ,Mozambique,1967,378.78345928863047
MOZ,Mozambique,1968,386.8525304630964
MOZ,Mozambique,1969,404.2101704295938
MOZ,Mozambique,1970,380.6889709045568
MOZ,Mozambique,1971,399.85672252081855
MOZ,Mozambique,1972,409.7309375053355
MOZ,Mozambique,1973,418.5174753937491
MOZ,Mozambique,1974,433.7433608764522
MOZ,Mozambique,1975,431.29422899450174
MOZ,Mozambique,1976,443.16664241982613
MOZ,Mozambique,1977,430.0730549737366
MOZ,Mozambique,1978,422.66781677576944
MOZ,Mozambique,1979,424.0917234285453
MOZ,Mozambique,1980,431.07805394826295
MOZ,Mozambique,1981,426.35833178039485
MOZ,Mozambique,1982,401.0391635802837
MOZ,Mozambique,1983,341.43446617319194
MOZ,Mozambique,1984,346.41489085289516
MOZ,Mozambique,1985,312.671388837256
MOZ,Mozambique,1986,316.4962199178542
MOZ,Mozambique,1987,331.91184066329464
MOZ,Mozambique,1988,347.4873104900917
MOZ,Mozambique,1989,368.4570632571482
MOZ,Mozambique,1990,366.8594571985341
MOZ,Mozambique,1991,375.08663857865184
MOZ,Mozambique,1992,343.3576551880459
MOZ,Mozambique,1993,359.0249079891077
MOZ,Mozambique,1994,366.6084759952733
MOZ,Mozambique,1995,361.91775186933376
MOZ,Mozambique,1996,445.25680030776573
MOZ,Mozambique,1997,480.14181657375457
MOZ,Mozambique,1998,523.4369320211706
MOZ,Mozambique,1999,550.0038632644082
MOZ,Mozambique,2000,544.2914422166006
MOZ,Mozambique,2001,596.3323558100974
MOZ,Mozambique,2002,630.1004056030162
MOZ,Mozambique,2003,651.4243845603366
MOZ,Mozambique,2004,681.6981027561457
MOZ,Mozambique,2005,719.5260392108473
MOZ,Mozambique,2006,767.5029141227241
MOZ,Mozambique,2007,800.6801415557793
MOZ,Mozambique,2008,831.0789246955162
MOZ,Mozambique,2009,858.41622705968
MOZ,Mozambique,2010,889.4570076887072
MOZ,Mozambique,2011,925.351112946772
MOZ,Mozambique,2012,963.4645171368179
MOZ,Mozambique,2013,1002.6775892438028
MOZ,Mozambique,2014,1046.5175393235045
MOZ,Mozambique,2015,1083.7313094474073
MOZ,Mozambique,2016,1092.578969369661
MOZ,Mozambique,2017,1101.3416529976964
MRT,Mauritania,1950,
MRT,Mauritania,1951,
MRT,Mauritania,1952,
MRT,Mauritania,1953,
MRT,Mauritania,1954,
MRT,Mauritania,1955,
MRT,Mauritania,1956,
MRT,Mauritania,1957,
MRT,Mauritania,1958,
MRT,Mauritania,1959,
MRT,Mauritania,1960,1343.4970003740734
MRT,Mauritania,1961,1228.0224407777155
MRT,Mauritania,1962,1328.0799534732457
MRT,Mauritania,1963,1352.2710148988417
MRT,Mauritania,1964,2053.5703153623376
MRT,Mauritania,1965,2367.705195438154
MRT,Mauritania,1966,2362.1783424135606
MRT,Mauritania,1967,2522.8692043692436
MRT,Mauritania,1968,2869.401364919239
MRT,Mauritania,1969,2761.154560442286
MRT,Mauritania,1970,3014.050633935039
MRT,Mauritania,1971,2947.2478486681657
MRT,Mauritania,1972,2867.2062136905765
MRT,Mauritania,1973,2762.1620917899863
MRT,Mauritania,1974,2911.4183187303092
MRT,Mauritania,1975,3114.890522753224
MRT,Mauritania,1976,3228.2536913807385
MRT,Mauritania,1977,3124.796184961625
MRT,Mauritania,1978,2809.2861342800857
MRT,Mauritania,1979,3003.14710898503
MRT,Mauritania,1980,2938.4721890595847
MRT,Mauritania,1981,2968.7573965657284
MRT,Mauritania,1982,2663.994168819039
MRT,Mauritania,1983,2652.9757993239186
MRT,Mauritania,1984,2523.4703514203775
MRT,Mauritania,1985,2535.6682455667637
MRT,Mauritania,1986,2609.2866296879524
MRT,Mauritania,1987,2596.810438280739
MRT,Mauritania,1988,2557.3402914886715
MRT,Mauritania,1989,2580.5833310449066
MRT,Mauritania,1990,2485.710602913945
MRT,Mauritania,1991,2489.2663153375993
MRT,Mauritania,1992,2476.866298070899
MRT,Mauritania,1993,2620.203696128026
MRT,Mauritania,1994,2671.5699756249205
MRT,Mauritania,1995,2533.749486085
MRT,Mauritania,1996,2719.2535545377086
MRT,Mauritania,1997,2530.776344199126
MRT,Mauritania,1998,2521.8718068921694
MRT,Mauritania,1999,2608.6602038532737
MRT,Mauritania,2000,2520.204357522979
MRT,Mauritania,2001,2495.871739316107
MRT,Mauritania,2002,2440.3287577094475
MRT,Mauritania,2003,2512.8506087040523
MRT,Mauritania,2004,2582.421123323964
MRT,Mauritania,2005,2735.0501017353868
MRT,Mauritania,2006,3160.346581845435
MRT,Mauritania,2007,3159.144834816689
MRT,Mauritania,2008,3104.35291758454
MRT,Mauritania,2009,2985.4864844971958
MRT,Mauritania,2010,3038.5246253404953
MRT,Mauritania,2011,3088.8057500046716
MRT,Mauritania,2012,3171.9144016937234
MRT,Mauritania,2013,3266.532034727103
MRT,Mauritania,2014,3349.511651228433
MRT,Mauritania,2015,3283.9636760578815
MRT,Mauritania,2016,3247.637119180242
MRT,Mauritania,2017,3269.463316147575
MSR,Montserrat,1950,
MSR,Montserrat,1951,
MSR,Montserrat,1952,
MSR,Montserrat,1953,
MSR,Montserrat,1954,
MSR,Montserrat,1955,
MSR,Montserrat,1956,
MSR,Montserrat,1957,
MSR,Montserrat,1958,
MSR,Montserrat,1959,
MSR,Montserrat,1960,
MSR,Montserrat,1961,
MSR,Montserrat,1962,
MSR,Montserrat,1963,
MSR,Montserrat,1964,
MSR,Montserrat,1965,
MSR,Montserrat,1966,
MSR,Montserrat,1967,
MSR,Montserrat,1968,
MSR,Montserrat,1969,
MSR,Montserrat,1970,8197.679745376343
MSR,Montserrat,1971,8381.240021485046
MSR,Montserrat,1972,8507.992595197255
MSR,Montserrat,1973,8722.413177034312
MSR,Montserrat,1974,9026.391026078063
MSR,Montserrat,1975,9411.443264578558
MSR,Montserrat,1976,9255.031622558552
MSR,Montserrat,1977,9093.705294167159
MSR,Montserrat,1978,9797.08977434779
MSR,Montserrat,1979,10737.749372069658
MSR,Montserrat,1980,11693.722768456375
MSR,Montserrat,1981,12248.031352355225
MSR,Montserrat,1982,12995.747910460464
MSR,Montserrat,1983,12371.183488372093
MSR,Montserrat,1984,12935.825154873048
MSR,Montserrat,1985,13865.924646767924
MSR,Montserrat,1986,14416.559593881384
MSR,Montserrat,1987,15143.400353645266
MSR,Montserrat,1988,16746.3416146216
MSR,Montserrat,1989,17446.57401019935
MSR,Montserrat,1990,18736.629720410067
MSR,Montserrat,1991,17366.856111833553
MSR,Montserrat,1992,17264.20681043222
MSR,Montserrat,1993,16769.477861473453
MSR,Montserrat,1994,18035.47576747224
MSR,Montserrat,1995,17221.379790872666
MSR,Montserrat,1996,13869.770563139931
MSR,Montserrat,1997,12328.00024342746
MSR,Montserrat,1998,12057.45507785467
MSR,Montserrat,1999,13373.25546224296
MSR,Montserrat,2000,15223.912490413724
MSR,Montserrat,2001,16691.79257935627
MSR,Montserrat,2002,17579.458749999998
MSR,Montserrat,2003,17289.75572802505
MSR,Montserrat,2004,17432.223507751936
MSR,Montserrat,2005,17473.745366262032
MSR,Montserrat,2006,17105.78738959967
MSR,Montserrat,2007,17504.12970341583
MSR,Montserrat,2008,18213.33738386308
MSR,Montserrat,2009,18074.460274223035
MSR,Montserrat,2010,17489.89778114887
MSR,Montserrat,2011,18260.639573488184
MSR,Montserrat,2012,18761.33778771616
MSR,Montserrat,2013,19606.88307221784
MSR,Montserrat,2014,19927.94109454688
MSR,Montserrat,2015,19444.846065573773
MSR,Montserrat,2016,19441.937810559004
MSR,Montserrat,2017,18804.509275642264
MUS,Mauritius,1950,4382.048086126388
MUS,Mauritius,1951,4459.190020016035
MUS,Mauritius,1952,4202.550200379674
MUS,Mauritius,1953,4120.550146458896
MUS,Mauritius,1954,3803.626264260061
MUS,Mauritius,1955,3843.2294169871275
MUS,Mauritius,1956,3761.0715017114226
MUS,Mauritius,1957,3783.702778471332
MUS,Mauritius,1958,3659.253854647543
MUS,Mauritius,1959,3657.977147078957
MUS,Mauritius,1960,3333.0823555954594
MUS,Mauritius,1961,3573.6084787168193
MUS,Mauritius,1962,3599.844970143442
MUS,Mauritius,1963,3855.3151727882914
MUS,Mauritius,1964,3787.4449095806094
MUS,Mauritius,1965,3679.88058296461
MUS,Mauritius,1966,3491.7683663332236
MUS,Mauritius,1967,3668.2694840023337
MUS,Mauritius,1968,3113.502802313288
MUS,Mauritius,1969,3201.4616031329565
MUS,Mauritius,1970,3148.976329211357
MUS,Mauritius,1971,3238.2312725852134
MUS,Mauritius,1972,3445.8129056439884
MUS,Mauritius,1973,3796.5687926431215
MUS,Mauritius,1974,4039.6068548254652
MUS,Mauritius,1975,4026.9354899920427
MUS,Mauritius,1976,4838.250435908426
MUS,Mauritius,1977,5069.017063977647
MUS,Mauritius,1978,5176.207514131181
MUS,Mauritius,1979,5275.166631268013
MUS,Mauritius,1980,4678.39645293376
MUS,Mauritius,1981,4892.627823549878
MUS,Mauritius,1982,5105.088080400414
MUS,Mauritius,1983,5074.703612170358
MUS,Mauritius,1984,5270.20206965431
MUS,Mauritius,1985,5586.794621197725
MUS,Mauritius,1986,6086.023459026449
MUS,Mauritius,1987,6659.656084019604
MUS,Mauritius,1988,7062.220168053979
MUS,Mauritius,1989,7325.446350270773
MUS,Mauritius,1990,7772.8376907102665
MUS,Mauritius,1991,7998.412051610916
MUS,Mauritius,1992,8381.051435853593
MUS,Mauritius,1993,8677.566463131574
MUS,Mauritius,1994,8919.153306357184
MUS,Mauritius,1995,9193.16191253442
MUS,Mauritius,1996,9552.897551634103
MUS,Mauritius,1997,10000.985279085675
MUS,Mauritius,1998,10506.921063589049
MUS,Mauritius,1999,10686.743844088855
MUS,Mauritius,2000,11469.985082500705
MUS,Mauritius,2001,11766.890819371807
MUS,Mauritius,2002,11887.95791292583
MUS,Mauritius,2003,12507.401717684741
MUS,Mauritius,2004,12977.269991554327
MUS,Mauritius,2005,13139.66750766925
MUS,Mauritius,2006,13710.569799910152
MUS,Mauritius,2007,14427.498795441928
MUS,Mauritius,2008,15138.702008252078
MUS,Mauritius,2009,15581.06291190492
MUS,Mauritius,2010,16211.84177908215
MUS,Mauritius,2011,16831.491564183438
MUS,Mauritius,2012,17387.308346850212
MUS,Mauritius,2013,17944.106966304746
MUS,Mauritius,2014,18587.516518015724
MUS,Mauritius,2015,19213.738828413163
MUS,Mauritius,2016,19909.366868474153
MUS,Mauritius,2017,20631.138785702304
MWI,Malawi,1950,
MWI,Malawi,1951,
MWI,Malawi,1952,
MWI,Malawi,1953,
MWI,Malawi,1954,376.31229236109186
MWI,Malawi,1955,406.9372319032232
MWI,Malawi,1956,406.8861267227732
MWI,Malawi,1957,445.3201272721164
MWI,Malawi,1958,437.93889453295327
MWI,Malawi,1959,381.3521736641212
MWI,Malawi,1960,433.20572758548224
MWI,Malawi,1961,486.21376615051895
MWI,Malawi,1962,432.1171327524437
MWI,Malawi,1963,429.4280035430343
MWI,Malawi,1964,422.281825415276
MWI,Malawi,1965,525.8259142198415
MWI,Malawi,1966,603.6358720277418
MWI,Malawi,1967,576.919888387009
MWI,Malawi,1968,587.2589631432318
MWI,Malawi,1969,639.2154214623264
MWI,Malawi,1970,737.4444982604773
MWI,Malawi,1971,821.1993322341485
MWI,Malawi,1972,880.3769238044761
MWI,Malawi,1973,875.8794714125828
MWI,Malawi,1974,914.6623477731246
MWI,Malawi,1975,937.577819088779
MWI,Malawi,1976,966.3797886414775
MWI,Malawi,1977,977.334381703441
MWI,Malawi,1978,1025.9116380975577
MWI,Malawi,1979,1028.2566856792107
MWI,Malawi,1980,1092.3697356095502
MWI,Malawi,1981,948.966015448946
MWI,Malawi,1982,939.3700531850251
MWI,Malawi,1983,952.9656752205602
MWI,Malawi,1984,956.6179700429136
MWI,Malawi,1985,957.8657684949186
MWI,Malawi,1986,924.2487413070324
MWI,Malawi,1987,859.3343931738589
MWI,Malawi,1988,834.4791398490183
MWI,Malawi,1989,824.6799860769768
MWI,Malawi,1990,832.6345679807431
MWI,Malawi,1991,878.6308393591553
MWI,Malawi,1992,801.6949447314644
MWI,Malawi,1993,885.65322621214
MWI,Malawi,1994,779.7300424747418
MWI,Malawi,1995,840.4607069326466
MWI,Malawi,1996,903.4550902476857
MWI,Malawi,1997,913.1435349530263
MWI,Malawi,1998,896.2487989694483
MWI,Malawi,1999,879.459972875649
MWI,Malawi,2000,867.2947350206525
MWI,Malawi,2001,803.1368112572341
MWI,Malawi,2002,802.6477693739224
MWI,Malawi,2003,826.231538956866
MWI,Malawi,2004,847.6992533484707
MWI,Malawi,2005,850.9933256956384
MWI,Malawi,2006,865.1452016928978
MWI,Malawi,2007,919.9944149286443
MWI,Malawi,2008,960.4231331772837
MWI,Malawi,2009,1009.0596168174973
MWI,Malawi,2010,1032.5150415519447
MWI,Malawi,2011,1064.7067422785149
MWI,Malawi,2012,1027.399855552221
MWI,Malawi,2013,1060.087898010515
MWI,Malawi,2014,1093.5211078092996
MWI,Malawi,2015,1096.7322519123961
MWI,Malawi,2016,1094.0669262725057
MWI,Malawi,2017,1116.8850353962998
MYS,Malaysia,1950,
MYS,Malaysia,1951,
MYS,Malaysia,1952,
MYS,Malaysia,1953,
MYS,Malaysia,1954,
MYS,Malaysia,1955,2439.3911190966596
MYS,Malaysia,1956,2487.7003202477863
MYS,Malaysia,1957,2454.1523104804837
MYS,Malaysia,1958,2352.0960212328528
MYS,Malaysia,1959,2519.7465310342027
MYS,Malaysia,1960,2638.9901694344203
MYS,Malaysia,1961,2754.43803717096
MYS,Malaysia,1962,2843.6550321762306
MYS,Malaysia,1963,2951.953340943679
MYS,Malaysia,1964,3017.2927220969104
MYS,Malaysia,1965,3155.8654974025308
MYS,Malaysia,1966,3295.6796834211086
MYS,Malaysia,1967,3324.2840409681507
MYS,Malaysia,1968,3479.3451085547945
MYS,Malaysia,1969,3568.0375140722454
MYS,Malaysia,1970,3689.7397699895528
MYS,Malaysia,1971,4429.922265220126
MYS,Malaysia,1972,4733.74636479385
MYS,Malaysia,1973,5165.202129261004
MYS,Malaysia,1974,5463.605214777273
MYS,Malaysia,1975,5375.540079105824
MYS,Malaysia,1976,5849.711710375124
MYS,Malaysia,1977,6144.731129477423
MYS,Malaysia,1978,6387.534493922996
MYS,Malaysia,1979,6809.768278308789
MYS,Malaysia,1980,7137.513449318032
MYS,Malaysia,1981,7451.692831258893
MYS,Malaysia,1982,7713.10281111381
MYS,Malaysia,1983,8000.205258022843
MYS,Malaysia,1984,8409.495977383496
MYS,Malaysia,1985,8101.827118811354
MYS,Malaysia,1986,7963.443301087438
MYS,Malaysia,1987,8148.899863733058
MYS,Malaysia,1988,8604.246440920882
MYS,Malaysia,1989,9121.796867008792
MYS,Malaysia,1990,9666.717220892671
MYS,Malaysia,1991,10308.771846289466
MYS,Malaysia,1992,10939.406009110136
MYS,Malaysia,1993,11724.471923701703
MYS,Malaysia,1994,12489.383131840108
MYS,Malaysia,1995,13376.51880858724
MYS,Malaysia,1996,14345.170434691285
MYS,Malaysia,1997,15008.69032124078
MYS,Malaysia,1998,13559.487790722631
MYS,Malaysia,1999,14046.905809219683
MYS,Malaysia,2000,14942.20580046029
MYS,Malaysia,2001,14694.24518227324
MYS,Malaysia,2002,15166.490521783322
MYS,Malaysia,2003,15726.037139656139
MYS,Malaysia,2004,16469.005491706288
MYS,Malaysia,2005,17019.0756665244
MYS,Malaysia,2006,17636.77357584728
MYS,Malaysia,2007,18408.095387632722
MYS,Malaysia,2008,18952.153089835054
MYS,Malaysia,2009,18331.077231077943
MYS,Malaysia,2010,19337.052354045856
MYS,Malaysia,2011,19988.97995497769
MYS,Malaysia,2012,20696.1583476354
MYS,Malaysia,2013,21276.43295110583
MYS,Malaysia,2014,22165.489537271118
MYS,Malaysia,2015,22918.64096686477
MYS,Malaysia,2016,23531.12089462002
MYS,Malaysia,2017,24574.41597369222
NAM,Namibia,1950,
NAM,Namibia,1951,
NAM,Namibia,1952,
NAM,Namibia,1953,
NAM,Namibia,1954,
NAM,Namibia,1955,
NAM,Namibia,1956,
NAM,Namibia,1957,
NAM,Namibia,1958,
NAM,Namibia,1959,
NAM,Namibia,1960,4251.074524173537
NAM,Namibia,1961,4208.498428724556
NAM,Namibia,1962,4674.365907154809
NAM,Namibia,1963,4863.767052108886
NAM,Namibia,1964,5322.078695596255
NAM,Namibia,1965,5430.83764856095
NAM,Namibia,1966,5632.703271741537
NAM,Namibia,1967,5561.924303082434
NAM,Namibia,1968,5633.948157758429
NAM,Namibia,1969,5887.536157434063
NAM,Namibia,1970,6267.917203489989
NAM,Namibia,1971,6401.63403833947
NAM,Namibia,1972,6329.319738688445
NAM,Namibia,1973,6379.178933782856
NAM,Namibia,1974,6636.946842468209
NAM,Namibia,1975,6605.662096482251
NAM,Namibia,1976,6538.871377654534
NAM,Namibia,1977,6392.038105641278
NAM,Namibia,1978,6432.270516568316
NAM,Namibia,1979,6535.199100812141
NAM,Namibia,1980,6822.242749457737
NAM,Namibia,1981,6744.707657648961
NAM,Namibia,1982,6577.302093262154
NAM,Namibia,1983,6309.743700775851
NAM,Namibia,1984,6124.551268221659
NAM,Namibia,1985,5953.810674462151
NAM,Namibia,1986,6000.962207392632
NAM,Namibia,1987,5952.893576826495
NAM,Namibia,1988,5739.866012712299
NAM,Namibia,1989,5600.674719701029
NAM,Namibia,1990,5494.120302693948
NAM,Namibia,1991,5735.778092125639
NAM,Namibia,1992,5953.262964235742
NAM,Namibia,1993,5685.47043122774
NAM,Namibia,1994,5615.587398331813
NAM,Namibia,1995,5663.09772750628
NAM,Namibia,1996,5668.7321705959785
NAM,Namibia,1997,5731.609264976093
NAM,Namibia,1998,5751.637901675593
NAM,Namibia,1999,5793.511071554345
NAM,Namibia,2000,5865.718111142671
NAM,Namibia,2001,5829.415897922194
NAM,Namibia,2002,6019.681511150308
NAM,Namibia,2003,6197.868898005742
NAM,Namibia,2004,6879.729613521992
NAM,Namibia,2005,6974.013907206478
NAM,Namibia,2006,7381.798553667781
NAM,Namibia,2007,7688.067064596797
NAM,Namibia,2008,7792.650550659622
NAM,Namibia,2009,7703.565183785291
NAM,Namibia,2010,8033.000385165433
NAM,Namibia,2011,8280.231822771655
NAM,Namibia,2012,8513.688387960914
NAM,Namibia,2013,8787.609880727401
NAM,Namibia,2014,9131.056794880844
NAM,Namibia,2015,9470.695032639482
NAM,Namibia,2016,9328.729822831516
NAM,Namibia,2017,9059.290404187353
NER,Niger,1950,
NER,Niger,1951,
NER,Niger,1952,
NER,Niger,1953,
NER,Niger,1954,
NER,Niger,1955,
NER,Niger,1956,
NER,Niger,1957,
NER,Niger,1958,
NER,Niger,1959,
NER,Niger,1960,1368.3827414984562
NER,Niger,1961,1407.314697095791
NER,Niger,1962,1509.9250738165706
NER,Niger,1963,1620.0360668637434
NER,Niger,1964,1568.719349874501
NER,Niger,1965,1624.2030220574184
NER,Niger,1966,1576.1968270194031
NER,Niger,1967,1558.3951884472526
NER,Niger,1968,1542.1351503021226
NER,Niger,1969,1417.3540530756936
NER,Niger,1970,1449.1675895459273
NER,Niger,1971,1489.4179549675735
NER,Niger,1972,1373.886205947749
NER,Niger,1973,1108.5347059608514
NER,Niger,1974,1172.643786336949
NER,Niger,1975,1108.1968805723793
NER,Niger,1976,1084.3202729910663
NER,Niger,1977,1135.31443106874
NER,Niger,1978,1251.477338421489
NER,Niger,1979,1302.6296127254295
NER,Niger,1980,1237.3136776340568
NER,Niger,1981,1209.485216625348
NER,Niger,1982,1194.1717062570942
NER,Niger,1983,1105.1230792016509
NER,Niger,1984,893.1331564515266
NER,Niger,1985,934.8974030000788
NER,Niger,1986,891.7855326026612
NER,Niger,1987,854.6128214867169
NER,Niger,1988,880.7116843857503
NER,Niger,1989,848.5900760560786
NER,Niger,1990,816.4668817105833
NER,Niger,1991,793.664262280685
NER,Niger,1992,769.5980437277102
NER,Niger,1993,751.0195212673021
NER,Niger,1994,745.0351144704397
NER,Niger,1995,743.0717405126579
NER,Niger,1996,753.6422664849191
NER,Niger,1997,730.5907349277328
NER,Niger,1998,794.0954161642521
NER,Niger,1999,773.3238781560281
NER,Niger,2000,726.460835283341
NER,Niger,2001,753.2741348573218
NER,Niger,2002,764.8257521538845
NER,Niger,2003,762.6543898208628
NER,Niger,2004,729.2990511226194
NER,Niger,2005,755.1493368605074
NER,Niger,2006,769.7388803267559
NER,Niger,2007,764.9313519832747
NER,Niger,2008,807.4347260033683
NER,Niger,2009,772.0043666484362
NER,Niger,2010,805.4609589134219
NER,Niger,2011,792.9604737903047
NER,Niger,2012,853.5620394883695
NER,Niger,2013,864.653247624317
NER,Niger,2014,894.70384376208915
NER,Niger,2015,898.3835194487447
NER,Niger,2016,907.2508001937512
NER,Niger,2017,916.0152281238343
NGA,Nigeria,1950,1936.5966032810559
NGA,Nigeria,1951,2010.5636127872992
NGA,Nigeria,1952,2098.625395198953
NGA,Nigeria,1953,2103.0830909990254
NGA,Nigeria,1954,2213.2767576521715
NGA,Nigeria,1955,2185.789859008232
NGA,Nigeria,1956,2090.732345451531
NGA,Nigeria,1957,2088.408064302169
NGA,Nigeria,1958,2166.3296171066995
NGA,Nigeria,1959,2206.316613861257
NGA,Nigeria,1960,2664.6486433353366
NGA,Nigeria,1961,2480.565583798118
NGA,Nigeria,1962,2500.808273389021
NGA,Nigeria,1963,2639.632945714719
NGA,Nigeria,1964,2646.650465025659
NGA,Nigeria,1965,2449.8155258876695
NGA,Nigeria,1966,2258.0726260916726
NGA,Nigeria,1967,1848.6054945859405
NGA,Nigeria,1968,1807.939528247952
NGA,Nigeria,1969,2067.3951694398174
NGA,Nigeria,1970,2406.5097051341068
NGA,Nigeria,1971,2686.097879593857
NGA,Nigeria,1972,2811.983203376337
NGA,Nigeria,1973,2911.8456154317614
NGA,Nigeria,1974,3144.708746399718
NGA,Nigeria,1975,3081.6953618110088
NGA,Nigeria,1976,3206.845107096269
NGA,Nigeria,1977,3369.238732341866
NGA,Nigeria,1978,3173.4745442589365
NGA,Nigeria,1979,2995.32386953929
NGA,Nigeria,1980,2975.47520573112
NGA,Nigeria,1981,2869.682444413955
NGA,Nigeria,1982,2747.7821259148336
NGA,Nigeria,1983,2501.5056593467175
NGA,Nigeria,1984,2405.933422324511
NGA,Nigeria,1985,2610.863714408047
NGA,Nigeria,1986,2591.7434548232704
NGA,Nigeria,1987,2507.073687419796
NGA,Nigeria,1988,2627.1527860017254
NGA,Nigeria,1989,2742.309192114749
NGA,Nigeria,1990,2976.019158249717
NGA,Nigeria,1991,2901.5569461704263
NGA,Nigeria,1992,2903.733525007849
NGA,Nigeria,1993,2876.0517266086613
NGA,Nigeria,1994,2827.2516987335416
NGA,Nigeria,1995,2816.9919912299683
NGA,Nigeria,1996,2861.301488958984
NGA,Nigeria,1997,2871.6458061216513
NGA,Nigeria,1998,2879.8628747589164
NGA,Nigeria,1999,2822.1972212456553
NGA,Nigeria,2000,2898.7996295534576
NGA,Nigeria,2001,2951.6080359934485
NGA,Nigeria,2002,3492.5317326137583
NGA,Nigeria,2003,3753.482944786855
NGA,Nigeria,2004,4042.0480476170637
NGA,Nigeria,2005,4195.389045623314
NGA,Nigeria,2006,4333.795577281319
NGA,Nigeria,2007,4493.495191799171
NGA,Nigeria,2008,4650.4147355809655
NGA,Nigeria,2009,4842.299796890362
NGA,Nigeria,2010,5084.4066728053685
NGA,Nigeria,2011,5192.15027014434
NGA,Nigeria,2012,5271.282806277665
NGA,Nigeria,2013,5409.107326520627
NGA,Nigeria,2014,5599.487721033537
NGA,Nigeria,2015,5598.24224876639
NGA,Nigeria,2016,5365.349603643218
NGA,Nigeria,2017,5270.298482195791
NIC,Nicaragua,1950,2936.9612407861373
NIC,Nicaragua,1951,3247.7481035030487
NIC,Nicaragua,1952,3726.7026807033385
NIC,Nicaragua,1953,3766.3951794869968
NIC,Nicaragua,1954,4109.218938348261
NIC,Nicaragua,1955,4127.57860837595
NIC,Nicaragua,1956,4016.8610122981454
NIC,Nicaragua,1957,4152.013348851237
NIC,Nicaragua,1958,4007.266848534715
NIC,Nicaragua,1959,3807.1065145800403
NIC,Nicaragua,1960,3853.6666397914455
NIC,Nicaragua,1961,3995.6599138586625
NIC,Nicaragua,1962,4391.183366124209
NIC,Nicaragua,1963,4614.978791004236
NIC,Nicaragua,1964,5051.439752393833
NIC,Nicaragua,1965,5476.325846625175
NIC,Nicaragua,1966,5554.288256590566
NIC,Nicaragua,1967,5709.378179130067
NIC,Nicaragua,1968,5515.189477206399
NIC,Nicaragua,1969,5727.207230753252
NIC,Nicaragua,1970,5603.119259502064
NIC,Nicaragua,1971,5702.010029529332
NIC,Nicaragua,1972,5705.465216906139
NIC,Nicaragua,1973,5814.134367854362
NIC,Nicaragua,1974,6353.897621315114
NIC,Nicaragua,1975,6296.3664877890715
NIC,Nicaragua,1976,6413.484086509933
NIC,Nicaragua,1977,6611.0155082939145
NIC,Nicaragua,1978,5955.231455346504
NIC,Nicaragua,1979,4250.449947018471
NIC,Nicaragua,1980,4319.837321310089
NIC,Nicaragua,1981,4425.218289859935
NIC,Nicaragua,1982,4270.46330800323
NIC,Nicaragua,1983,4350.443768334445
NIC,Nicaragua,1984,4174.26875488989
NIC,Nicaragua,1985,3906.903274456995
NIC,Nicaragua,1986,3777.707222347203
NIC,Nicaragua,1987,3667.920062636306
NIC,Nicaragua,1988,3142.0715433466785
NIC,Nicaragua,1989,3021.370768881575
NIC,Nicaragua,1990,2954.7223290632805
NIC,Nicaragua,1991,2884.9171546922257
NIC,Nicaragua,1992,2832.90088126146
NIC,Nicaragua,1993,2761.082698727227
NIC,Nicaragua,1994,2793.766757364151
NIC,Nicaragua,1995,2900.2485698279943
NIC,Nicaragua,1996,3026.184372424483
NIC,Nicaragua,1997,3089.786525413578
NIC,Nicaragua,1998,3149.860469419269
NIC,Nicaragua,1999,3316.968400614676
NIC,Nicaragua,2000,3400.0306024760425
NIC,Nicaragua,2001,3449.944576179637
NIC,Nicaragua,2002,3428.2461266699797
NIC,Nicaragua,2003,3468.2926538412225
NIC,Nicaragua,2004,3605.190476352291
NIC,Nicaragua,2005,3710.918703724262
NIC,Nicaragua,2006,3814.732221723683
NIC,Nicaragua,2007,3956.194025158304
NIC,Nicaragua,2008,4039.160962619628
NIC,Nicaragua,2009,3856.480990230604
NIC,Nicaragua,2010,3976.630316774689
NIC,Nicaragua,2011,4176.79422154211
NIC,Nicaragua,2012,4395.683357123728
NIC,Nicaragua,2013,4559.018074677719
NIC,Nicaragua,2014,4722.9738893464755
NIC,Nicaragua,2015,4892.839898482236
NIC,Nicaragua,2016,5064.253826878038
NIC,Nicaragua,2017,5252.649940031861
NLD,Netherlands,1950,10003.908803447846
NLD,Netherlands,1951,10099.419419522526
NLD,Netherlands,1952,10157.63830467736
NLD,Netherlands,1953,10971.54718871307
NLD,Netherlands,1954,11649.208674025343
NLD,Netherlands,1955,12381.663507608311
NLD,Netherlands,1956,12800.209807542074
NLD,Netherlands,1957,13032.073326140875
NLD,Netherlands,1958,12717.674363424327
NLD,Netherlands,1959,13155.858262910184
NLD,Netherlands,1960,14282.731084403036
NLD,Netherlands,1961,14516.35452174963
NLD,Netherlands,1962,14954.116680610827
NLD,Netherlands,1963,15257.428577537243
NLD,Netherlands,1964,16471.321134990805
NLD,Netherlands,1965,17159.732146810347
NLD,Netherlands,1966,17423.16098622759
NLD,Netherlands,1967,18190.79876921361
NLD,Netherlands,1968,19301.165946252902
NLD,Netherlands,1969,20471.15518894824
NLD,Netherlands,1970,21529.282813025304
NLD,Netherlands,1971,22209.32435530803
NLD,Netherlands,1972,22745.16497824673
NLD,Netherlands,1973,23734.706181192658
NLD,Netherlands,1974,24313.27472662859
NLD,Netherlands,1975,24099.02399915557
NLD,Netherlands,1976,24972.527243455464
NLD,Netherlands,1977,25418.02024972628
NLD,Netherlands,1978,25933.22048670887
NLD,Netherlands,1979,26296.597265348573
NLD,Netherlands,1980,26499.126250866917
NLD,Netherlands,1981,26152.1986276393
NLD,Netherlands,1982,25698.616020126945
NLD,Netherlands,1983,26102.44162852952
NLD,Netherlands,1984,26767.231819320103
NLD,Netherlands,1985,27313.256243895445
NLD,Netherlands,1986,27917.120293435026
NLD,Netherlands,1987,28287.86061819448
NLD,Netherlands,1988,29080.302283309837
NLD,Netherlands,1989,30172.45382756606
NLD,Netherlands,1990,31231.322853288275
NLD,Netherlands,1991,31782.698453550947
NLD,Netherlands,1992,32108.927269105166
NLD,Netherlands,1993,32295.20170908601
NLD,Netherlands,1994,33032.731339971535
NLD,Netherlands,1995,33844.62420098522
NLD,Netherlands,1996,34836.89557233126
NLD,Netherlands,1997,36120.80277226165
NLD,Netherlands,1998,37539.199491652784
NLD,Netherlands,1999,39211.74650967393
NLD,Netherlands,2000,40641.150656934304
NLD,Netherlands,2001,41266.28898296229
NLD,Netherlands,2002,41072.53436640203
NLD,Netherlands,2003,40958.81952018443
NLD,Netherlands,2004,41569.315442990526
NLD,Netherlands,2005,42259.8504816006
NLD,Netherlands,2006,43552.404380306114
NLD,Netherlands,2007,44980.323558957636
NLD,Netherlands,2008,45574.278520491505
NLD,Netherlands,2009,43703.732827368825
NLD,Netherlands,2010,44168.01500603794
NLD,Netherlands,2011,44757.70367712618
NLD,Netherlands,2012,44147.19069323125
NLD,Netherlands,2013,43930.75162599152
NLD,Netherlands,2014,44423.43585520396
NLD,Netherlands,2015,45295.94340778516
NLD,Netherlands,2016,46163.87766677968
NLD,Netherlands,2017,47487.79023222405
NOR,Norway,1950,16337.877900435613
NOR,Norway,1951,16544.345362168766
NOR,Norway,1952,17225.619435799013
NOR,Norway,1953,18241.764049411813
NOR,Norway,1954,18756.66318693583
NOR,Norway,1955,19026.19838286715
NOR,Norway,1956,19397.346750196542
NOR,Norway,1957,20008.273391295923
NOR,Norway,1958,20126.428170812273
NOR,Norway,1959,20556.620442121824
NOR,Norway,1960,21277.062778959138
NOR,Norway,1961,22432.93769009522
NOR,Norway,1962,22879.623616248882
NOR,Norway,1963,23566.750070967046
NOR,Norway,1964,24561.142168336573
NOR,Norway,1965,25659.213883553653
NOR,Norway,1966,26414.527820396226
NOR,Norway,1967,27827.05424036606
NOR,Norway,1968,28209.884180246892
NOR,Norway,1969,29235.84546138299
NOR,Norway,1970,29616.98493662305
NOR,Norway,1971,31062.91173739578
NOR,Norway,1972,32482.06713347629
NOR,Norway,1973,33722.34428018799
NOR,Norway,1974,34826.0023374826
NOR,Norway,1975,36347.329339982374
NOR,Norway,1976,38279.06012910999
NOR,Norway,1977,39705.54414089224
NOR,Norway,1978,41091.0262060089
NOR,Norway,1979,42743.63359104012
NOR,Norway,1980,44550.24369771949
NOR,Norway,1981,45119.859842778074
NOR,Norway,1982,45086.52391301781
NOR,Norway,1983,46730.77543484305
NOR,Norway,1984,49395.26867191096
NOR,Norway,1985,51952.081352519075
NOR,Norway,1986,53841.90744831254
NOR,Norway,1987,54555.06721887057
NOR,Norway,1988,54169.96512018402
NOR,Norway,1989,54471.36413435147
NOR,Norway,1990,55247.3315147097
NOR,Norway,1991,56655.58225485232
NOR,Norway,1992,58363.37719430432
NOR,Norway,1993,59688.82146663264
NOR,Norway,1994,62347.785635170985
NOR,Norway,1995,64560.27897159479
NOR,Norway,1996,67401.77027330901
NOR,Norway,1997,70529.38347865209
NOR,Norway,1998,71937.34122316245
NOR,Norway,1999,72950.70231804576
NOR,Norway,2000,74864.56867312606
NOR,Norway,2001,76023.9730698948
NOR,Norway,2002,76728.95238490438
NOR,Norway,2003,77026.61141540298
NOR,Norway,2004,79586.6314924864
NOR,Norway,2005,81073.45090735183
NOR,Norway,2006,82292.10214814602
NOR,Norway,2007,83912.19212403432
NOR,Norway,2008,83400.92064649411
NOR,Norway,2009,81043.33324527847
NOR,Norway,2010,80623.5067814584
NOR,Norway,2011,80391.63278995061
NOR,Norway,2012,81518.31307531656
NOR,Norway,2013,81313.61158987298
NOR,Norway,2014,81900.00335162616
NOR,Norway,2015,82557.45704485929
NOR,Norway,2016,82665.58338886788
NOR,Norway,2017,83497.2732756634
NPL,Nepal,1950,
NPL,Nepal,1951,
NPL,Nepal,1952,
NPL,Nepal,1953,
NPL,Nepal,1954,
NPL,Nepal,1955,
NPL,Nepal,1956,
NPL,Nepal,1957,
NPL,Nepal,1958,
NPL,Nepal,1959,
NPL,Nepal,1960,943.3797824438641
NPL,Nepal,1961,947.6668479963878
NPL,Nepal,1962,949.5161505919464
NPL,Nepal,1963,954.4354567884624
NPL,Nepal,1964,1011.1232425073371
NPL,Nepal,1965,979.201782745516
NPL,Nepal,1966,1026.331607789737
NPL,Nepal,1967,986.3569506609213
NPL,Nepal,1968,973.8481884962388
NPL,Nepal,1969,1004.3439037489433
NPL,Nepal,1970,1019.5111062429374
NPL,Nepal,1971,987.1155617004542
NPL,Nepal,1972,997.0504092037006
NPL,Nepal,1973,971.6448290576085
NPL,Nepal,1974,1011.3765237917102
NPL,Nepal,1975,1004.1318863498341
NPL,Nepal,1976,1025.5796510727237
NPL,Nepal,1977,1033.3744329298565
NPL,Nepal,1978,1055.0167943675362
NPL,Nepal,1979,1055.903571898283
NPL,Nepal,1980,1008.1832941756497
NPL,Nepal,1981,1067.435324255858
NPL,Nepal,1982,1082.3592862574983
NPL,Nepal,1983,1025.988592428102
NPL,Nepal,1984,1099.6524529413045
NPL,Nepal,1985,1140.9339213636913
NPL,Nepal,1986,1166.7118801367296
NPL,Nepal,1987,1160.7173582988362
NPL,Nepal,1988,1222.6104214331901
NPL,Nepal,1989,1246.2472698486567
NPL,Nepal,1990,1272.3042100338319
NPL,Nepal,1991,1318.4508541036982
NPL,Nepal,1992,1335.912553684644
NPL,Nepal,1993,1349.9311931014743
NPL,Nepal,1994,1422.6635791148183
NPL,Nepal,1995,1435.5968325897381
NPL,Nepal,1996,1477.2212118514988
NPL,Nepal,1997,1521.1477888608645
NPL,Nepal,1998,1533.9478617902903
NPL,Nepal,1999,1571.8010857140857
NPL,Nepal,2000,1637.3678619183327
NPL,Nepal,2001,1699.4010800736824
NPL,Nepal,2002,1673.4175195497367
NPL,Nepal,2003,1712.6481159835237
NPL,Nepal,2004,1767.4265126532052
NPL,Nepal,2005,1805.3197785138714
NPL,Nepal,2006,1844.4573032486041
NPL,Nepal,2007,1887.4291699295316
NPL,Nepal,2008,1982.9069445754776
NPL,Nepal,2009,2052.2337388529677
NPL,Nepal,2010,2128.627525391285
NPL,Nepal,2011,2176.9746008677034
NPL,Nepal,2012,2254.431248962911
NPL,Nepal,2013,2319.380663203383
NPL,Nepal,2014,2428.956616541474
NPL,Nepal,2015,2480.502373552473
NPL,Nepal,2016,2462.6875051738493
NPL,Nepal,2017,2618.2638778100054
NZL,New Zealand,1950,13178.386849511018
NZL,New Zealand,1951,12669.944411609864
NZL,New Zealand,1952,12367.745452462754
NZL,New Zealand,1953,12306.346722786193
NZL,New Zealand,1954,13458.752679134544
NZL,New Zealand,1955,13717.2057031782
NZL,New Zealand,1956,13641.865670905301
NZL,New Zealand,1957,14024.16070722823
NZL,New Zealand,1958,13794.482521319764
NZL,New Zealand,1959,14018.765562170393
NZL,New Zealand,1960,15964.573150947648
NZL,New Zealand,1961,16382.332208913662
NZL,New Zealand,1962,16346.510157330938
NZL,New Zealand,1963,17025.156594599543
NZL,New Zealand,1964,17558.692156945544
NZL,New Zealand,1965,18434.17180369149
NZL,New Zealand,1966,19252.40168474618
NZL,New Zealand,1967,17951.0654191921
NZL,New Zealand,1968,17689.212612836138
NZL,New Zealand,1969,19218.451802486372
NZL,New Zealand,1970,18866.196014344987
NZL,New Zealand,1971,19222.736760923744
NZL,New Zealand,1972,19800.76967079301
NZL,New Zealand,1973,20918.84550008559
NZL,New Zealand,1974,21788.008188854332
NZL,New Zealand,1975,21129.7185197411
NZL,New Zealand,1976,21148.03473827019
NZL,New Zealand,1977,20225.556291733574
NZL,New Zealand,1978,20247.412884826244
NZL,New Zealand,1979,20649.35041912743
NZL,New Zealand,1980,20839.2915735961
NZL,New Zealand,1981,21683.810275188338
NZL,New Zealand,1982,21722.747478316265
NZL,New Zealand,1983,22291.25914670749
NZL,New Zealand,1984,23162.986071935204
NZL,New Zealand,1985,23355.508696963647
NZL,New Zealand,1986,23826.5768076856
NZL,New Zealand,1987,22658.635772316626
NZL,New Zealand,1988,22959.812745520343
NZL,New Zealand,1989,22887.148177886473
NZL,New Zealand,1990,22783.555315266094
NZL,New Zealand,1991,22097.209411333955
NZL,New Zealand,1992,22012.90424852304
NZL,New Zealand,1993,23047.780047604418
NZL,New Zealand,1994,23856.40299398465
NZL,New Zealand,1995,24597.675015981284
NZL,New Zealand,1996,25133.58400921023
NZL,New Zealand,1997,25648.1262619583
NZL,New Zealand,1998,25705.011582516367
NZL,New Zealand,1999,26798.16156227873
NZL,New Zealand,2000,27121.391200231075
NZL,New Zealand,2001,27798.862949645398
NZL,New Zealand,2002,28798.332732057926
NZL,New Zealand,2003,29665.255315684757
NZL,New Zealand,2004,30196.97362464878
NZL,New Zealand,2005,30784.864642367935
NZL,New Zealand,2006,31195.511852804462
NZL,New Zealand,2007,32007.418519278937
NZL,New Zealand,2008,31179.99903570207
NZL,New Zealand,2009,31445.527178444478
NZL,New Zealand,2010,31409.68470415758
NZL,New Zealand,2011,31903.78749519165
NZL,New Zealand,2012,32339.77762086633
NZL,New Zealand,2013,32639.659605380344
NZL,New Zealand,2014,33462.93903745219
NZL,New Zealand,2015,34600.77999407192
NZL,New Zealand,2016,35460.4707536905
NZL,New Zealand,2017,36112.908519651224
OMN,Oman,1950,
OMN,Oman,1951,
OMN,Oman,1952,
OMN,Oman,1953,
OMN,Oman,1954,
OMN,Oman,1955,
OMN,Oman,1956,
OMN,Oman,1957,
OMN,Oman,1958,
OMN,Oman,1959,
OMN,Oman,1960,
OMN,Oman,1961,
OMN,Oman,1962,
OMN,Oman,1963,
OMN,Oman,1964,
OMN,Oman,1965,
OMN,Oman,1966,
OMN,Oman,1967,
OMN,Oman,1968,
OMN,Oman,1969,
OMN,Oman,1970,14708.332060801065
OMN,Oman,1971,14359.829830557366
OMN,Oman,1972,15131.749996122726
OMN,Oman,1973,12520.970850850192
OMN,Oman,1974,15390.358164090501
OMN,Oman,1975,18890.798314887274
OMN,Oman,1976,20836.06601807528
OMN,Oman,1977,23249.62164683621
OMN,Oman,1978,25898.188905718187
OMN,Oman,1979,25547.85251531057
OMN,Oman,1980,25624.931286649087
OMN,Oman,1981,28454.75133946104
OMN,Oman,1982,30039.891600144598
OMN,Oman,1983,32151.324275440427
OMN,Oman,1984,34830.64834073083
OMN,Oman,1985,38095.213060246744
OMN,Oman,1986,37346.535795121614
OMN,Oman,1987,34557.8035311924
OMN,Oman,1988,35107.88690047883
OMN,Oman,1989,34846.185267513334
OMN,Oman,1990,36286.87558256272
OMN,Oman,1991,36819.61957141586
OMN,Oman,1992,38149.26311429152
OMN,Oman,1993,38753.430908925235
OMN,Oman,1994,38813.42320342905
OMN,Oman,1995,39656.42897470807
OMN,Oman,1996,40213.680432256086
OMN,Oman,1997,42448.82726227512
OMN,Oman,1998,42813.65673220668
OMN,Oman,1999,42897.61195574918
OMN,Oman,2000,45444.392680866054
OMN,Oman,2001,46927.14408130258
OMN,Oman,2002,45625.21579064702
OMN,Oman,2003,43458.7262749873
OMN,Oman,2004,42949.01499957405
OMN,Oman,2005,42852.589194829074
OMN,Oman,2006,43900.77315352199
OMN,Oman,2007,44481.794823259086
OMN,Oman,2008,46450.280376642004
OMN,Oman,2009,47170.710940302546
OMN,Oman,2010,45586.71500308784
OMN,Oman,2011,43928.003512193645
OMN,Oman,2012,44782.041131842656
OMN,Oman,2013,43937.32387957571
OMN,Oman,2014,41756.122809918255
OMN,Oman,2015,41215.20500831568
OMN,Oman,2016,41068.19263127552
OMN,Oman,2017,38830.935984604876
PAK,Pakistan,1950,1285.4855783436465
PAK,Pakistan,1951,1272.6859801365435
PAK,Pakistan,1952,1276.1138741297339
PAK,Pakistan,1953,1361.4616921276208
PAK,Pakistan,1954,1317.867568365421
PAK,Pakistan,1955,1295.2090607700795
PAK,Pakistan,1956,1329.3409261480772
PAK,Pakistan,1957,1313.3769542331165
PAK,Pakistan,1958,1314.6904501204049
PAK,Pakistan,1959,1324.8106277822376
PAK,Pakistan,1960,1314.8764322720074
PAK,Pakistan,1961,1353.4874183199
PAK,Pakistan,1962,1402.18797758798
PAK,Pakistan,1963,1469.0879028897216
PAK,Pakistan,1964,1529.032393267111
PAK,Pakistan,1965,1624.8907509964158
PAK,Pakistan,1966,1703.1164385667757
PAK,Pakistan,1967,1727.0202519778834
PAK,Pakistan,1968,1774.294541476433
PAK,Pakistan,1969,1859.9229227671194
PAK,Pakistan,1970,2014.3781773616372
PAK,Pakistan,1971,1990.898610201862
PAK,Pakistan,1972,1965.4949100680114
PAK,Pakistan,1973,2037.1278254210388
PAK,Pakistan,1974,2085.5932138939725
PAK,Pakistan,1975,2091.160418010089
PAK,Pakistan,1976,2123.107981716692
PAK,Pakistan,1977,2137.520482919464
PAK,Pakistan,1978,2237.6513048368197
PAK,Pakistan,1979,2271.5454686744865
PAK,Pakistan,1980,2390.087348782714
PAK,Pakistan,1981,2472.3711217351474
PAK,Pakistan,1982,2547.231242676858
PAK,Pakistan,1983,2630.0115126882233
PAK,Pakistan,1984,2672.4504968821752
PAK,Pakistan,1985,2782.102885853032
PAK,Pakistan,1986,2841.346936046223
PAK,Pakistan,1987,2929.5641279904958
PAK,Pakistan,1988,3056.0910369048597
PAK,Pakistan,1989,3112.172247919743
PAK,Pakistan,1990,3157.6372904168516
PAK,Pakistan,1991,3226.031601089431
PAK,Pakistan,1992,3382.456182435609
PAK,Pakistan,1993,3353.41501230101
PAK,Pakistan,1994,3391.029260749331
PAK,Pakistan,1995,3470.6524523760163
PAK,Pakistan,1996,3549.02349704799
PAK,Pakistan,1997,3497.579896323929
PAK,Pakistan,1998,3500.9052888005285
PAK,Pakistan,1999,3544.557155343081
PAK,Pakistan,2000,3612.383428253512
PAK,Pakistan,2001,3603.911301032217
PAK,Pakistan,2002,3641.6105812185842
PAK,Pakistan,2003,3739.272004718792
PAK,Pakistan,2004,3932.852032185848
PAK,Pakistan,2005,4148.324116325168
PAK,Pakistan,2006,4315.306602800291
PAK,Pakistan,2007,4432.468132680276
PAK,Pakistan,2008,4416.657909121754
PAK,Pakistan,2009,4449.148532348443
PAK,Pakistan,2010,4427.585673283706
PAK,Pakistan,2011,4454.620941533025
PAK,Pakistan,2012,4514.248260116273
PAK,Pakistan,2013,4614.134472623835
PAK,Pakistan,2014,4730.040705958889
PAK,Pakistan,2015,4853.5291211627145
PAK,Pakistan,2016,5017.803419333925
PAK,Pakistan,2017,5200.13643239819
PAN,Panama,1950,2584.679210458076
PAN,Panama,1951,2497.227825075453
PAN,Panama,1952,2562.738387392817
PAN,Panama,1953,2656.4724828766034
PAN,Panama,1954,2687.8340296550946
PAN,Panama,1955,2771.243007812801
PAN,Panama,1956,2842.822263229598
PAN,Panama,1957,3060.3129164896977
PAN,Panama,1958,3022.803709883258
PAN,Panama,1959,3130.088967312187
PAN,Panama,1960,3224.5640463981777
PAN,Panama,1961,3472.748214840151
PAN,Panama,1962,3652.237248079456
PAN,Panama,1963,3851.460251347879
PAN,Panama,1964,3907.508662869971
PAN,Panama,1965,4143.255890406281
PAN,Panama,1966,4329.401524501012
PAN,Panama,1967,4564.879114149232
PAN,Panama,1968,4744.078531537905
PAN,Panama,1969,4999.2892906219995
PAN,Panama,1970,5907.676610574812
PAN,Panama,1971,6293.515368163242
PAN,Panama,1972,6400.804905988111
PAN,Panama,1973,6561.488313287348
PAN,Panama,1974,6539.2948603581735
PAN,Panama,1975,6468.3033448370525
PAN,Panama,1976,6404.352039591656
PAN,Panama,1977,6312.212992587055
PAN,Panama,1978,6759.648950683066
PAN,Panama,1979,6891.4463420769225
PAN,Panama,1980,7750.587949915065
PAN,Panama,1981,8244.306591783567
PAN,Panama,1982,8364.683745762017
PAN,Panama,1983,8050.530590572921
PAN,Panama,1984,8040.178993658082
PAN,Panama,1985,8262.41728602411
PAN,Panama,1986,8443.618179721541
PAN,Panama,1987,8512.190810472446
PAN,Panama,1988,7486.753747394349
PAN,Panama,1989,7443.836941520612
PAN,Panama,1990,7878.947059252656
PAN,Panama,1991,8442.80723056597
PAN,Panama,1992,8947.884393645923
PAN,Panama,1993,9243.630619666137
PAN,Panama,1994,9313.916733338292
PAN,Panama,1995,9284.922527002946
PAN,Panama,1996,9352.61907590411
PAN,Panama,1997,9756.35751097478
PAN,Panama,1998,10262.849221889071
PAN,Panama,1999,10452.888512548221
PAN,Panama,2000,10527.808502613354
PAN,Panama,2001,10384.646855844654
PAN,Panama,2002,10415.262402122915
PAN,Panama,2003,10650.69409242282
PAN,Panama,2004,11240.407255633074
PAN,Panama,2005,11828.328782134133
PAN,Panama,2006,12604.49485769497
PAN,Panama,2007,13877.962225496785
PAN,Panama,2008,14974.911057796598
PAN,Panama,2009,14893.706031752477
PAN,Panama,2010,15485.530419052186
PAN,Panama,2011,16937.366326250845
PAN,Panama,2012,18272.54294728854
PAN,Panama,2013,19200.524113861295
PAN,Panama,2014,19834.754022222245
PAN,Panama,2015,20596.382760072793
PAN,Panama,2016,21276.13250510927
PAN,Panama,2017,22063.209487983167
PER,Peru,1950,3843.033664476474
PER,Peru,1951,4054.7813364041917
PER,Peru,1952,4200.6143073161975
PER,Peru,1953,4313.837057591826
PER,Peru,1954,4475.322206453509
PER,Peru,1955,4567.66923788292
PER,Peru,1956,4638.7162422490965
PER,Peru,1957,4821.312550072611
PER,Peru,1958,4666.083249124721
PER,Peru,1959,4706.847260595792
PER,Peru,1960,5134.549235637434
PER,Peru,1961,5358.947140551744
PER,Peru,1962,5641.687442201371
PER,Peru,1963,5683.0572216892015
PER,Peru,1964,5885.493951130955
PER,Peru,1965,6001.519215328301
PER,Peru,1966,6324.334591715159
PER,Peru,1967,6382.123947864247
PER,Peru,1968,6228.280651838668
PER,Peru,1969,6284.865233784413
PER,Peru,1970,6469.281538590203
PER,Peru,1971,6586.900595085487
PER,Peru,1972,6637.6543680951945
PER,Peru,1973,6871.111886616037
PER,Peru,1974,7320.9071806050215
PER,Peru,1975,7436.67379346096
PER,Peru,1976,7346.539292323763
PER,Peru,1977,7178.749694506022
PER,Peru,1978,6806.915305620782
PER,Peru,1979,6903.817443496793
PER,Peru,1980,7131.118042622464
PER,Peru,1981,7343.680545453129
PER,Peru,1982,7153.17163494387
PER,Peru,1983,6259.369406009682
PER,Peru,1984,6336.11416484536
PER,Peru,1985,6319.352945738833
PER,Peru,1986,6758.947856551475
PER,Peru,1987,7251.171721718767
PER,Peru,1988,6422.679926673988
PER,Peru,1989,5510.953342769926
PER,Peru,1990,5126.537393785417
PER,Peru,1991,5132.960601474316
PER,Peru,1992,5003.295037299227
PER,Peru,1993,5164.083628418627
PER,Peru,1994,5692.853369462888
PER,Peru,1995,6008.088796020609
PER,Peru,1996,6074.58911799056
PER,Peru,1997,6367.382019116969
PER,Peru,1998,6248.738308270062
PER,Peru,1999,6252.4448909674065
PER,Peru,2000,6333.302445672055
PER,Peru,2001,6288.359685873536
PER,Peru,2002,6546.515101928516
PER,Peru,2003,6734.052928709077
PER,Peru,2004,6981.006634860744
PER,Peru,2005,7329.146685720669
PER,Peru,2006,7785.213626231175
PER,Peru,2007,8346.031980127487
PER,Peru,2008,8996.679901927531
PER,Peru,2009,8982.514960573526
PER,Peru,2010,9607.696116910143
PER,Peru,2011,10082.974863272108
PER,Peru,2012,10560.463368219327
PER,Peru,2013,11029.75969273056
PER,Peru,2014,11143.218135540175
PER,Peru,2015,11357.633211541826
PER,Peru,2016,11658.829461057947
PER,Peru,2017,11807.952742294356
PHL,Philippines,1950,2039.4690526561956
PHL,Philippines,1951,2187.493567341992
PHL,Philippines,1952,2257.5897509616325
PHL,Philippines,1953,2387.0254468434628
PHL,Philippines,1954,2490.966424181931
PHL,Philippines,1955,2586.6726206733892
PHL,Philippines,1956,2689.482243503301
PHL,Philippines,1957,2740.4504000881548
PHL,Philippines,1958,2757.910802288792
PHL,Philippines,1959,2853.87162001423
PHL,Philippines,1960,2809.234612790976
PHL,Philippines,1961,2879.2802258965917
PHL,Philippines,1962,2929.5507838951066
PHL,Philippines,1963,3034.1648022970885
PHL,Philippines,1964,3047.3532392678976
PHL,Philippines,1965,3113.631365787341
PHL,Philippines,1966,3151.7771737222056
PHL,Philippines,1967,3218.3531021033077
PHL,Philippines,1968,3279.6836664697103
PHL,Philippines,1969,3336.235232384956
PHL,Philippines,1970,3358.945659241968
PHL,Philippines,1971,3440.7406079388747
PHL,Philippines,1972,3525.381838440307
PHL,Philippines,1973,3731.514580317806
PHL,Philippines,1974,3756.144428355683
PHL,Philippines,1975,3855.249346320828
PHL,Philippines,1976,4079.5095765123515
PHL,Philippines,1977,4190.6935789865
PHL,Philippines,1978,4287.98580877501
PHL,Philippines,1979,4407.281250798429
PHL,Philippines,1980,4508.758463466332
PHL,Philippines,1981,4536.88554346265
PHL,Philippines,1982,4574.061997495048
PHL,Philippines,1983,4534.2421808816525
PHL,Philippines,1984,4089.3979221877607
PHL,Philippines,1985,3689.4462104182876
PHL,Philippines,1986,3714.2850338950334
PHL,Philippines,1987,3772.4053514936486
PHL,Philippines,1988,3922.3022194532846
PHL,Philippines,1989,4059.007747619024
PHL,Philippines,1990,4077.2625662722967
PHL,Philippines,1991,3954.0383462358895
PHL,Philippines,1992,3871.852133095497
PHL,Philippines,1993,3860.3751646156534
PHL,Philippines,1994,3936.092277845036
PHL,Philippines,1995,4025.8814199532176
PHL,Philippines,1996,4165.181516913004
PHL,Philippines,1997,4284.101951409619
PHL,Philippines,1998,4166.505448797849
PHL,Philippines,1999,4202.522328384329
PHL,Philippines,2000,4294.749847470437
PHL,Philippines,2001,4326.196639497775
PHL,Philippines,2002,4390.956427921072
PHL,Philippines,2003,4515.950157977679
PHL,Philippines,2004,4724.719659793923
PHL,Philippines,2005,4858.886333290559
PHL,Philippines,2006,5024.233650048624
PHL,Philippines,2007,5267.641646728356
PHL,Philippines,2008,5398.228108214882
PHL,Philippines,2009,5373.24025776523
PHL,Philippines,2010,5690.428902225234
PHL,Philippines,2011,5802.642450404209
PHL,Philippines,2012,6088.95025287549
PHL,Philippines,2013,6412.209322418164
PHL,Philippines,2014,6696.027122531456
PHL,Philippines,2015,6989.541048469665
PHL,Philippines,2016,7354.161831839444
PHL,Philippines,2017,7726.263471999816
POL,Poland,1950,
POL,Poland,1951,
POL,Poland,1952,
POL,Poland,1953,
POL,Poland,1954,
POL,Poland,1955,
POL,Poland,1956,
POL,Poland,1957,
POL,Poland,1958,
POL,Poland,1959,
POL,Poland,1960,
POL,Poland,1961,
POL,Poland,1962,
POL,Poland,1963,
POL,Poland,1964,
POL,Poland,1965,
POL,Poland,1966,
POL,Poland,1967,
POL,Poland,1968,
POL,Poland,1969,
POL,Poland,1970,7731.360717246348
POL,Poland,1971,8241.256388953898
POL,Poland,1972,8560.012081251634
POL,Poland,1973,8847.379118914701
POL,Poland,1974,9399.375965314583
POL,Poland,1975,9874.318546956123
POL,Poland,1976,10565.067338746163
POL,Poland,1977,11213.910528282566
POL,Poland,1978,11712.928652325665
POL,Poland,1979,12051.819473369025
POL,Poland,1980,11223.383366087806
POL,Poland,1981,10008.890987989775
POL,Poland,1982,9441.502677070675
POL,Poland,1983,9875.698198953594
POL,Poland,1984,10345.570262608813
POL,Poland,1985,10643.980190672644
POL,Poland,1986,11026.740853693467
POL,Poland,1987,11187.310228501296
POL,Poland,1988,11602.388058016186
POL,Poland,1989,11579.481965276336
POL,Poland,1990,10208.045252712072
POL,Poland,1991,9461.314756839443
POL,Poland,1992,9670.169988752354
POL,Poland,1993,10004.506895395734
POL,Poland,1994,10509.86357830746
POL,Poland,1995,11220.28987253042
POL,Poland,1996,11884.10035966317
POL,Poland,1997,12640.206967460308
POL,Poland,1998,13216.897568332484
POL,Poland,1999,13829.124954623687
POL,Poland,2000,14463.88361110324
POL,Poland,2001,14654.427465616816
POL,Poland,2002,14968.990919232443
POL,Poland,2003,15520.646079664983
POL,Poland,2004,16335.90262232905
POL,Poland,2005,16921.343702362832
POL,Poland,2006,17977.155886971264
POL,Poland,2007,19247.55166733534
POL,Poland,2008,20067.552651366783
POL,Poland,2009,20633.934391115472
POL,Poland,2010,21379.004373056396
POL,Poland,2011,22453.09440789391
POL,Poland,2012,22816.225329680918
POL,Poland,2013,23138.605874907418
POL,Poland,2014,23916.681777977406
POL,Poland,2015,24852.8955055292
POL,Poland,2016,25641.389209204197
POL,Poland,2017,26911.46782689054
PRT,Portugal,1950,3512.5232804906154
PRT,Portugal,1951,3814.644246158018
PRT,Portugal,1952,3953.296446057574
PRT,Portugal,1953,4135.641673017221
PRT,Portugal,1954,4293.558460405191
PRT,Portugal,1955,4436.9520220633885
PRT,Portugal,1956,4608.984206009789
PRT,Portugal,1957,4799.833877141962
PRT,Portugal,1958,4798.70233903785
PRT,Portugal,1959,5029.048874555326
PRT,Portugal,1960,5353.3390468784455
PRT,Portugal,1961,5729.899428589611
PRT,Portugal,1962,6060.900614320586
PRT,Portugal,1963,6366.7325330272115
PRT,Portugal,1964,6666.029991839433
PRT,Portugal,1965,7132.148718265403
PRT,Portugal,1966,7378.015309895815
PRT,Portugal,1967,7906.238656277018
PRT,Portugal,1968,8914.340757787988
PRT,Portugal,1969,9188.025628013595
PRT,Portugal,1970,9918.727793798675
PRT,Portugal,1971,10517.699329890473
PRT,Portugal,1972,11246.012055907535
PRT,Portugal,1973,12339.299449055397
PRT,Portugal,1974,12298.514750689317
PRT,Portugal,1975,11594.6353316434
PRT,Portugal,1976,12221.867012681032
PRT,Portugal,1977,12730.863492244793
PRT,Portugal,1978,12923.1621946818
PRT,Portugal,1979,13499.316056043626
PRT,Portugal,1980,13988.251805462649
PRT,Portugal,1981,14113.253611558986
PRT,Portugal,1982,14341.325689724934
PRT,Portugal,1983,14269.50572269065
PRT,Portugal,1984,13974.927749044718
PRT,Portugal,1985,14355.170232133583
PRT,Portugal,1986,14953.13509462835
PRT,Portugal,1987,15926.477612052215
PRT,Portugal,1988,17144.2659742247
PRT,Portugal,1989,18263.31926511487
PRT,Portugal,1990,18975.75112355301
PRT,Portugal,1991,19763.217106543605
PRT,Portugal,1992,19907.913060979416
PRT,Portugal,1993,19413.05093806138
PRT,Portugal,1994,19506.368420551757
PRT,Portugal,1995,20249.005297965672
PRT,Portugal,1996,20869.3359552204
PRT,Portugal,1997,21706.82409770326
PRT,Portugal,1998,22659.714554571387
PRT,Portugal,1999,23448.72420534702
PRT,Portugal,2000,24236.94284457731
PRT,Portugal,2001,24602.937627791267
PRT,Portugal,2002,24686.78631548696
PRT,Portugal,2003,24354.846877305506
PRT,Portugal,2004,24699.12760179337
PRT,Portugal,2005,24800.28806205491
PRT,Portugal,2006,25104.125978682965
PRT,Portugal,2007,25656.69758348209
PRT,Portugal,2008,25654.780219619184
PRT,Portugal,2009,24870.86893380922
PRT,Portugal,2010,25362.823843817263
PRT,Portugal,2011,24962.73358558106
PRT,Portugal,2012,24055.673708287406
PRT,Portugal,2013,23906.136027171633
PRT,Portugal,2014,24249.820857608356
PRT,Portugal,2015,24816.553044196327
PRT,Portugal,2016,24265.817083459766
PRT,Portugal,2017,24582.3894643743
PRY,Paraguay,1950,
PRY,Paraguay,1951,2520.2785585486927
PRY,Paraguay,1952,2472.417149179038
PRY,Paraguay,1953,2360.4319548533404
PRY,Paraguay,1954,2442.5017120453426
PRY,Paraguay,1955,2526.4787499759714
PRY,Paraguay,1956,2504.966301624321
PRY,Paraguay,1957,2572.773419390033
PRY,Paraguay,1958,2642.523670517935
PRY,Paraguay,1959,2584.5908829001028
PRY,Paraguay,1960,2618.4333226153117
PRY,Paraguay,1961,2725.1074542188817
PRY,Paraguay,1962,2589.943915071153
PRY,Paraguay,1963,2613.716577387469
PRY,Paraguay,1964,2607.940615441663
PRY,Paraguay,1965,2734.7993531901
PRY,Paraguay,1966,2654.3385509529417
PRY,Paraguay,1967,2814.327421920323
PRY,Paraguay,1968,2778.120541963001
PRY,Paraguay,1969,2827.7018090175375
PRY,Paraguay,1970,2937.5137882376475
PRY,Paraguay,1971,3029.936528836364
PRY,Paraguay,1972,3156.522042664977
PRY,Paraguay,1973,3313.698299426203
PRY,Paraguay,1974,3510.301928424907
PRY,Paraguay,1975,3672.119914126483
PRY,Paraguay,1976,3841.262451005289
PRY,Paraguay,1977,4154.136804957942
PRY,Paraguay,1978,4506.719530734479
PRY,Paraguay,1979,4886.123670694094
PRY,Paraguay,1980,5297.6729969307535
PRY,Paraguay,1981,5599.501696859593
PRY,Paraguay,1982,5387.546579410748
PRY,Paraguay,1983,5076.532129331557
PRY,Paraguay,1984,5083.04926453232
PRY,Paraguay,1985,5135.031451760945
PRY,Paraguay,1986,4991.456999568335
PRY,Paraguay,1987,5063.157873746175
PRY,Paraguay,1988,5238.265392346566
PRY,Paraguay,1989,5393.989671154469
PRY,Paraguay,1990,5415.856660636631
PRY,Paraguay,1991,5408.7775843839845
PRY,Paraguay,1992,5370.337313033528
PRY,Paraguay,1993,5458.346533062024
PRY,Paraguay,1994,5494.974084343874
PRY,Paraguay,1995,5660.398228475738
PRY,Paraguay,1996,5555.764497026025
PRY,Paraguay,1997,5595.696442418648
PRY,Paraguay,1998,5508.174903693907
PRY,Paraguay,1999,5313.382479655973
PRY,Paraguay,2000,5034.239591816942
PRY,Paraguay,2001,5038.711907133528
PRY,Paraguay,2002,5688.650605550579
PRY,Paraguay,2003,5829.320140160567
PRY,Paraguay,2004,5963.969075435365
PRY,Paraguay,2005,5994.773750161436
PRY,Paraguay,2006,6189.709459558871
PRY,Paraguay,2007,6434.116455115844
PRY,Paraguay,2008,6751.652661402934
PRY,Paraguay,2009,6398.49276700291
PRY,Paraguay,2010,7140.6481609911
PRY,Paraguay,2011,7351.393708352828
PRY,Paraguay,2012,7163.076175317199
PRY,Paraguay,2013,8059.198474718054
PRY,Paraguay,2014,8327.925024070628
PRY,Paraguay,2015,8462.855538136519
PRY,Paraguay,2016,8690.209064435761
PRY,Paraguay,2017,8947.581253152648
PSE,State of Palestine,1950,
PSE,State of Palestine,1951,
PSE,State of Palestine,1952,
PSE,State of Palestine,1953,
PSE,State of Palestine,1954,
PSE,State of Palestine,1955,
PSE,State of Palestine,1956,
PSE,State of Palestine,1957,
PSE,State of Palestine,1958,
PSE,State of Palestine,1959,
PSE,State of Palestine,1960,
PSE,State of Palestine,1961,
PSE,State of Palestine,1962,
PSE,State of Palestine,1963,
PSE,State of Palestine,1964,
PSE,State of Palestine,1965,
PSE,State of Palestine,1966,
PSE,State of Palestine,1967,
PSE,State of Palestine,1968,
PSE,State of Palestine,1969,
PSE,State of Palestine,1970,1625.1694181845785
PSE,State of Palestine,1971,1819.5193884393861
PSE,State of Palestine,1972,2063.0549773773782
PSE,State of Palestine,1973,1906.7884616598246
PSE,State of Palestine,1974,2237.290213676628
PSE,State of Palestine,1975,2184.7871518696516
PSE,State of Palestine,1976,2444.6648047829212
PSE,State of Palestine,1977,2356.308826388283
PSE,State of Palestine,1978,2594.0184438701253
PSE,State of Palestine,1979,2489.8574398592286
PSE,State of Palestine,1980,2778.191365704903
PSE,State of Palestine,1981,2531.4158662433783
PSE,State of Palestine,1982,2668.4951781792784
PSE,State of Palestine,1983,2488.7358478424653
PSE,State of Palestine,1984,2532.576665803382
PSE,State of Palestine,1985,2436.553677294016
PSE,State of Palestine,1986,2813.5478758554705
PSE,State of Palestine,1987,2649.191258948491
PSE,State of Palestine,1988,2522.8447693253347
PSE,State of Palestine,1989,2484.761876909663
PSE,State of Palestine,1990,2841.4842507220105
PSE,State of Palestine,1991,2610.587702751857
PSE,State of Palestine,1992,3097.4717100025864
PSE,State of Palestine,1993,3276.920426502711
PSE,State of Palestine,1994,3633.317848409751
PSE,State of Palestine,1995,3718.561513866005
PSE,State of Palestine,1996,3593.685379166338
PSE,State of Palestine,1997,3934.8172721876776
PSE,State of Palestine,1998,4305.810433765173
PSE,State of Palestine,1999,4484.150494320079
PSE,State of Palestine,2000,3968.2491415509057
PSE,State of Palestine,2001,3505.5234428334015
PSE,State of Palestine,2002,3003.889801762254
PSE,State of Palestine,2003,3363.446218952892
PSE,State of Palestine,2004,3644.3467956999534
PSE,State of Palestine,2005,3956.449407216766
PSE,State of Palestine,2006,3715.6857231200465
PSE,State of Palestine,2007,3862.922496694153
PSE,State of Palestine,2008,3990.91745250855
PSE,State of Palestine,2009,4220.848518438834
PSE,State of Palestine,2010,4440.5818340728665
PSE,State of Palestine,2011,4857.9766326098
PSE,State of Palestine,2012,5023.709813241191
PSE,State of Palestine,2013,4995.890791880439
PSE,State of Palestine,2014,4851.862177572886
PSE,State of Palestine,2015,4883.1997048281855
PSE,State of Palestine,2016,4976.698724875245
PSE,State of Palestine,2017,4997.351673203962
QAT,Qatar,1950,
QAT,Qatar,1951,
QAT,Qatar,1952,
QAT,Qatar,1953,
QAT,Qatar,1954,
QAT,Qatar,1955,
QAT,Qatar,1956,
QAT,Qatar,1957,
QAT,Qatar,1958,
QAT,Qatar,1959,
QAT,Qatar,1960,
QAT,Qatar,1961,
QAT,Qatar,1962,
QAT,Qatar,1963,
QAT,Qatar,1964,
QAT,Qatar,1965,
QAT,Qatar,1966,
QAT,Qatar,1967,
QAT,Qatar,1968,
QAT,Qatar,1969,
QAT,Qatar,1970,184148.4056677394
QAT,Qatar,1971,185767.4650823955
QAT,Qatar,1972,188786.58228129128
QAT,Qatar,1973,191933.38550816302
QAT,Qatar,1974,188166.77479874596
QAT,Qatar,1975,186252.5878655402
QAT,Qatar,1976,190863.6980029792
QAT,Qatar,1977,168573.82557849181
QAT,Qatar,1978,174296.04816417047
QAT,Qatar,1979,171598.2527886435
QAT,Qatar,1980,155840.70636058855
QAT,Qatar,1981,141802.5541145361
QAT,Qatar,1982,118128.93126397827
QAT,Qatar,1983,103950.22705224088
QAT,Qatar,1984,98603.99422514849
QAT,Qatar,1985,88808.07350427633
QAT,Qatar,1986,87234.49999156011
QAT,Qatar,1987,82229.80135607913
QAT,Qatar,1988,82875.32779960087
QAT,Qatar,1989,84586.72992660067
QAT,Qatar,1990,84798.95894130184
QAT,Qatar,1991,81499.89202262461
QAT,Qatar,1992,89264.62254514925
QAT,Qatar,1993,87019.45628119966
QAT,Qatar,1994,87291.75553520911
QAT,Qatar,1995,88278.88846199006
QAT,Qatar,1996,90579.06654201026
QAT,Qatar,1997,115053.36345449342
QAT,Qatar,1998,124282.59213705649
QAT,Qatar,1999,125278.64623098246
QAT,Qatar,2000,130121.67896033144
QAT,Qatar,2001,129798.61843845966
QAT,Qatar,2002,132921.64849444086
QAT,Qatar,2003,129271.54853252119
QAT,Qatar,2004,139844.69483322956
QAT,Qatar,2005,131896.29976275848
QAT,Qatar,2006,142447.36903759898
QAT,Qatar,2007,142743.9818726214
QAT,Qatar,2008,143814.18347009533
QAT,Qatar,2009,140621.10863072067
QAT,Qatar,2010,146726.56153273737
QAT,Qatar,2011,151188.10246616413
QAT,Qatar,2012,146456.73966027546
QAT,Qatar,2013,143341.6289137813
QAT,Qatar,2014,141264.92782987675
QAT,Qatar,2015,139966.64407062184
QAT,Qatar,2016,138164.1752809616
QAT,Qatar,2017,136677.87772078495
ROU,Romania,1950,
ROU,Romania,1951,
ROU,Romania,1952,
ROU,Romania,1953,
ROU,Romania,1954,
ROU,Romania,1955,
ROU,Romania,1956,
ROU,Romania,1957,
ROU,Romania,1958,
ROU,Romania,1959,
ROU,Romania,1960,2259.525112655806
ROU,Romania,1961,2583.457287810916
ROU,Romania,1962,2759.0623078666677
ROU,Romania,1963,3052.7107759377004
ROU,Romania,1964,3165.4571352410726
ROU,Romania,1965,3445.537991756224
ROU,Romania,1966,3629.8547601364758
ROU,Romania,1967,4081.026226643559
ROU,Romania,1968,4262.46639915497
ROU,Romania,1969,4490.149314081217
ROU,Romania,1970,4818.33643854749
ROU,Romania,1971,5383.199368496211
ROU,Romania,1972,5890.262689024839
ROU,Romania,1973,6434.934283093338
ROU,Romania,1974,7154.306717945488
ROU,Romania,1975,7814.665837883537
ROU,Romania,1976,8598.917476092287
ROU,Romania,1977,9235.912631397596
ROU,Romania,1978,9821.47117294438
ROU,Romania,1979,10361.033860499092
ROU,Romania,1980,10727.871938841034
ROU,Romania,1981,10679.5447880803
ROU,Romania,1982,11050.954922412036
ROU,Romania,1983,11674.894764449431
ROU,Romania,1984,12326.730555387494
ROU,Romania,1985,12266.41791261709
ROU,Romania,1986,12498.06023183934
ROU,Romania,1987,12544.6572027727
ROU,Romania,1988,12429.463171765798
ROU,Romania,1989,11678.08394214713
ROU,Romania,1990,11014.393434886282
ROU,Romania,1991,9605.36086545911
ROU,Romania,1992,8793.55162071778
ROU,Romania,1993,8973.04592620566
ROU,Romania,1994,9382.269113063936
ROU,Romania,1995,10118.117422815236
ROU,Romania,1996,10583.844467193729
ROU,Romania,1997,10150.42178464202
ROU,Romania,1998,10015.869190770518
ROU,Romania,1999,10051.761402212796
ROU,Romania,2000,10366.89872643791
ROU,Romania,2001,11018.316614960948
ROU,Romania,2002,11658.177672243055
ROU,Romania,2003,12373.430145492086
ROU,Romania,2004,13493.241316566668
ROU,Romania,2005,14161.173456446448
ROU,Romania,2006,15436.676072074015
ROU,Romania,2007,16659.186014604868
ROU,Romania,2008,18221.470454946895
ROU,Romania,2009,17313.423566259004
ROU,Romania,2010,16972.847619866337
ROU,Romania,2011,17443.129266947544
ROU,Romania,2012,17765.66136047446
ROU,Romania,2013,18487.519070886006
ROU,Romania,2014,19147.33254907892
ROU,Romania,2015,20004.468817858065
ROU,Romania,2016,21073.306656734865
ROU,Romania,2017,22650.406504197243
RUS,Russian Federation,1950,
RUS,Russian Federation,1951,
RUS,Russian Federation,1952,
RUS,Russian Federation,1953,
RUS,Russian Federation,1954,
RUS,Russian Federation,1955,
RUS,Russian Federation,1956,
RUS,Russian Federation,1957,
RUS,Russian Federation,1958,
RUS,Russian Federation,1959,
RUS,Russian Federation,1960,
RUS,Russian Federation,1961,
RUS,Russian Federation,1962,
RUS,Russian Federation,1963,
RUS,Russian Federation,1964,
RUS,Russian Federation,1965,
RUS,Russian Federation,1966,
RUS,Russian Federation,1967,
RUS,Russian Federation,1968,
RUS,Russian Federation,1969,
RUS,Russian Federation,1970,
RUS,Russian Federation,1971,
RUS,Russian Federation,1972,
RUS,Russian Federation,1973,
RUS,Russian Federation,1974,
RUS,Russian Federation,1975,
RUS,Russian Federation,1976,
RUS,Russian Federation,1977,
RUS,Russian Federation,1978,
RUS,Russian Federation,1979,
RUS,Russian Federation,1980,
RUS,Russian Federation,1981,
RUS,Russian Federation,1982,
RUS,Russian Federation,1983,
RUS,Russian Federation,1984,
RUS,Russian Federation,1985,
RUS,Russian Federation,1986,
RUS,Russian Federation,1987,
RUS,Russian Federation,1988,
RUS,Russian Federation,1989,
RUS,Russian Federation,1990,21523.87070517518
RUS,Russian Federation,1991,20382.533361894784
RUS,Russian Federation,1992,17393.88231883513
RUS,Russian Federation,1993,15868.487324976852
RUS,Russian Federation,1994,13855.011409129393
RUS,Russian Federation,1995,13297.978695544882
RUS,Russian Federation,1996,12836.822561568988
RUS,Russian Federation,1997,13041.02819253102
RUS,Russian Federation,1998,12376.448055327883
RUS,Russian Federation,1999,13203.812951510638
RUS,Russian Federation,2000,14582.153826941956
RUS,Russian Federation,2001,15385.677574515
RUS,Russian Federation,2002,16184.352810670252
RUS,Russian Federation,2003,17438.425184977128
RUS,Russian Federation,2004,18759.876966829524
RUS,Russian Federation,2005,20015.29342601825
RUS,Russian Federation,2006,21691.819293376608
RUS,Russian Federation,2007,23571.652439768895
RUS,Russian Federation,2008,24820.289704623858
RUS,Russian Federation,2009,22877.593815226355
RUS,Russian Federation,2010,23897.731577631064
RUS,Russian Federation,2011,24897.620419028346
RUS,Russian Federation,2012,25779.67302273041
RUS,Russian Federation,2013,26207.655789792436
RUS,Russian Federation,2014,26360.962994936574
RUS,Russian Federation,2015,25679.312987603855
RUS,Russian Federation,2016,25614.346193150366
RUS,Russian Federation,2017,26005.677164765413
RWA,Rwanda,1950,
RWA,Rwanda,1951,
RWA,Rwanda,1952,
RWA,Rwanda,1953,
RWA,Rwanda,1954,
RWA,Rwanda,1955,
RWA,Rwanda,1956,
RWA,Rwanda,1957,
RWA,Rwanda,1958,
RWA,Rwanda,1959,
RWA,Rwanda,1960,873.4157874194584
RWA,Rwanda,1961,836.7972003808618
RWA,Rwanda,1962,884.0848857777514
RWA,Rwanda,1963,778.3958527390694
RWA,Rwanda,1964,677.7849334083847
RWA,Rwanda,1965,687.180709380476
RWA,Rwanda,1966,671.1568446702078
RWA,Rwanda,1967,730.6830655247899
RWA,Rwanda,1968,728.912748559084
RWA,Rwanda,1969,795.365988639432
RWA,Rwanda,1970,812.0254326592876
RWA,Rwanda,1971,797.6504833996212
RWA,Rwanda,1972,776.6041690553118
RWA,Rwanda,1973,780.0616679072343
RWA,Rwanda,1974,763.2154364578562
RWA,Rwanda,1975,724.4093868721708
RWA,Rwanda,1976,838.6862631219204
RWA,Rwanda,1977,853.9554146748469
RWA,Rwanda,1978,907.3387176237732
RWA,Rwanda,1979,959.5796768999113
RWA,Rwanda,1980,1010.3669779097132
RWA,Rwanda,1981,1030.3543244609305
RWA,Rwanda,1982,1015.7055765864642
RWA,Rwanda,1983,1041.457715657702
RWA,Rwanda,1984,961.9633824911871
RWA,Rwanda,1985,965.2557679212955
RWA,Rwanda,1986,963.4955942457234
RWA,Rwanda,1987,918.3223127010913
RWA,Rwanda,1988,879.7282333617
RWA,Rwanda,1989,884.9249705829933
RWA,Rwanda,1990,861.3332897957251
RWA,Rwanda,1991,851.5331905498708
RWA,Rwanda,1992,955.5441705812789
RWA,Rwanda,1993,928.8094371183639
RWA,Rwanda,1994,498.7765691477182
RWA,Rwanda,1995,674.6318361430854
RWA,Rwanda,1996,751.3086859797924
RWA,Rwanda,1997,805.3919418963886
RWA,Rwanda,1998,812.5614261044998
RWA,Rwanda,1999,804.3646520197278
RWA,Rwanda,2000,824.567094301415
RWA,Rwanda,2001,862.0834142732307
RWA,Rwanda,2002,952.0668503153895
RWA,Rwanda,2003,956.9280147325378
RWA,Rwanda,2004,1012.159905660821
RWA,Rwanda,2005,1085.7748257388735
RWA,Rwanda,2006,1158.264957493562
RWA,Rwanda,2007,1214.7638366611266
RWA,Rwanda,2008,1314.0465882226392
RWA,Rwanda,2009,1358.6261154140243
RWA,Rwanda,2010,1419.7300456572457
RWA,Rwanda,2011,1494.4545868675223
RWA,Rwanda,2012,1582.542361137753
RWA,Rwanda,2013,1614.8834616784238
RWA,Rwanda,2014,1695.0079932875167
RWA,Rwanda,2015,1800.3097082105867
RWA,Rwanda,2016,1861.905622211646
RWA,Rwanda,2017,1928.4893130286594
SAU,Saudi Arabia,1950,
SAU,Saudi Arabia,1951,
SAU,Saudi Arabia,1952,
SAU,Saudi Arabia,1953,
SAU,Saudi Arabia,1954,
SAU,Saudi Arabia,1955,
SAU,Saudi Arabia,1956,
SAU,Saudi Arabia,1957,
SAU,Saudi Arabia,1958,
SAU,Saudi Arabia,1959,
SAU,Saudi Arabia,1960,
SAU,Saudi Arabia,1961,
SAU,Saudi Arabia,1962,
SAU,Saudi Arabia,1963,
SAU,Saudi Arabia,1964,
SAU,Saudi Arabia,1965,
SAU,Saudi Arabia,1966,
SAU,Saudi Arabia,1967,
SAU,Saudi Arabia,1968,
SAU,Saudi Arabia,1969,
SAU,Saudi Arabia,1970,54936.4935115065
SAU,Saudi Arabia,1971,63333.812790715834
SAU,Saudi Arabia,1972,74290.103642497
SAU,Saudi Arabia,1973,87847.10408621503
SAU,Saudi Arabia,1974,97109.61498985787
SAU,Saudi Arabia,1975,84041.71652885438
SAU,Saudi Arabia,1976,94080.75257181816
SAU,Saudi Arabia,1977,95699.25997099961
SAU,Saudi Arabia,1978,86019.96752592707
SAU,Saudi Arabia,1979,91031.51136578499
SAU,Saudi Arabia,1980,90638.02483756964
SAU,Saudi Arabia,1981,86818.96769101183
SAU,Saudi Arabia,1982,64576.74967833598
SAU,Saudi Arabia,1983,50912.86390042645
SAU,Saudi Arabia,1984,45735.94303298784
SAU,Saudi Arabia,1985,39053.72095042768
SAU,Saudi Arabia,1986,43457.5976078838
SAU,Saudi Arabia,1987,38741.02481718909
SAU,Saudi Arabia,1988,41999.39467205025
SAU,Saudi Arabia,1989,40194.88946211523
SAU,Saudi Arabia,1990,44682.915996722
SAU,Saudi Arabia,1991,49740.64275471401
SAU,Saudi Arabia,1992,50203.18172938022
SAU,Saudi Arabia,1993,48185.131447033214
SAU,Saudi Arabia,1994,47260.030139537615
SAU,Saudi Arabia,1995,46286.581306121465
SAU,Saudi Arabia,1996,46524.66678722999
SAU,Saudi Arabia,1997,46136.29330052906
SAU,Saudi Arabia,1998,46571.342566108404
SAU,Saudi Arabia,1999,43908.96983735404
SAU,Saudi Arabia,2000,45329.45295544609
SAU,Saudi Arabia,2001,43647.05117897513
SAU,Saudi Arabia,2002,41249.54703342283
SAU,Saudi Arabia,2003,44564.30081403471
SAU,Saudi Arabia,2004,46718.13955641505
SAU,Saudi Arabia,2005,47925.83613849214
SAU,Saudi Arabia,2006,47914.01773113973
SAU,Saudi Arabia,2007,47496.07319163391
SAU,Saudi Arabia,2008,49125.663552027596
SAU,Saudi Arabia,2009,46813.40708750202
SAU,Saudi Arabia,2010,47802.43095080498
SAU,Saudi Arabia,2011,51068.51960810677
SAU,Saudi Arabia,2012,52261.98897058718
SAU,Saudi Arabia,2013,52134.57962235509
SAU,Saudi Arabia,2014,52577.49680517876
SAU,Saudi Arabia,2015,53382.88426623492
SAU,Saudi Arabia,2016,53066.40530726133
SAU,Saudi Arabia,2017,51616.60126899385
SDN,Sudan,1950,
SDN,Sudan,1951,
SDN,Sudan,1952,
SDN,Sudan,1953,
SDN,Sudan,1954,
SDN,Sudan,1955,
SDN,Sudan,1956,
SDN,Sudan,1957,
SDN,Sudan,1958,
SDN,Sudan,1959,
SDN,Sudan,1960,
SDN,Sudan,1961,
SDN,Sudan,1962,
SDN,Sudan,1963,
SDN,Sudan,1964,
SDN,Sudan,1965,
SDN,Sudan,1966,
SDN,Sudan,1967,
SDN,Sudan,1968,
SDN,Sudan,1969,
SDN,Sudan,1970,2345.9960731221986
SDN,Sudan,1971,2321.98490040603
SDN,Sudan,1972,2133.3077877908495
SDN,Sudan,1973,2076.9050253792943
SDN,Sudan,1974,2237.8668054601994
SDN,Sudan,1975,2501.837239879014
SDN,Sudan,1976,2818.002594667135
SDN,Sudan,1977,2888.6208614032976
SDN,Sudan,1978,2621.6022242623267
SDN,Sudan,1979,2402.5629049515965
SDN,Sudan,1980,2354.250536486786
SDN,Sudan,1981,2441.8577857858086
SDN,Sudan,1982,2406.520983021271
SDN,Sudan,1983,2208.5590631674118
SDN,Sudan,1984,2001.4583719976877
SDN,Sudan,1985,2042.1268439247392
SDN,Sudan,1986,2260.6854376565593
SDN,Sudan,1987,2186.0548907710154
SDN,Sudan,1988,2310.1458050880924
SDN,Sudan,1989,2115.4607837746353
SDN,Sudan,1990,2198.4948866322607
SDN,Sudan,1991,2259.4451375739854
SDN,Sudan,1992,2274.721339058244
SDN,Sudan,1993,2212.5342587717532
SDN,Sudan,1994,2263.6644409428786
SDN,Sudan,1995,2324.249169419693
SDN,Sudan,1996,2393.9669726642533
SDN,Sudan,1997,2476.6046980363244
SDN,Sudan,1998,2619.575830514889
SDN,Sudan,1999,2668.5865524900573
SDN,Sudan,2000,2824.0811200453954
SDN,Sudan,2001,3051.463780320855
SDN,Sudan,2002,3151.400228870204
SDN,Sudan,2003,3297.3107452889667
SDN,Sudan,2004,3381.7800165244475
SDN,Sudan,2005,3600.8799329368494
SDN,Sudan,2006,3751.9612471405912
SDN,Sudan,2007,3885.3551188442066
SDN,Sudan,2008,3889.0414555759644
SDN,Sudan,2009,4147.384640527232
SDN,Sudan,2010,4415.374958590952
SDN,Sudan,2011,4304.322003095385
SDN,Sudan,2012,4113.377997914405
SDN,Sudan,2013,4105.793949958213
SDN,Sudan,2014,4137.4764461592795
SDN,Sudan,2015,4161.268909821372
SDN,Sudan,2016,4205.6008992019915
SDN,Sudan,2017,4237.974984922167
SEN,Senegal,1950,
SEN,Senegal,1951,
SEN,Senegal,1952,
SEN,Senegal,1953,
SEN,Senegal,1954,
SEN,Senegal,1955,
SEN,Senegal,1956,
SEN,Senegal,1957,
SEN,Senegal,1958,
SEN,Senegal,1959,
SEN,Senegal,1960,2916.532669913768
SEN,Senegal,1961,2906.8431563855515
SEN,Senegal,1962,2868.520246134413
SEN,Senegal,1963,2759.503944975584
SEN,Senegal,1964,2760.5719720881193
SEN,Senegal,1965,2753.8156708841666
SEN,Senegal,1966,2777.3902699533005
SEN,Senegal,1967,2649.4660699920755
SEN,Senegal,1968,2733.519716461329
SEN,Senegal,1969,2470.330615920465
SEN,Senegal,1970,2585.1780221304925
SEN,Senegal,1971,2504.9461914897884
SEN,Senegal,1972,2584.4997711691935
SEN,Senegal,1973,2367.197301761136
SEN,Senegal,1974,2395.774613122347
SEN,Senegal,1975,2506.5910121853867
SEN,Senegal,1976,2660.9179393245995
SEN,Senegal,1977,2526.8769116452513
SEN,Senegal,1978,2313.039986899212
SEN,Senegal,1979,2474.1411778927586
SEN,Senegal,1980,2330.859241874986
SEN,Senegal,1981,2240.046112989602
SEN,Senegal,1982,2509.595363499341
SEN,Senegal,1983,2488.408847708329
SEN,Senegal,1984,2317.0425602022015
SEN,Senegal,1985,2332.1566879315556
SEN,Senegal,1986,2364.916054658773
SEN,Senegal,1987,2385.2817803337875
SEN,Senegal,1988,2430.42690594581
SEN,Senegal,1989,2324.1462820579977
SEN,Senegal,1990,2342.327158363785
SEN,Senegal,1991,2262.942836898889
SEN,Senegal,1992,2243.8786324200523
SEN,Senegal,1993,2129.7943994506613
SEN,Senegal,1994,2129.1395464907732
SEN,Senegal,1995,2169.9979930032
SEN,Senegal,1996,2225.4161780962386
SEN,Senegal,1997,2239.427532417563
SEN,Senegal,1998,2315.6592369192917
SEN,Senegal,1999,2512.536025983503
SEN,Senegal,2000,2421.68474216782
SEN,Senegal,2001,2470.0337466882133
SEN,Senegal,2002,2423.468265673893
SEN,Senegal,2003,2518.7238827125916
SEN,Senegal,2004,2597.538484511028
SEN,Senegal,2005,2671.5746437458756
SEN,Senegal,2006,2664.9772578613215
SEN,Senegal,2007,2721.971860245631
SEN,Senegal,2008,2745.8029603284563
SEN,Senegal,2009,2734.5938995864594
SEN,Senegal,2010,2768.306852404311
SEN,Senegal,2011,2735.586735794769
SEN,Senegal,2012,2761.585117317161
SEN,Senegal,2013,2783.4752760056367
SEN,Senegal,2014,2812.109539152283
SEN,Senegal,2015,2905.1031347308663
SEN,Senegal,2016,2999.016855107643
SEN,Senegal,2017,3110.533224172653
SGP,Singapore,1950,
SGP,Singapore,1951,
SGP,Singapore,1952,
SGP,Singapore,1953,
SGP,Singapore,1954,
SGP,Singapore,1955,
SGP,Singapore,1956,
SGP,Singapore,1957,
SGP,Singapore,1958,
SGP,Singapore,1959,
SGP,Singapore,1960,4368.203718613887
SGP,Singapore,1961,4561.741096943728
SGP,Singapore,1962,4746.313242019001
SGP,Singapore,1963,5087.749375935973
SGP,Singapore,1964,4768.427783251905
SGP,Singapore,1965,5002.27652702066
SGP,Singapore,1966,5404.810614725004
SGP,Singapore,1967,5932.969852813225
SGP,Singapore,1968,6622.239202197652
SGP,Singapore,1969,7409.130708359622
SGP,Singapore,1970,8295.201426697653
SGP,Singapore,1971,9126.983376672604
SGP,Singapore,1972,10171.000870917545
SGP,Singapore,1973,11100.934935806412
SGP,Singapore,1974,11623.741732380828
SGP,Singapore,1975,11980.059827751182
SGP,Singapore,1976,12707.121540921475
SGP,Singapore,1977,13504.248571464379
SGP,Singapore,1978,14513.946428685103
SGP,Singapore,1979,15672.351173046294
SGP,Singapore,1980,16964.323593463847
SGP,Singapore,1981,18405.204517517624
SGP,Singapore,1982,19277.207589950744
SGP,Singapore,1983,20415.281273220906
SGP,Singapore,1984,21676.87638019368
SGP,Singapore,1985,21037.923112236578
SGP,Singapore,1986,20869.42512167887
SGP,Singapore,1987,22655.151187471587
SGP,Singapore,1988,24672.007468309315
SGP,Singapore,1989,26598.49390931577
SGP,Singapore,1990,28563.9460362476
SGP,Singapore,1991,29651.146628441402
SGP,Singapore,1992,30828.193575107874
SGP,Singapore,1993,33358.35733359671
SGP,Singapore,1994,35934.34082008589
SGP,Singapore,1995,37426.91271296648
SGP,Singapore,1996,39260.041741650995
SGP,Singapore,1997,41548.10274354454
SGP,Singapore,1998,39727.52404922922
SGP,Singapore,1999,41188.43068879178
SGP,Singapore,2000,43758.802842945785
SGP,Singapore,2001,42211.62982590343
SGP,Singapore,2002,42792.296451585324
SGP,Singapore,2003,43448.34093411728
SGP,Singapore,2004,46282.17855601567
SGP,Singapore,2005,48407.956386983235
SGP,Singapore,2006,51316.02604984561
SGP,Singapore,2007,54564.52881873048
SGP,Singapore,2008,54182.31397869955
SGP,Singapore,2009,52614.516391890844
SGP,Singapore,2010,59333.88529894235
SGP,Singapore,2011,61861.347610987126
SGP,Singapore,2012,63227.578298112334
SGP,Singapore,2013,65344.95007232343
SGP,Singapore,2014,66792.62087182919
SGP,Singapore,2015,67217.13086761744
SGP,Singapore,2016,67760.95107362991
SGP,Singapore,2017,69150.41376278165
SLE,Sierra Leone,1950,
SLE,Sierra Leone,1951,
SLE,Sierra Leone,1952,
SLE,Sierra Leone,1953,
SLE,Sierra Leone,1954,
SLE,Sierra Leone,1955,
SLE,Sierra Leone,1956,
SLE,Sierra Leone,1957,
SLE,Sierra Leone,1958,
SLE,Sierra Leone,1959,
SLE,Sierra Leone,1960,
SLE,Sierra Leone,1961,1230.6809096329669
SLE,Sierra Leone,1962,1382.9233944914797
SLE,Sierra Leone,1963,1523.4954537255255
SLE,Sierra Leone,1964,1605.6759607142517
SLE,Sierra Leone,1965,1630.5539042720225
SLE,Sierra Leone,1966,1676.1309102030912
SLE,Sierra Leone,1967,1490.780460749856
SLE,Sierra Leone,1968,1610.398940603214
SLE,Sierra Leone,1969,1718.3111854887725
SLE,Sierra Leone,1970,1854.540981985206
SLE,Sierra Leone,1971,1826.2100021269846
SLE,Sierra Leone,1972,1805.2148905120482
SLE,Sierra Leone,1973,1828.5045660239762
SLE,Sierra Leone,1974,1851.147537763009
SLE,Sierra Leone,1975,1810.0867668539831
SLE,Sierra Leone,1976,1756.473263453683
SLE,Sierra Leone,1977,1730.7975553222836
SLE,Sierra Leone,1978,1755.7414518555304
SLE,Sierra Leone,1979,1802.0679488437836
SLE,Sierra Leone,1980,1810.0674297824078
SLE,Sierra Leone,1981,1838.242026437296
SLE,Sierra Leone,1982,1827.9485816608155
SLE,Sierra Leone,1983,1783.9187698870865
SLE,Sierra Leone,1984,1816.0646635581884
SLE,Sierra Leone,1985,1809.4135933657508
SLE,Sierra Leone,1986,1782.8581377545365
SLE,Sierra Leone,1987,1798.606075086423
SLE,Sierra Leone,1988,1790.444824915491
SLE,Sierra Leone,1989,1809.1804598545202
SLE,Sierra Leone,1990,1847.774091867025
SLE,Sierra Leone,1991,1690.2941778518712
SLE,Sierra Leone,1992,1529.3260194391735
SLE,Sierra Leone,1993,1538.6942026079205
SLE,Sierra Leone,1994,1601.3514701287402
SLE,Sierra Leone,1995,1443.7826089735279
SLE,Sierra Leone,1996,1084.007277477913
SLE,Sierra Leone,1997,888.4731265795577
SLE,Sierra Leone,1998,871.2805870099581
SLE,Sierra Leone,1999,785.3363775611415
SLE,Sierra Leone,2000,792.6429845086868
SLE,Sierra Leone,2001,902.1076018971316
SLE,Sierra Leone,2002,1090.2530497590085
SLE,Sierra Leone,2003,1136.2442748445362
SLE,Sierra Leone,2004,1157.7418117690927
SLE,Sierra Leone,2005,1163.1391837264955
SLE,Sierra Leone,2006,1172.8226732352055
SLE,Sierra Leone,2007,1232.2101990620417
SLE,Sierra Leone,2008,1267.1867759244067
SLE,Sierra Leone,2009,1277.5197339303093
SLE,Sierra Leone,2010,1314.8929073898803
SLE,Sierra Leone,2011,1365.5882183483795
SLE,Sierra Leone,2012,1537.0262692185577
SLE,Sierra Leone,2013,1813.6166741276668
SLE,Sierra Leone,2014,1854.2261026995345
SLE,Sierra Leone,2015,1442.1171699002432
SLE,Sierra Leone,2016,1500.603788017854
SLE,Sierra Leone,2017,1524.1904116226474
SLV,El Salvador,1950,2879.4708164433423
SLV,El Salvador,1951,2917.6976593076547
SLV,El Salvador,1952,3050.7517096025063
SLV,El Salvador,1953,3195.128316070229
SLV,El Salvador,1954,3188.331467978593
SLV,El Salvador,1955,3261.9625155519916
SLV,El Salvador,1956,3372.9291393542285
SLV,El Salvador,1957,3420.9018155316007
SLV,El Salvador,1958,3363.8592971246276
SLV,El Salvador,1959,3326.1794934275927
SLV,El Salvador,1960,3370.2822164813238
SLV,El Salvador,1961,3315.825775726792
SLV,El Salvador,1962,3557.525291427036
SLV,El Salvador,1963,3597.430501628563
SLV,El Salvador,1964,3822.3090318097343
SLV,El Salvador,1965,3923.835598870872
SLV,El Salvador,1966,4093.8615542833186
SLV,El Salvador,1967,4132.040415417037
SLV,El Salvador,1968,4071.917264848385
SLV,El Salvador,1969,4075.6438346862824
SLV,El Salvador,1970,4101.606072155128
SLV,El Salvador,1971,4190.130508358531
SLV,El Salvador,1972,4309.833326735857
SLV,El Salvador,1973,4417.746399463739
SLV,El Salvador,1974,4589.897622607751
SLV,El Salvador,1975,4736.233130894859
SLV,El Salvador,1976,4815.714467097796
SLV,El Salvador,1977,4999.9281668419335
SLV,El Salvador,1978,5216.831866527481
SLV,El Salvador,1979,5031.70551073262
SLV,El Salvador,1980,4514.8429592598195
SLV,El Salvador,1981,4075.0476072812435
SLV,El Salvador,1982,3789.509826874042
SLV,El Salvador,1983,3765.2542213609845
SLV,El Salvador,1984,3799.8111553841645
SLV,El Salvador,1985,3823.4650763602235
SLV,El Salvador,1986,3797.5333352669422
SLV,El Salvador,1987,3849.6449707638067
SLV,El Salvador,1988,3861.939838237477
SLV,El Salvador,1989,3852.1259799384607
SLV,El Salvador,1990,3930.746163111652
SLV,El Salvador,1991,4016.544087785458
SLV,El Salvador,1992,4260.59639210783
SLV,El Salvador,1993,4513.017521702484
SLV,El Salvador,1994,4724.836080391447
SLV,El Salvador,1995,4967.781113793498
SLV,El Salvador,1996,4998.341896289664
SLV,El Salvador,1997,5159.799607143467
SLV,El Salvador,1998,5306.026705174831
SLV,El Salvador,1999,5445.237754304028
SLV,El Salvador,2000,5522.223255329767
SLV,El Salvador,2001,5580.137187777601
SLV,El Salvador,2002,5677.736879303678
SLV,El Salvador,2003,5777.9628520538945
SLV,El Salvador,2004,5856.215713782003
SLV,El Salvador,2005,6036.492880175921
SLV,El Salvador,2006,6244.152155781026
SLV,El Salvador,2007,6455.159271726603
SLV,El Salvador,2008,6508.656045396812
SLV,El Salvador,2009,6277.028177333744
SLV,El Salvador,2010,6334.503176217116
SLV,El Salvador,2011,6445.710960675497
SLV,El Salvador,2012,6536.68317079631
SLV,El Salvador,2013,6625.938384494873
SLV,El Salvador,2014,6687.846702921156
SLV,El Salvador,2015,6813.0787492882955
SLV,El Salvador,2016,6953.338764470341
SLV,El Salvador,2017,7077.697811073557
SRB,Serbia,1950,
SRB,Serbia,1951,
SRB,Serbia,1952,
SRB,Serbia,1953,
SRB,Serbia,1954,
SRB,Serbia,1955,
SRB,Serbia,1956,
SRB,Serbia,1957,
SRB,Serbia,1958,
SRB,Serbia,1959,
SRB,Serbia,1960,
SRB,Serbia,1961,
SRB,Serbia,1962,
SRB,Serbia,1963,
SRB,Serbia,1964,
SRB,Serbia,1965,
SRB,Serbia,1966,
SRB,Serbia,1967,
SRB,Serbia,1968,
SRB,Serbia,1969,
SRB,Serbia,1970,
SRB,Serbia,1971,
SRB,Serbia,1972,
SRB,Serbia,1973,
SRB,Serbia,1974,
SRB,Serbia,1975,
SRB,Serbia,1976,
SRB,Serbia,1977,
SRB,Serbia,1978,
SRB,Serbia,1979,
SRB,Serbia,1980,
SRB,Serbia,1981,
SRB,Serbia,1982,
SRB,Serbia,1983,
SRB,Serbia,1984,
SRB,Serbia,1985,
SRB,Serbia,1986,
SRB,Serbia,1987,
SRB,Serbia,1988,
SRB,Serbia,1989,
SRB,Serbia,1990,12532.489630398104
SRB,Serbia,1991,10972.393461422444
SRB,Serbia,1992,7804.80925505289
SRB,Serbia,1993,5377.620558694596
SRB,Serbia,1994,5480.060354970295
SRB,Serbia,1995,5778.665724152664
SRB,Serbia,1996,5936.065984674532
SRB,Serbia,1997,6409.460412403885
SRB,Serbia,1998,6632.888758066261
SRB,Serbia,1999,7483.491590792432
SRB,Serbia,2000,8089.9453415235
SRB,Serbia,2001,8508.494703699389
SRB,Serbia,2002,9118.08315255077
SRB,Serbia,2003,9545.395147010593
SRB,Serbia,2004,10433.235312256911
SRB,Serbia,2005,11044.418471436753
SRB,Serbia,2006,11631.744261903812
SRB,Serbia,2007,12366.735113802255
SRB,Serbia,2008,13086.003361184687
SRB,Serbia,2009,12729.20525627627
SRB,Serbia,2010,12855.166320220402
SRB,Serbia,2011,13134.268651653869
SRB,Serbia,2012,13064.132565909234
SRB,Serbia,2013,13465.431890791564
SRB,Serbia,2014,13283.270445561382
SRB,Serbia,2015,13452.606602549109
SRB,Serbia,2016,13901.531416868198
SRB,Serbia,2017,14234.039302255414
STP,Sao Tome and Principe,1950,
STP,Sao Tome and Principe,1951,
STP,Sao Tome and Principe,1952,
STP,Sao Tome and Principe,1953,
STP,Sao Tome and Principe,1954,
STP,Sao Tome and Principe,1955,
STP,Sao Tome and Principe,1956,
STP,Sao Tome and Principe,1957,
STP,Sao Tome and Principe,1958,
STP,Sao Tome and Principe,1959,
STP,Sao Tome and Principe,1960,
STP,Sao Tome and Principe,1961,
STP,Sao Tome and Principe,1962,
STP,Sao Tome and Principe,1963,
STP,Sao Tome and Principe,1964,
STP,Sao Tome and Principe,1965,
STP,Sao Tome and Principe,1966,
STP,Sao Tome and Principe,1967,
STP,Sao Tome and Principe,1968,
STP,Sao Tome and Principe,1969,
STP,Sao Tome and Principe,1970,2628.602553432185
STP,Sao Tome and Principe,1971,2706.654647927182
STP,Sao Tome and Principe,1972,2713.35401421257
STP,Sao Tome and Principe,1973,2704.756851377005
STP,Sao Tome and Principe,1974,2800.093374241891
STP,Sao Tome and Principe,1975,2881.4963128851514
STP,Sao Tome and Principe,1976,2850.137557281763
STP,Sao Tome and Principe,1977,3415.020058386668
STP,Sao Tome and Principe,1978,3410.404103604168
STP,Sao Tome and Principe,1979,3858.1375235164446
STP,Sao Tome and Principe,1980,3723.970234546967
STP,Sao Tome and Principe,1981,3270.949816999488
STP,Sao Tome and Principe,1982,3312.122784835775
STP,Sao Tome and Principe,1983,3132.6516926174763
STP,Sao Tome and Principe,1984,2897.6100741282426
STP,Sao Tome and Principe,1985,3114.551570913021
STP,Sao Tome and Principe,1986,2881.742466909121
STP,Sao Tome and Principe,1987,2746.7565255645213
STP,Sao Tome and Principe,1988,2749.0633634956907
STP,Sao Tome and Principe,1989,2780.46890323074
STP,Sao Tome and Principe,1990,2666.4859689974633
STP,Sao Tome and Principe,1991,2642.797561597268
STP,Sao Tome and Principe,1992,2604.8078632976735
STP,Sao Tome and Principe,1993,2577.2589113105682
STP,Sao Tome and Principe,1994,2579.441040696951
STP,Sao Tome and Principe,1995,2579.4097190886714
STP,Sao Tome and Principe,1996,2569.994840903269
STP,Sao Tome and Principe,1997,2550.343027445628
STP,Sao Tome and Principe,1998,2568.821108193247
STP,Sao Tome and Principe,1999,2585.2197326083606
STP,Sao Tome and Principe,2000,2545.851387656769
STP,Sao Tome and Principe,2001,2567.9902234403444
STP,Sao Tome and Principe,2002,2560.365229113982
STP,Sao Tome and Principe,2003,2674.3802546725897
STP,Sao Tome and Principe,2004,2711.1418696501137
STP,Sao Tome and Principe,2005,2835.163669304468
STP,Sao Tome and Principe,2006,3021.804719960112
STP,Sao Tome and Principe,2007,3047.944860277775
STP,Sao Tome and Principe,2008,3222.146667027493
STP,Sao Tome and Principe,2009,3224.972021156658
STP,Sao Tome and Principe,2010,3362.137951512714
STP,Sao Tome and Principe,2011,3431.016853679901
STP,Sao Tome and Principe,2012,3459.696747754102
STP,Sao Tome and Principe,2013,3545.7013730380904
STP,Sao Tome and Principe,2014,3693.196567084584
STP,Sao Tome and Principe,2015,3751.6121938397214
STP,Sao Tome and Principe,2016,3823.2176404381967
STP,Sao Tome and Principe,2017,3885.5153877312796
SUR,Suriname,1950,
SUR,Suriname,1951,
SUR,Suriname,1952,
SUR,Suriname,1953,
SUR,Suriname,1954,
SUR,Suriname,1955,
SUR,Suriname,1956,
SUR,Suriname,1957,
SUR,Suriname,1958,
SUR,Suriname,1959,
SUR,Suriname,1960,
SUR,Suriname,1961,
SUR,Suriname,1962,
SUR,Suriname,1963,
SUR,Suriname,1964,
SUR,Suriname,1965,
SUR,Suriname,1966,
SUR,Suriname,1967,
SUR,Suriname,1968,
SUR,Suriname,1969,
SUR,Suriname,1970,6988.056578666851
SUR,Suriname,1971,7408.462438511277
SUR,Suriname,1972,7780.00693911511
SUR,Suriname,1973,8150.381745451438
SUR,Suriname,1974,7636.9547156239505
SUR,Suriname,1975,8458.675491077789
SUR,Suriname,1976,9255.879484975936
SUR,Suriname,1977,10219.748721569196
SUR,Suriname,1978,10765.03437933238
SUR,Suriname,1979,10112.742320981206
SUR,Suriname,1980,9229.456170449837
SUR,Suriname,1981,9869.226769421317
SUR,Suriname,1982,9436.813252681082
SUR,Suriname,1983,9034.587235149193
SUR,Suriname,1984,8807.634682333912
SUR,Suriname,1985,9934.496439179515
SUR,Suriname,1986,9623.622451672578
SUR,Suriname,1987,8759.542615270753
SUR,Suriname,1988,9330.179925006913
SUR,Suriname,1989,9554.639980822043
SUR,Suriname,1990,9000.166372162186
SUR,Suriname,1991,9074.620783097522
SUR,Suriname,1992,8946.130249007841
SUR,Suriname,1993,8205.339081475704
SUR,Suriname,1994,8347.657480096463
SUR,Suriname,1995,8222.55417481289
SUR,Suriname,1996,8191.338166512723
SUR,Suriname,1997,8549.04672891498
SUR,Suriname,1998,8642.018822986813
SUR,Suriname,1999,8421.40027592286
SUR,Suriname,2000,8497.2695865473
SUR,Suriname,2001,8753.930226774612
SUR,Suriname,2002,8898.248653945599
SUR,Suriname,2003,9354.910630340155
SUR,Suriname,2004,9994.791815648025
SUR,Suriname,2005,10276.264679867338
SUR,Suriname,2006,10753.078660590083
SUR,Suriname,2007,11181.685017271177
SUR,Suriname,2008,11522.60394170542
SUR,Suriname,2009,11745.40997281169
SUR,Suriname,2010,12223.210520631492
SUR,Suriname,2011,12804.38236216834
SUR,Suriname,2012,13015.340638021353
SUR,Suriname,2013,13261.912445779531
SUR,Suriname,2014,13164.857191011542
SUR,Suriname,2015,12700.315418797076
SUR,Suriname,2016,11936.279643031925
SUR,Suriname,2017,11746.82223392971
SVK,Slovakia,1950,
SVK,Slovakia,1951,
SVK,Slovakia,1952,
SVK,Slovakia,1953,
SVK,Slovakia,1954,
SVK,Slovakia,1955,
SVK,Slovakia,1956,
SVK,Slovakia,1957,
SVK,Slovakia,1958,
SVK,Slovakia,1959,
SVK,Slovakia,1960,
SVK,Slovakia,1961,
SVK,Slovakia,1962,
SVK,Slovakia,1963,
SVK,Slovakia,1964,
SVK,Slovakia,1965,
SVK,Slovakia,1966,
SVK,Slovakia,1967,
SVK,Slovakia,1968,
SVK,Slovakia,1969,
SVK,Slovakia,1970,
SVK,Slovakia,1971,
SVK,Slovakia,1972,
SVK,Slovakia,1973,
SVK,Slovakia,1974,
SVK,Slovakia,1975,
SVK,Slovakia,1976,
SVK,Slovakia,1977,
SVK,Slovakia,1978,
SVK,Slovakia,1979,
SVK,Slovakia,1980,
SVK,Slovakia,1981,
SVK,Slovakia,1982,
SVK,Slovakia,1983,
SVK,Slovakia,1984,
SVK,Slovakia,1985,
SVK,Slovakia,1986,
SVK,Slovakia,1987,
SVK,Slovakia,1988,
SVK,Slovakia,1989,
SVK,Slovakia,1990,13208.370279921364
SVK,Slovakia,1991,11243.57467142005
SVK,Slovakia,1992,10463.313853987771
SVK,Slovakia,1993,10626.002505421973
SVK,Slovakia,1994,11252.402661282578
SVK,Slovakia,1995,11882.07693224697
SVK,Slovakia,1996,12663.015850230582
SVK,Slovakia,1997,13415.366617520685
SVK,Slovakia,1998,13943.090306347542
SVK,Slovakia,1999,13908.171921933992
SVK,Slovakia,2000,14072.567046385053
SVK,Slovakia,2001,14537.138564345363
SVK,Slovakia,2002,15194.206120392215
SVK,Slovakia,2003,16018.3311206197
SVK,Slovakia,2004,16862.16922778295
SVK,Slovakia,2005,18002.04655228257
SVK,Slovakia,2006,19525.266846664115
SVK,Slovakia,2007,21634.774230156152
SVK,Slovakia,2008,22850.51732725705
SVK,Slovakia,2009,21603.983342539905
SVK,Slovakia,2010,22678.18765642753
SVK,Slovakia,2011,23293.57213886181
SVK,Slovakia,2012,23648.006834141815
SVK,Slovakia,2013,23964.858249688838
SVK,Slovakia,2014,24589.023372424872
SVK,Slovakia,2015,25585.079966768928
SVK,Slovakia,2016,26360.97063133873
SVK,Slovakia,2017,27184.254152269958
SVN,Slovenia,1950,
SVN,Slovenia,1951,
SVN,Slovenia,1952,
SVN,Slovenia,1953,
SVN,Slovenia,1954,
SVN,Slovenia,1955,
SVN,Slovenia,1956,
SVN,Slovenia,1957,
SVN,Slovenia,1958,
SVN,Slovenia,1959,
SVN,Slovenia,1960,
SVN,Slovenia,1961,
SVN,Slovenia,1962,
SVN,Slovenia,1963,
SVN,Slovenia,1964,
SVN,Slovenia,1965,
SVN,Slovenia,1966,
SVN,Slovenia,1967,
SVN,Slovenia,1968,
SVN,Slovenia,1969,
SVN,Slovenia,1970,
SVN,Slovenia,1971,
SVN,Slovenia,1972,
SVN,Slovenia,1973,
SVN,Slovenia,1974,
SVN,Slovenia,1975,
SVN,Slovenia,1976,
SVN,Slovenia,1977,
SVN,Slovenia,1978,
SVN,Slovenia,1979,
SVN,Slovenia,1980,
SVN,Slovenia,1981,
SVN,Slovenia,1982,
SVN,Slovenia,1983,
SVN,Slovenia,1984,
SVN,Slovenia,1985,
SVN,Slovenia,1986,
SVN,Slovenia,1987,
SVN,Slovenia,1988,
SVN,Slovenia,1989,
SVN,Slovenia,1990,17337.61387812165
SVN,Slovenia,1991,15783.495122043467
SVN,Slovenia,1992,14938.779900064812
SVN,Slovenia,1993,15399.981352959961
SVN,Slovenia,1994,16262.361731181285
SVN,Slovenia,1995,16965.436274377636
SVN,Slovenia,1996,17583.911776453086
SVN,Slovenia,1997,18492.834274826993
SVN,Slovenia,1998,19100.23927326626
SVN,Slovenia,1999,20104.19456723855
SVN,Slovenia,2000,20937.704533823402
SVN,Slovenia,2001,21556.86116507594
SVN,Slovenia,2002,22384.80560100077
SVN,Slovenia,2003,23012.885313498176
SVN,Slovenia,2004,23984.63299974197
SVN,Slovenia,2005,24884.12519742686
SVN,Slovenia,2006,26193.031517685748
SVN,Slovenia,2007,27875.65019671861
SVN,Slovenia,2008,28639.141426060833
SVN,Slovenia,2009,26264.842115249234
SVN,Slovenia,2010,26463.253345285328
SVN,Slovenia,2011,26527.85136832027
SVN,Slovenia,2012,25732.524067254304
SVN,Slovenia,2013,25370.674751216986
SVN,Slovenia,2014,26059.672236513896
SVN,Slovenia,2015,26609.63952880674
SVN,Slovenia,2016,27385.501208813665
SVN,Slovenia,2017,28692.902431173243
SWE,Sweden,1950,11074.092399463478
SWE,Sweden,1951,11296.883773786993
SWE,Sweden,1952,11390.522297490208
SWE,Sweden,1953,11704.414644780045
SWE,Sweden,1954,12311.621543296058
SWE,Sweden,1955,12592.905322466288
SWE,Sweden,1956,12921.771764123603
SWE,Sweden,1957,13137.802350988288
SWE,Sweden,1958,13376.792474072367
SWE,Sweden,1959,14020.506908422392
SWE,Sweden,1960,14477.550086371553
SWE,Sweden,1961,15215.775986987126
SWE,Sweden,1962,15776.397486674126
SWE,Sweden,1963,16511.468673659296
SWE,Sweden,1964,17515.055681276142
SWE,Sweden,1965,17998.824624706485
SWE,Sweden,1966,18184.931408938843
SWE,Sweden,1967,18753.630885438153
SWE,Sweden,1968,19176.45526402924
SWE,Sweden,1969,20090.352957141524
SWE,Sweden,1970,21115.064394718134
SWE,Sweden,1971,21206.90823957442
SWE,Sweden,1972,21608.889966393348
SWE,Sweden,1973,22398.627841457397
SWE,Sweden,1974,23051.718374565295
SWE,Sweden,1975,23572.79728755016
SWE,Sweden,1976,23747.162887805556
SWE,Sweden,1977,23290.363074444864
SWE,Sweden,1978,23621.80898451829
SWE,Sweden,1979,24462.131438743963
SWE,Sweden,1980,24829.11622929266
SWE,Sweden,1981,24914.619219902208
SWE,Sweden,1982,25213.811335159535
SWE,Sweden,1983,25683.727691021297
SWE,Sweden,1984,26744.363061882836
SWE,Sweden,1985,27265.873211739054
SWE,Sweden,1986,27908.400476173083
SWE,Sweden,1987,28720.864214238452
SWE,Sweden,1988,29303.66832298605
SWE,Sweden,1989,29907.02049066823
SWE,Sweden,1990,29945.6863970718
SWE,Sweden,1991,29404.29993471238
SWE,Sweden,1992,28857.523917032457
SWE,Sweden,1993,28067.45177527806
SWE,Sweden,1994,29043.90747127375
SWE,Sweden,1995,30080.93896908755
SWE,Sweden,1996,30459.387668366544
SWE,Sweden,1997,31312.308599008105
SWE,Sweden,1998,32632.90862661684
SWE,Sweden,1999,34088.395309549196
SWE,Sweden,2000,35671.763978100265
SWE,Sweden,2001,36167.26647324533
SWE,Sweden,2002,36823.069020762596
SWE,Sweden,2003,37562.62593154562
SWE,Sweden,2004,39010.95883350738
SWE,Sweden,2005,39896.837664890394
SWE,Sweden,2006,41507.113368006685
SWE,Sweden,2007,42607.979377307136
SWE,Sweden,2008,42032.80344004111
SWE,Sweden,2009,39521.126020276286
SWE,Sweden,2010,41547.10926429103
SWE,Sweden,2011,42318.98529538216
SWE,Sweden,2012,41860.91835240888
SWE,Sweden,2013,42051.65083598213
SWE,Sweden,2014,42815.70276211094
SWE,Sweden,2015,44383.97984791511
SWE,Sweden,2016,45232.55158947854
SWE,Sweden,2017,45843.60158382414
SWZ,Eswatini,1950,
SWZ,Eswatini,1951,
SWZ,Eswatini,1952,
SWZ,Eswatini,1953,
SWZ,Eswatini,1954,
SWZ,Eswatini,1955,
SWZ,Eswatini,1956,
SWZ,Eswatini,1957,
SWZ,Eswatini,1958,
SWZ,Eswatini,1959,
SWZ,Eswatini,1960,
SWZ,Eswatini,1961,
SWZ,Eswatini,1962,
SWZ,Eswatini,1963,
SWZ,Eswatini,1964,
SWZ,Eswatini,1965,
SWZ,Eswatini,1966,
SWZ,Eswatini,1967,
SWZ,Eswatini,1968,
SWZ,Eswatini,1969,
SWZ,Eswatini,1970,2325.5634594839576
SWZ,Eswatini,1971,2344.4080376351594
SWZ,Eswatini,1972,2565.5337576010393
SWZ,Eswatini,1973,2575.879007976389
SWZ,Eswatini,1974,2977.316229314246
SWZ,Eswatini,1975,3844.9092325564684
SWZ,Eswatini,1976,4217.801094646108
SWZ,Eswatini,1977,4129.470268643023
SWZ,Eswatini,1978,4055.6919470526095
SWZ,Eswatini,1979,4018.446861480434
SWZ,Eswatini,1980,3989.9440109563725
SWZ,Eswatini,1981,4142.406585816066
SWZ,Eswatini,1982,4083.968212246142
SWZ,Eswatini,1983,3943.8845782615663
SWZ,Eswatini,1984,3913.0079881968068
SWZ,Eswatini,1985,3846.2780486403217
SWZ,Eswatini,1986,4379.944995210959
SWZ,Eswatini,1987,4614.590455227653
SWZ,Eswatini,1988,4754.672116656928
SWZ,Eswatini,1989,5000.6662495294395
SWZ,Eswatini,1990,5310.674519430349
SWZ,Eswatini,1991,5256.180953561482
SWZ,Eswatini,1992,5303.553447359453
SWZ,Eswatini,1993,5361.796054610856
SWZ,Eswatini,1994,5387.045443750305
SWZ,Eswatini,1995,5535.239002118882
SWZ,Eswatini,1996,5625.122597816451
SWZ,Eswatini,1997,5671.226104643065
SWZ,Eswatini,1998,5694.071554914796
SWZ,Eswatini,1999,5752.110534613364
SWZ,Eswatini,2000,5610.466389893682
SWZ,Eswatini,2001,5609.09131676077
SWZ,Eswatini,2002,5811.427310794535
SWZ,Eswatini,2003,6001.047803394075
SWZ,Eswatini,2004,6175.015727412884
SWZ,Eswatini,2005,6481.340644264528
SWZ,Eswatini,2006,6780.052116884015
SWZ,Eswatini,2007,6969.333402370856
SWZ,Eswatini,2008,6902.389007046926
SWZ,Eswatini,2009,6881.268170802257
SWZ,Eswatini,2010,7010.664616681117
SWZ,Eswatini,2011,7036.994525446037
SWZ,Eswatini,2012,7233.920188106188
SWZ,Eswatini,2013,7557.237757600961
SWZ,Eswatini,2014,7562.509716984572
SWZ,Eswatini,2015,7454.53338089857
SWZ,Eswatini,2016,7420.984208506524
SWZ,Eswatini,2017,7435.716793457091
SXM,Sint Maarten (Dutch part),1950,
SXM,Sint Maarten (Dutch part),1951,
SXM,Sint Maarten (Dutch part),1952,
SXM,Sint Maarten (Dutch part),1953,
SXM,Sint Maarten (Dutch part),1954,
SXM,Sint Maarten (Dutch part),1955,
SXM,Sint Maarten (Dutch part),1956,
SXM,Sint Maarten (Dutch part),1957,
SXM,Sint Maarten (Dutch part),1958,
SXM,Sint Maarten (Dutch part),1959,
SXM,Sint Maarten (Dutch part),1960,
SXM,Sint Maarten (Dutch part),1961,
SXM,Sint Maarten (Dutch part),1962,
SXM,Sint Maarten (Dutch part),1963,
SXM,Sint Maarten (Dutch part),1964,
SXM,Sint Maarten (Dutch part),1965,
SXM,Sint Maarten (Dutch part),1966,
SXM,Sint Maarten (Dutch part),1967,
SXM,Sint Maarten (Dutch part),1968,
SXM,Sint Maarten (Dutch part),1969,
SXM,Sint Maarten (Dutch part),1970,
SXM,Sint Maarten (Dutch part),1971,
SXM,Sint Maarten (Dutch part),1972,
SXM,Sint Maarten (Dutch part),1973,
SXM,Sint Maarten (Dutch part),1974,
SXM,Sint Maarten (Dutch part),1975,
SXM,Sint Maarten (Dutch part),1976,
SXM,Sint Maarten (Dutch part),1977,
SXM,Sint Maarten (Dutch part),1978,
SXM,Sint Maarten (Dutch part),1979,
SXM,Sint Maarten (Dutch part),1980,
SXM,Sint Maarten (Dutch part),1981,
SXM,Sint Maarten (Dutch part),1982,
SXM,Sint Maarten (Dutch part),1983,
SXM,Sint Maarten (Dutch part),1984,
SXM,Sint Maarten (Dutch part),1985,
SXM,Sint Maarten (Dutch part),1986,
SXM,Sint Maarten (Dutch part),1987,
SXM,Sint Maarten (Dutch part),1988,
SXM,Sint Maarten (Dutch part),1989,
SXM,Sint Maarten (Dutch part),1990,
SXM,Sint Maarten (Dutch part),1991,
SXM,Sint Maarten (Dutch part),1992,
SXM,Sint Maarten (Dutch part),1993,
SXM,Sint Maarten (Dutch part),1994,
SXM,Sint Maarten (Dutch part),1995,
SXM,Sint Maarten (Dutch part),1996,
SXM,Sint Maarten (Dutch part),1997,
SXM,Sint Maarten (Dutch part),1998,
SXM,Sint Maarten (Dutch part),1999,
SXM,Sint Maarten (Dutch part),2000,
SXM,Sint Maarten (Dutch part),2001,
SXM,Sint Maarten (Dutch part),2002,
SXM,Sint Maarten (Dutch part),2003,
SXM,Sint Maarten (Dutch part),2004,
SXM,Sint Maarten (Dutch part),2005,28141.0186363463
SXM,Sint Maarten (Dutch part),2006,29503.539954376483
SXM,Sint Maarten (Dutch part),2007,30782.698813690346
SXM,Sint Maarten (Dutch part),2008,31162.745907451368
SXM,Sint Maarten (Dutch part),2009,30905.352049970825
SXM,Sint Maarten (Dutch part),2010,30777.17286559594
SXM,Sint Maarten (Dutch part),2011,30078.53852719567
SXM,Sint Maarten (Dutch part),2012,29495.040787863265
SXM,Sint Maarten (Dutch part),2013,28806.15336281713
SXM,Sint Maarten (Dutch part),2014,28286.55180217396
SXM,Sint Maarten (Dutch part),2015,27657.973161290323
SXM,Sint Maarten (Dutch part),2016,27224.67078370461
SXM,Sint Maarten (Dutch part),2017,24568.474150970796
SYC,Seychelles,1950,
SYC,Seychelles,1951,
SYC,Seychelles,1952,
SYC,Seychelles,1953,
SYC,Seychelles,1954,
SYC,Seychelles,1955,
SYC,Seychelles,1956,
SYC,Seychelles,1957,
SYC,Seychelles,1958,
SYC,Seychelles,1959,
SYC,Seychelles,1960,4434.719982683148
SYC,Seychelles,1961,4484.10519367773
SYC,Seychelles,1962,4802.549779058911
SYC,Seychelles,1963,5594.055436894188
SYC,Seychelles,1964,5608.6624338331085
SYC,Seychelles,1965,4264.471467613321
SYC,Seychelles,1966,4081.6862192650665
SYC,Seychelles,1967,5131.93051411101
SYC,Seychelles,1968,5945.908364742598
SYC,Seychelles,1969,5373.146877192426
SYC,Seychelles,1970,6038.524402969074
SYC,Seychelles,1971,6820.932422216844
SYC,Seychelles,1972,7064.436105074393
SYC,Seychelles,1973,7502.771593215263
SYC,Seychelles,1974,7405.461555580124
SYC,Seychelles,1975,7449.327379605179
SYC,Seychelles,1976,8453.231837887224
SYC,Seychelles,1977,8968.8447264
SYC,Seychelles,1978,9539.416163624408
SYC,Seychelles,1979,10751.465046054745
SYC,Seychelles,1980,10237.679372190545
SYC,Seychelles,1981,9415.115470811223
SYC,Seychelles,1982,9155.295060076502
SYC,Seychelles,1983,8902.042009115297
SYC,Seychelles,1984,9539.166157577365
SYC,Seychelles,1985,10464.113215651334
SYC,Seychelles,1986,10568.443266549864
SYC,Seychelles,1987,11029.749441540263
SYC,Seychelles,1988,11621.05766335026
SYC,Seychelles,1989,12788.457956160411
SYC,Seychelles,1990,13648.410184237508
SYC,Seychelles,1991,13850.968639819495
SYC,Seychelles,1992,14602.874942356486
SYC,Seychelles,1993,15212.66599528656
SYC,Seychelles,1994,14814.383194585675
SYC,Seychelles,1995,14489.827666055866
SYC,Seychelles,1996,14577.26505310589
SYC,Seychelles,1997,16607.709233925765
SYC,Seychelles,1998,18302.366695801134
SYC,Seychelles,1999,18455.392366943288
SYC,Seychelles,2000,18182.614333987083
SYC,Seychelles,2001,17471.745582033323
SYC,Seychelles,2002,17348.698146694234
SYC,Seychelles,2003,15927.650820626237
SYC,Seychelles,2004,15325.088500180866
SYC,Seychelles,2005,16468.18118408005
SYC,Seychelles,2006,17833.18112700746
SYC,Seychelles,2007,19555.40510062128
SYC,Seychelles,2008,19051.355941916547
SYC,Seychelles,2009,18768.399100279046
SYC,Seychelles,2010,19803.54603589123
SYC,Seychelles,2011,20771.23764867873
SYC,Seychelles,2012,21430.273056293005
SYC,Seychelles,2013,22602.40226586313
SYC,Seychelles,2014,23496.748353958006
SYC,Seychelles,2015,24528.48684748537
SYC,Seychelles,2016,25500.81604725576
SYC,Seychelles,2017,26953.174198537276
SYR,Syrian Arab Republic,1950,
SYR,Syrian Arab Republic,1951,
SYR,Syrian Arab Republic,1952,
SYR,Syrian Arab Republic,1953,
SYR,Syrian Arab Republic,1954,
SYR,Syrian Arab Republic,1955,
SYR,Syrian Arab Republic,1956,
SYR,Syrian Arab Republic,1957,
SYR,Syrian Arab Republic,1958,
SYR,Syrian Arab Republic,1959,
SYR,Syrian Arab Republic,1960,1928.8573313821646
SYR,Syrian Arab Republic,1961,1897.1961017997892
SYR,Syrian Arab Republic,1962,2517.5679785254847
SYR,Syrian Arab Republic,1963,2213.0817571656626
SYR,Syrian Arab Republic,1964,2484.9692779901643
SYR,Syrian Arab Republic,1965,2412.269207665598
SYR,Syrian Arab Republic,1966,2149.133226610344
SYR,Syrian Arab Republic,1967,2214.739183732268
SYR,Syrian Arab Republic,1968,2230.4524090196705
SYR,Syrian Arab Republic,1969,2582.794469679952
SYR,Syrian Arab Republic,1970,2215.9808865358395
SYR,Syrian Arab Republic,1971,2354.0490999888816
SYR,Syrian Arab Republic,1972,2843.9745784454162
SYR,Syrian Arab Republic,1973,2513.1021173045015
SYR,Syrian Arab Republic,1974,3014.3691268866983
SYR,Syrian Arab Republic,1975,3482.1716789087827
SYR,Syrian Arab Republic,1976,3735.5159189372825
SYR,Syrian Arab Republic,1977,3566.239805558047
SYR,Syrian Arab Republic,1978,3749.1858829684097
SYR,Syrian Arab Republic,1979,3755.068280064388
SYR,Syrian Arab Republic,1980,4061.398347586733
SYR,Syrian Arab Republic,1981,4292.734136182117
SYR,Syrian Arab Republic,1982,4229.6109521536255
SYR,Syrian Arab Republic,1983,4139.5793934152225
SYR,Syrian Arab Republic,1984,3834.3750910748126
SYR,Syrian Arab Republic,1985,3932.9817016261727
SYR,Syrian Arab Republic,1986,3617.6495724461556
SYR,Syrian Arab Republic,1987,3570.944141599011
SYR,Syrian Arab Republic,1988,3921.0404647940286
SYR,Syrian Arab Republic,1989,3156.266159329037
SYR,Syrian Arab Republic,1990,3204.0489592155936
SYR,Syrian Arab Republic,1991,3357.64997578547
SYR,Syrian Arab Republic,1992,3702.499470097074
SYR,Syrian Arab Republic,1993,3785.9917342716417
SYR,Syrian Arab Republic,1994,3946.894774529626
SYR,Syrian Arab Republic,1995,4107.673691584609
SYR,Syrian Arab Republic,1996,4385.990879138636
SYR,Syrian Arab Republic,1997,4478.211620433698
SYR,Syrian Arab Republic,1998,4651.884040397138
SYR,Syrian Arab Republic,1999,4370.63198680492
SYR,Syrian Arab Republic,2000,4294.317269133398
SYR,Syrian Arab Republic,2001,4362.567812934135
SYR,Syrian Arab Republic,2002,4617.005539081989
SYR,Syrian Arab Republic,2003,4556.984738431248
SYR,Syrian Arab Republic,2004,4764.466452318745
SYR,Syrian Arab Republic,2005,4925.614182696329
SYR,Syrian Arab Republic,2006,5004.461694239771
SYR,Syrian Arab Republic,2007,5095.09221075317
SYR,Syrian Arab Republic,2008,5141.77900632816
SYR,Syrian Arab Republic,2009,5315.178250883722
SYR,Syrian Arab Republic,2010,5447.265099277281
SYR,Syrian Arab Republic,2011,5739.687445222164
SYR,Syrian Arab Republic,2012,4319.694584300312
SYR,Syrian Arab Republic,2013,3281.893725977164
SYR,Syrian Arab Republic,2014,2888.03852374874
SYR,Syrian Arab Republic,2015,2778.642927136957
SYR,Syrian Arab Republic,2016,2712.145603414883
SYR,Syrian Arab Republic,2017,2787.967724792945
TCA,Turks and Caicos Islands,1950,
TCA,Turks and Caicos Islands,1951,
TCA,Turks and Caicos Islands,1952,
TCA,Turks and Caicos Islands,1953,
TCA,Turks and Caicos Islands,1954,
TCA,Turks and Caicos Islands,1955,
TCA,Turks and Caicos Islands,1956,
TCA,Turks and Caicos Islands,1957,
TCA,Turks and Caicos Islands,1958,
TCA,Turks and Caicos Islands,1959,
TCA,Turks and Caicos Islands,1960,
TCA,Turks and Caicos Islands,1961,
TCA,Turks and Caicos Islands,1962,
TCA,Turks and Caicos Islands,1963,
TCA,Turks and Caicos Islands,1964,
TCA,Turks and Caicos Islands,1965,
TCA,Turks and Caicos Islands,1966,
TCA,Turks and Caicos Islands,1967,
TCA,Turks and Caicos Islands,1968,
TCA,Turks and Caicos Islands,1969,
TCA,Turks and Caicos Islands,1970,1396.7924086632345
TCA,Turks and Caicos Islands,1971,1512.5620936414175
TCA,Turks and Caicos Islands,1972,1626.767245862884
TCA,Turks and Caicos Islands,1973,1740.0972608553705
TCA,Turks and Caicos Islands,1974,1858.7118436810588
TCA,Turks and Caicos Islands,1975,1993.2910293219304
TCA,Turks and Caicos Islands,1976,2148.2401264316527
TCA,Turks and Caicos Islands,1977,2320.737226256172
TCA,Turks and Caicos Islands,1978,2507.033592797391
TCA,Turks and Caicos Islands,1979,2693.668861508811
TCA,Turks and Caicos Islands,1980,2879.7549953451257
TCA,Turks and Caicos Islands,1981,3049.065241791804
TCA,Turks and Caicos Islands,1982,3215.0686390101896
TCA,Turks and Caicos Islands,1983,3382.753976237167
TCA,Turks and Caicos Islands,1984,3569.827674546454
TCA,Turks and Caicos Islands,1985,3780.0351272880284
TCA,Turks and Caicos Islands,1986,4024.918954936709
TCA,Turks and Caicos Islands,1987,4294.918176838811
TCA,Turks and Caicos Islands,1988,4594.386131166131
TCA,Turks and Caicos Islands,1989,4902.744700009076
TCA,Turks and Caicos Islands,1990,5164.817759695291
TCA,Turks and Caicos Islands,1991,5391.677363591676
TCA,Turks and Caicos Islands,1992,5573.270351634794
TCA,Turks and Caicos Islands,1993,5866.243613024875
TCA,Turks and Caicos Islands,1994,6262.906048503117
TCA,Turks and Caicos Islands,1995,6399.72343399426
TCA,Turks and Caicos Islands,1996,6730.175341350369
TCA,Turks and Caicos Islands,1997,6985.41321305743
TCA,Turks and Caicos Islands,1998,7479.574450506896
TCA,Turks and Caicos Islands,1999,7792.6586206896545
TCA,Turks and Caicos Islands,2000,7737.36503272585
TCA,Turks and Caicos Islands,2001,7744.083405701433
TCA,Turks and Caicos Islands,2002,7273.118074377613
TCA,Turks and Caicos Islands,2003,7385.659329346433
TCA,Turks and Caicos Islands,2004,7695.849033082947
TCA,Turks and Caicos Islands,2005,8329.456673472474
TCA,Turks and Caicos Islands,2006,9395.606265827364
TCA,Turks and Caicos Islands,2007,9579.587115921788
TCA,Turks and Caicos Islands,2008,10076.109428991873
TCA,Turks and Caicos Islands,2009,7901.437877335096
TCA,Turks and Caicos Islands,2010,7786.440327160095
TCA,Turks and Caicos Islands,2011,7956.999997289716
TCA,Turks and Caicos Islands,2012,7588.096148379517
TCA,Turks and Caicos Islands,2013,7534.4105503201645
TCA,Turks and Caicos Islands,2014,7889.136071337738
TCA,Turks and Caicos Islands,2015,8211.81556539212
TCA,Turks and Caicos Islands,2016,8435.30304213771
TCA,Turks and Caicos Islands,2017,8660.461190556372
TCD,Chad,1950,
TCD,Chad,1951,
TCD,Chad,1952,
TCD,Chad,1953,
TCD,Chad,1954,
TCD,Chad,1955,
TCD,Chad,1956,
TCD,Chad,1957,
TCD,Chad,1958,
TCD,Chad,1959,
TCD,Chad,1960,1275.6575052554228
TCD,Chad,1961,1278.2896087708723
TCD,Chad,1962,1397.833785072082
TCD,Chad,1963,1293.2419301419868
TCD,Chad,1964,1275.476888204756
TCD,Chad,1965,1295.9249529534468
TCD,Chad,1966,1248.3710147299248
TCD,Chad,1967,1231.0968955944459
TCD,Chad,1968,1216.8419330316913
TCD,Chad,1969,1243.876597008718
TCD,Chad,1970,1308.7316184867025
TCD,Chad,1971,1303.7793784284127
TCD,Chad,1972,1186.2137845149805
TCD,Chad,1973,1102.0327027904123
TCD,Chad,1974,1224.0018803874275
TCD,Chad,1975,1404.0054312385678
TCD,Chad,1976,1354.806255568331
TCD,Chad,1977,1229.432058363326
TCD,Chad,1978,1200.6122438710188
TCD,Chad,1979,925.0375508587687
TCD,Chad,1980,851.503377812273
TCD,Chad,1981,743.3310131563699
TCD,Chad,1982,765.8469665503183
TCD,Chad,1983,864.8797283604216
TCD,Chad,1984,885.9367458654282
TCD,Chad,1985,929.9573822774229
TCD,Chad,1986,956.7073243696502
TCD,Chad,1987,961.4428577797947
TCD,Chad,1988,1002.2260249035569
TCD,Chad,1989,988.0501513823053
TCD,Chad,1990,987.7800188603823
TCD,Chad,1991,993.0833125763444
TCD,Chad,1992,984.0779348540588
TCD,Chad,1993,936.3928980625263
TCD,Chad,1994,958.2252204344447
TCD,Chad,1995,939.900972621562
TCD,Chad,1996,928.131620130496
TCD,Chad,1997,947.5101390530027
TCD,Chad,1998,978.3250375890689
TCD,Chad,1999,939.2239628455221
TCD,Chad,2000,900.8214835776631
TCD,Chad,2001,967.4147998836023
TCD,Chad,2002,1010.2786166509396
TCD,Chad,2003,1111.2428598283486
TCD,Chad,2004,1430.8323276476858
TCD,Chad,2005,1489.3132344154453
TCD,Chad,2006,1415.3992325012798
TCD,Chad,2007,1611.894309647323
TCD,Chad,2008,1580.3282390479437
TCD,Chad,2009,1669.0456002654132
TCD,Chad,2010,1857.3316140411998
TCD,Chad,2011,1933.2014996109253
TCD,Chad,2012,2026.8954057226945
TCD,Chad,2013,1870.577115122241
TCD,Chad,2014,1872.0511252891256
TCD,Chad,2015,1882.1618616638132
TCD,Chad,2016,1775.1925331375899
TCD,Chad,2017,1667.759832438589
TGO,Togo,1950,
TGO,Togo,1951,
TGO,Togo,1952,
TGO,Togo,1953,
TGO,Togo,1954,
TGO,Togo,1955,
TGO,Togo,1956,
TGO,Togo,1957,
TGO,Togo,1958,
TGO,Togo,1959,
TGO,Togo,1960,1146.8143544878944
TGO,Togo,1961,1237.8155309484794
TGO,Togo,1962,1252.8505702426119
TGO,Togo,1963,1300.3379481796164
TGO,Togo,1964,1438.4258966851582
TGO,Togo,1965,1606.2280682772064
TGO,Togo,1966,1714.196237743668
TGO,Togo,1967,1760.863808281246
TGO,Togo,1968,1799.1968166664792
TGO,Togo,1969,1936.0929881013317
TGO,Togo,1970,1860.1207608009324
TGO,Togo,1971,1929.6078914224408
TGO,Togo,1972,1941.6752308074563
TGO,Togo,1973,1815.7265596558177
TGO,Togo,1974,1850.123206501654
TGO,Togo,1975,1797.5884436443625
TGO,Togo,1976,1749.901465938336
TGO,Togo,1977,1807.4983559701527
TGO,Togo,1978,1944.927730537812
TGO,Togo,1979,2009.6280600420146
TGO,Togo,1980,1863.5695134016867
TGO,Togo,1981,1691.4984971875735
TGO,Togo,1982,1571.219314319169
TGO,Togo,1983,1435.4580334530963
TGO,Togo,1984,1464.7028309591399
TGO,Togo,1985,1466.4906429412629
TGO,Togo,1986,1464.3265397912041
TGO,Togo,1987,1382.7151266195651
TGO,Togo,1988,1476.8560858418034
TGO,Togo,1989,1493.8482468999314
TGO,Togo,1990,1539.9335820178057
TGO,Togo,1991,1505.5204292071464
TGO,Togo,1992,1422.7793464770377
TGO,Togo,1993,1163.6353591542877
TGO,Togo,1994,1294.347426989237
TGO,Togo,1995,1346.294089255713
TGO,Togo,1996,1408.5234195258959
TGO,Togo,1997,1418.2163580863562
TGO,Togo,1998,1342.905585921052
TGO,Togo,1999,1336.2204683607602
TGO,Togo,2000,1284.8320801698233
TGO,Togo,2001,1259.5778312178738
TGO,Togo,2002,1272.9871085844022
TGO,Togo,2003,1323.274501215743
TGO,Togo,2004,1276.421988160508
TGO,Togo,2005,1185.028127663174
TGO,Togo,2006,1184.2344755926142
TGO,Togo,2007,1139.175603787419
TGO,Togo,2008,1153.8211801712732
TGO,Togo,2009,1185.2725171965346
TGO,Togo,2010,1224.2105278961244
TGO,Togo,2011,1268.151510684459
TGO,Togo,2012,1315.6386818042633
TGO,Togo,2013,1359.6883266904715
TGO,Togo,2014,1403.1403493227995
TGO,Togo,2015,1446.134265506283
TGO,Togo,2016,1488.480809258973
TGO,Togo,2017,1515.8463691619147
THA,Thailand,1950,1227.6633458545637
THA,Thailand,1951,1135.9734330471354
THA,Thailand,1952,1074.1506161550053
THA,Thailand,1953,940.1835026427708
THA,Thailand,1954,997.2889771661097
THA,Thailand,1955,894.9295480851154
THA,Thailand,1956,906.4622149641061
THA,Thailand,1957,1002.7604460870584
THA,Thailand,1958,990.6941191393661
THA,Thailand,1959,1068.7468250697232
THA,Thailand,1960,1162.1941189288816
THA,Thailand,1961,1186.322205972124
THA,Thailand,1962,1243.1918691643307
THA,Thailand,1963,1306.4582060156165
THA,Thailand,1964,1351.0249287943684
THA,Thailand,1965,1413.8250346844543
THA,Thailand,1966,1539.647534351554
THA,Thailand,1967,1611.3407895490152
THA,Thailand,1968,1693.1772914113494
THA,Thailand,1969,1787.572045098326
THA,Thailand,1970,2398.5426155686023
THA,Thailand,1971,2445.946891463093
THA,Thailand,1972,2474.0757338194826
THA,Thailand,1973,2643.3727111045937
THA,Thailand,1974,2685.269143911382
THA,Thailand,1975,2743.883311962013
THA,Thailand,1976,2928.373681944423
THA,Thailand,1977,3143.6752177862863
THA,Thailand,1978,3394.8376380404543
THA,Thailand,1979,3499.0395416179317
THA,Thailand,1980,3591.1762898441316
THA,Thailand,1981,3728.382671747081
THA,Thailand,1982,3853.7884494604364
THA,Thailand,1983,3994.510445810869
THA,Thailand,1984,4148.094255359788
THA,Thailand,1985,4263.0107418774805
THA,Thailand,1986,4417.847806599444
THA,Thailand,1987,4751.596498004643
THA,Thailand,1988,5290.069443640284
THA,Thailand,1989,5841.2152628232225
THA,Thailand,1990,6401.7139054305635
THA,Thailand,1991,6858.937406116089
THA,Thailand,1992,7418.339089936181
THA,Thailand,1993,7990.366581863088
THA,Thailand,1994,8550.70908961048
THA,Thailand,1995,9153.342720935545
THA,Thailand,1996,9564.665431756868
THA,Thailand,1997,9192.47893899518
THA,Thailand,1998,8389.6035844611215
THA,Thailand,1999,8673.317487719734
THA,Thailand,2000,8966.039102482398
THA,Thailand,2001,9189.42038523074
THA,Thailand,2002,9673.803048285741
THA,Thailand,2003,10291.896916932117
THA,Thailand,2004,10863.912270669563
THA,Thailand,2005,11245.653146140468
THA,Thailand,2006,11732.829174678298
THA,Thailand,2007,12301.102263844
THA,Thailand,2008,12447.53683304893
THA,Thailand,2009,12299.436208048672
THA,Thailand,2010,13159.238565229209
THA,Thailand,2011,13206.631174471
THA,Thailand,2012,14097.640141238133
THA,Thailand,2013,14412.9575720982
THA,Thailand,2014,14496.613715806563
THA,Thailand,2015,14882.05048016796
THA,Thailand,2016,15324.620122920658
THA,Thailand,2017,15884.12141098697
TJK,Tajikistan,1950,
TJK,Tajikistan,1951,
TJK,Tajikistan,1952,
TJK,Tajikistan,1953,
TJK,Tajikistan,1954,
TJK,Tajikistan,1955,
TJK,Tajikistan,1956,
TJK,Tajikistan,1957,
TJK,Tajikistan,1958,
TJK,Tajikistan,1959,
TJK,Tajikistan,1960,
TJK,Tajikistan,1961,
TJK,Tajikistan,1962,
TJK,Tajikistan,1963,
TJK,Tajikistan,1964,
TJK,Tajikistan,1965,
TJK,Tajikistan,1966,
TJK,Tajikistan,1967,
TJK,Tajikistan,1968,
TJK,Tajikistan,1969,
TJK,Tajikistan,1970,
TJK,Tajikistan,1971,
TJK,Tajikistan,1972,
TJK,Tajikistan,1973,
TJK,Tajikistan,1974,
TJK,Tajikistan,1975,
TJK,Tajikistan,1976,
TJK,Tajikistan,1977,
TJK,Tajikistan,1978,
TJK,Tajikistan,1979,
TJK,Tajikistan,1980,
TJK,Tajikistan,1981,
TJK,Tajikistan,1982,
TJK,Tajikistan,1983,
TJK,Tajikistan,1984,
TJK,Tajikistan,1985,
TJK,Tajikistan,1986,
TJK,Tajikistan,1987,
TJK,Tajikistan,1988,
TJK,Tajikistan,1989,
TJK,Tajikistan,1990,5391.832784883053
TJK,Tajikistan,1991,4900.511692924384
TJK,Tajikistan,1992,3414.705992079132
TJK,Tajikistan,1993,2808.186241077
TJK,Tajikistan,1994,2176.6894706006115
TJK,Tajikistan,1995,1878.7043860395327
TJK,Tajikistan,1996,1541.1148767901611
TJK,Tajikistan,1997,1544.713563288728
TJK,Tajikistan,1998,1602.7515630454122
TJK,Tajikistan,1999,1636.6726584727535
TJK,Tajikistan,2000,1743.5839681558
TJK,Tajikistan,2001,1876.66860618051
TJK,Tajikistan,2002,2040.9775875909797
TJK,Tajikistan,2003,2223.1877758831474
TJK,Tajikistan,2004,2401.8117497998837
TJK,Tajikistan,2005,2510.34572931083
TJK,Tajikistan,2006,2619.9243619437593
TJK,Tajikistan,2007,2759.643468784718
TJK,Tajikistan,2008,2904.904543080664
TJK,Tajikistan,2009,2955.8125776117517
TJK,Tajikistan,2010,3079.4287262349562
TJK,Tajikistan,2011,3083.3388068529534
TJK,Tajikistan,2012,3241.712668201422
TJK,Tajikistan,2013,3404.7120433262094
TJK,Tajikistan,2014,3552.01301339169
TJK,Tajikistan,2015,3682.1728165064396
TJK,Tajikistan,2016,3854.061572500273
TJK,Tajikistan,2017,4040.746266129656
TKM,Turkmenistan,1950,
TKM,Turkmenistan,1951,
TKM,Turkmenistan,1952,
TKM,Turkmenistan,1953,
TKM,Turkmenistan,1954,
TKM,Turkmenistan,1955,
TKM,Turkmenistan,1956,
TKM,Turkmenistan,1957,
TKM,Turkmenistan,1958,
TKM,Turkmenistan,1959,
TKM,Turkmenistan,1960,
TKM,Turkmenistan,1961,
TKM,Turkmenistan,1962,
TKM,Turkmenistan,1963,
TKM,Turkmenistan,1964,
TKM,Turkmenistan,1965,
TKM,Turkmenistan,1966,
TKM,Turkmenistan,1967,
TKM,Turkmenistan,1968,
TKM,Turkmenistan,1969,
TKM,Turkmenistan,1970,
TKM,Turkmenistan,1971,
TKM,Turkmenistan,1972,
TKM,Turkmenistan,1973,
TKM,Turkmenistan,1974,
TKM,Turkmenistan,1975,
TKM,Turkmenistan,1976,
TKM,Turkmenistan,1977,
TKM,Turkmenistan,1978,
TKM,Turkmenistan,1979,
TKM,Turkmenistan,1980,
TKM,Turkmenistan,1981,
TKM,Turkmenistan,1982,
TKM,Turkmenistan,1983,
TKM,Turkmenistan,1984,
TKM,Turkmenistan,1985,
TKM,Turkmenistan,1986,
TKM,Turkmenistan,1987,
TKM,Turkmenistan,1988,
TKM,Turkmenistan,1989,
TKM,Turkmenistan,1990,11967.944586206177
TKM,Turkmenistan,1991,11099.764719408278
TKM,Turkmenistan,1992,9170.755851391103
TKM,Turkmenistan,1993,9050.831969013634
TKM,Turkmenistan,1994,7295.318380646483
TKM,Turkmenistan,1995,6620.840092567341
TKM,Turkmenistan,1996,6933.433793883139
TKM,Turkmenistan,1997,6047.430699358575
TKM,Turkmenistan,1998,6391.150484732202
TKM,Turkmenistan,1999,7357.906484470978
TKM,Turkmenistan,2000,7674.399687089321
TKM,Turkmenistan,2001,7923.635758833038
TKM,Turkmenistan,2002,7864.880092793866
TKM,Turkmenistan,2003,8042.313341936897
TKM,Turkmenistan,2004,8358.757754330642
TKM,Turkmenistan,2005,9346.936520879612
TKM,Turkmenistan,2006,10252.427248183018
TKM,Turkmenistan,2007,11245.7047064946
TKM,Turkmenistan,2008,12732.57223788599
TKM,Turkmenistan,2009,13318.66908365547
TKM,Turkmenistan,2010,14312.105250706234
TKM,Turkmenistan,2011,16143.224116123465
TKM,Turkmenistan,2012,17608.04469201925
TKM,Turkmenistan,2013,19041.69821067936
TKM,Turkmenistan,2014,20627.52983511356
TKM,Turkmenistan,2015,21567.744261163032
TKM,Turkmenistan,2016,22511.529886144064
TKM,Turkmenistan,2017,23570.294883939532
TTO,Trinidad and Tobago,1950,4668.573970520123
TTO,Trinidad and Tobago,1951,5009.577489175387
TTO,Trinidad and Tobago,1952,5097.180454960228
TTO,Trinidad and Tobago,1953,5078.590645256449
TTO,Trinidad and Tobago,1954,5150.979958138666
TTO,Trinidad and Tobago,1955,5718.923373241644
TTO,Trinidad and Tobago,1956,6338.83774376472
TTO,Trinidad and Tobago,1957,6965.8023384329335
TTO,Trinidad and Tobago,1958,7519.747154612623
TTO,Trinidad and Tobago,1959,7857.2568704597625
TTO,Trinidad and Tobago,1960,8484.011156251478
TTO,Trinidad and Tobago,1961,9547.079630004004
TTO,Trinidad and Tobago,1962,9479.821660853833
TTO,Trinidad and Tobago,1963,9516.62453314754
TTO,Trinidad and Tobago,1964,10117.096628558194
TTO,Trinidad and Tobago,1965,10108.976630207582
TTO,Trinidad and Tobago,1966,10613.078499874413
TTO,Trinidad and Tobago,1967,10748.354959527278
TTO,Trinidad and Tobago,1968,11270.027109712551
TTO,Trinidad and Tobago,1969,11585.603534102784
TTO,Trinidad and Tobago,1970,12093.721726733358
TTO,Trinidad and Tobago,1971,12086.250320213443
TTO,Trinidad and Tobago,1972,12621.47713372305
TTO,Trinidad and Tobago,1973,12648.945945454776
TTO,Trinidad and Tobago,1974,12940.097989392092
TTO,Trinidad and Tobago,1975,12941.162659279986
TTO,Trinidad and Tobago,1976,13583.372216258154
TTO,Trinidad and Tobago,1977,14617.23459979114
TTO,Trinidad and Tobago,1978,15863.95524353723
TTO,Trinidad and Tobago,1979,16206.368614297306
TTO,Trinidad and Tobago,1980,17620.15907492343
TTO,Trinidad and Tobago,1981,18139.787041563308
TTO,Trinidad and Tobago,1982,18526.361635987294
TTO,Trinidad and Tobago,1983,16352.53014152497
TTO,Trinidad and Tobago,1984,15185.203247429226
TTO,Trinidad and Tobago,1985,14369.7956455309
TTO,Trinidad and Tobago,1986,13744.21378932503
TTO,Trinidad and Tobago,1987,12994.602009703009
TTO,Trinidad and Tobago,1988,12385.180648154039
TTO,Trinidad and Tobago,1989,12194.807549789057
TTO,Trinidad and Tobago,1990,12294.332991341895
TTO,Trinidad and Tobago,1991,12542.096945935351
TTO,Trinidad and Tobago,1992,12259.86404920167
TTO,Trinidad and Tobago,1993,12015.105140941752
TTO,Trinidad and Tobago,1994,12384.267698926686
TTO,Trinidad and Tobago,1995,12826.237655697581
TTO,Trinidad and Tobago,1996,13692.922087989675
TTO,Trinidad and Tobago,1997,14719.12831816388
TTO,Trinidad and Tobago,1998,15896.135666722199
TTO,Trinidad and Tobago,1999,17134.221421912658
TTO,Trinidad and Tobago,2000,18270.58077000249
TTO,Trinidad and Tobago,2001,18967.35697181985
TTO,Trinidad and Tobago,2002,20384.13564907171
TTO,Trinidad and Tobago,2003,23214.907273997702
TTO,Trinidad and Tobago,2004,24934.61914882953
TTO,Trinidad and Tobago,2005,26352.343112933202
TTO,Trinidad and Tobago,2006,29771.146162638368
TTO,Trinidad and Tobago,2007,30956.919106574624
TTO,Trinidad and Tobago,2008,31858.172424669006
TTO,Trinidad and Tobago,2009,30315.10282266813
TTO,Trinidad and Tobago,2010,31169.51398973231
TTO,Trinidad and Tobago,2011,30922.312421358998
TTO,Trinidad and Tobago,2012,31163.45040111494
TTO,Trinidad and Tobago,2013,31313.62702072012
TTO,Trinidad and Tobago,2014,31090.645589165684
TTO,Trinidad and Tobago,2015,31432.42001053864
TTO,Trinidad and Tobago,2016,29454.494821233784
TTO,Trinidad and Tobago,2017,28678.96904365144
TUN,Tunisia,1950,
TUN,Tunisia,1951,
TUN,Tunisia,1952,
TUN,Tunisia,1953,
TUN,Tunisia,1954,
TUN,Tunisia,1955,
TUN,Tunisia,1956,
TUN,Tunisia,1957,
TUN,Tunisia,1958,
TUN,Tunisia,1959,
TUN,Tunisia,1960,2078.167543225691
TUN,Tunisia,1961,2103.10141340976
TUN,Tunisia,1962,2102.3131178892113
TUN,Tunisia,1963,2285.624435272324
TUN,Tunisia,1964,2323.3389832230146
TUN,Tunisia,1965,2360.3332168850843
TUN,Tunisia,1966,2376.0027377017823
TUN,Tunisia,1967,2317.605757615113
TUN,Tunisia,1968,2459.9411058159935
TUN,Tunisia,1969,2513.374751114475
TUN,Tunisia,1970,3209.794890588694
TUN,Tunisia,1971,3453.629657344526
TUN,Tunisia,1972,3978.2364731752664
TUN,Tunisia,1973,3866.375279500908
TUN,Tunisia,1974,4085.9240313531786
TUN,Tunisia,1975,4280.562721641528
TUN,Tunisia,1976,4515.407350038561
TUN,Tunisia,1977,4563.861608123184
TUN,Tunisia,1978,4745.9295421200495
TUN,Tunisia,1979,4934.885882634347
TUN,Tunisia,1980,5164.843562131475
TUN,Tunisia,1981,5302.767816409376
TUN,Tunisia,1982,5129.154564666884
TUN,Tunisia,1983,5217.017898951334
TUN,Tunisia,1984,5363.060850542389
TUN,Tunisia,1985,5516.63386674193
TUN,Tunisia,1986,5270.985628048803
TUN,Tunisia,1987,5398.458259919882
TUN,Tunisia,1988,5361.108538134066
TUN,Tunisia,1989,5423.064439519729
TUN,Tunisia,1990,5678.50209468109
TUN,Tunisia,1991,5770.575053953016
TUN,Tunisia,1992,6086.845514021079
TUN,Tunisia,1993,6091.363667643178
TUN,Tunisia,1994,6164.729309910428
TUN,Tunisia,1995,6200.558277813962
TUN,Tunisia,1996,6542.024869084903
TUN,Tunisia,1997,6803.697008198165
TUN,Tunisia,1998,7054.726137796283
TUN,Tunisia,1999,7397.953200833116
TUN,Tunisia,2000,7640.077689257613
TUN,Tunisia,2001,7939.804853412196
TUN,Tunisia,2002,8010.423185625846
TUN,Tunisia,2003,8384.542702506842
TUN,Tunisia,2004,8815.096259258982
TUN,Tunisia,2005,9090.662993955948
TUN,Tunisia,2006,9516.451583940008
TUN,Tunisia,2007,10011.445912102557
TUN,Tunisia,2008,10348.147298832733
TUN,Tunisia,2009,10555.13728829016
TUN,Tunisia,2010,10746.88475908903
TUN,Tunisia,2011,10421.74799294882
TUN,Tunisia,2012,10703.731789397483
TUN,Tunisia,2013,10823.627995946861
TUN,Tunisia,2014,10954.298297279036
TUN,Tunisia,2015,10956.79627277339
TUN,Tunisia,2016,10942.02724172487
TUN,Tunisia,2017,11031.281931608355
TUR,Turkey,1950,3629.8264314201406
TUR,Turkey,1951,4372.319573223188
TUR,Turkey,1952,4617.2630736370365
TUR,Turkey,1953,5078.830234203314
TUR,Turkey,1954,4470.099525490338
TUR,Turkey,1955,4787.496621209014
TUR,Turkey,1956,4697.974611120344
TUR,Turkey,1957,5543.755186183326
TUR,Turkey,1958,5791.04341011439
TUR,Turkey,1959,5504.563259268701
TUR,Turkey,1960,5268.7359929257555
TUR,Turkey,1961,5209.225900494043
TUR,Turkey,1962,5384.904836578348
TUR,Turkey,1963,5753.404087074597
TUR,Turkey,1964,5853.8256136010095
TUR,Turkey,1965,5871.071480629247
TUR,Turkey,1966,6436.335969132809
TUR,Turkey,1967,6544.332146357132
TUR,Turkey,1968,6826.6752624394285
TUR,Turkey,1969,7030.328474755951
TUR,Turkey,1970,7221.267332167718
TUR,Turkey,1971,7443.151884273662
TUR,Turkey,1972,7806.47952671686
TUR,Turkey,1973,7870.710987549645
TUR,Turkey,1974,8116.519138431872
TUR,Turkey,1975,8497.861209095892
TUR,Turkey,1976,9173.91122183702
TUR,Turkey,1977,9274.255397718141
TUR,Turkey,1978,9205.159395476692
TUR,Turkey,1979,8944.682930156903
TUR,Turkey,1980,8531.075470265248
TUR,Turkey,1981,8743.96502806846
TUR,Turkey,1982,8851.467328858347
TUR,Turkey,1983,9084.4363242576
TUR,Turkey,1984,9484.484159341911
TUR,Turkey,1985,9681.575389743715
TUR,Turkey,1986,10155.19621137923
TUR,Turkey,1987,10906.774082936252
TUR,Turkey,1988,10934.158403877835
TUR,Turkey,1989,10767.49473208652
TUR,Turkey,1990,11561.320730789905
TUR,Turkey,1991,11472.939045461895
TUR,Turkey,1992,11961.390549439298
TUR,Turkey,1993,12716.921184228311
TUR,Turkey,1994,11832.977075642273
TUR,Turkey,1995,12483.905114312514
TUR,Turkey,1996,13147.843212316948
TUR,Turkey,1997,13915.417349846673
TUR,Turkey,1998,14121.788556869305
TUR,Turkey,1999,13433.379715465107
TUR,Turkey,2000,14109.534042434889
TUR,Turkey,2001,13071.636477841448
TUR,Turkey,2002,13708.957390461437
TUR,Turkey,2003,14271.25698824689
TUR,Turkey,2004,15432.304725797305
TUR,Turkey,2005,16600.865046703584
TUR,Turkey,2006,17558.75458223474
TUR,Turkey,2007,18221.0778364787
TUR,Turkey,2008,18155.251300438915
TUR,Turkey,2009,17083.081061864214
TUR,Turkey,2010,18279.891809560355
TUR,Turkey,2011,20011.90123271908
TUR,Turkey,2012,20644.128788208967
TUR,Turkey,2013,22037.29483696687
TUR,Turkey,2014,22801.828998649766
TUR,Turkey,2015,23806.045113875076
TUR,Turkey,2016,24180.61605701976
TUR,Turkey,2017,25583.35239635672
TWN,Taiwan,1950,
TWN,Taiwan,1951,1401.9194026469181
TWN,Taiwan,1952,1511.6726942399262
TWN,Taiwan,1953,1603.6069882132654
TWN,Taiwan,1954,1699.6714013004369
TWN,Taiwan,1955,1767.0961338040163
TWN,Taiwan,1956,1796.2235506715142
TWN,Taiwan,1957,1866.3347787238602
TWN,Taiwan,1958,1929.5354422427727
TWN,Taiwan,1959,2008.5586838479269
TWN,Taiwan,1960,2070.2704161310776
TWN,Taiwan,1961,2128.7140129220984
TWN,Taiwan,1962,2226.807120298569
TWN,Taiwan,1963,2368.4547095253392
TWN,Taiwan,1964,2560.942474803836
TWN,Taiwan,1965,2753.706989792547
TWN,Taiwan,1966,2909.496592332752
TWN,Taiwan,1967,3130.6148446633483
TWN,Taiwan,1968,3327.0730137306887
TWN,Taiwan,1969,3481.599125818327
TWN,Taiwan,1970,3715.0375045808996
TWN,Taiwan,1971,4085.1062357045357
TWN,Taiwan,1972,4529.10023252187
TWN,Taiwan,1973,4971.7736473318755
TWN,Taiwan,1974,4974.376230230469
TWN,Taiwan,1975,5149.5534901028495
TWN,Taiwan,1976,5725.974851010641
TWN,Taiwan,1977,6224.153696737674
TWN,Taiwan,1978,6934.787975873806
TWN,Taiwan,1979,7348.023454058793
TWN,Taiwan,1980,7738.434269877474
TWN,Taiwan,1981,8089.335067269655
TWN,Taiwan,1982,8327.391635483064
TWN,Taiwan,1983,8935.27439220692
TWN,Taiwan,1984,9689.38078301184
TWN,Taiwan,1985,10016.705856523506
TWN,Taiwan,1986,11043.62350098646
TWN,Taiwan,1987,12315.99780957035
TWN,Taiwan,1988,13154.249437962017
TWN,Taiwan,1989,14151.237259076222
TWN,Taiwan,1990,14785.413156227794
TWN,Taiwan,1991,15845.868070385884
TWN,Taiwan,1992,16993.6913052991
TWN,Taiwan,1993,17980.47593452524
TWN,Taiwan,1994,19155.97662927047
TWN,Taiwan,1995,20227.714356237615
TWN,Taiwan,1996,21302.766697782667
TWN,Taiwan,1997,22403.683956567882
TWN,Taiwan,1998,23131.575892617588
TWN,Taiwan,1999,24489.29630776287
TWN,Taiwan,2000,25857.184861573896
TWN,Taiwan,2001,25352.455733242776
TWN,Taiwan,2002,26620.315500211316
TWN,Taiwan,2003,27595.01224583334
TWN,Taiwan,2004,29281.108280129843
TWN,Taiwan,2005,30754.331555225326
TWN,Taiwan,2006,32350.425200573518
TWN,Taiwan,2007,34317.35742899634
TWN,Taiwan,2008,34438.40647146012
TWN,Taiwan,2009,33780.34534304188
TWN,Taiwan,2010,37270.52742603925
TWN,Taiwan,2011,38600.81240596015
TWN,Taiwan,2012,39267.330870124184
TWN,Taiwan,2013,40004.43522666747
TWN,Taiwan,2014,41508.18873883285
TWN,Taiwan,2015,41737.19195540776
TWN,Taiwan,2016,42272.65188886773
TWN,Taiwan,2017,43501.01368923463
TZA,U.R. of Tanzania: Mainland,1950,
TZA,U.R. of Tanzania: Mainland,1951,
TZA,U.R. of Tanzania: Mainland,1952,
TZA,U.R. of Tanzania: Mainland,1953,
TZA,U.R. of Tanzania: Mainland,1954,
TZA,U.R. of Tanzania: Mainland,1955,
TZA,U.R. of Tanzania: Mainland,1956,
TZA,U.R. of Tanzania: Mainland,1957,
TZA,U.R. of Tanzania: Mainland,1958,
TZA,U.R. of Tanzania: Mainland,1959,
TZA,U.R. of Tanzania: Mainland,1960,1049.190575658872
TZA,U.R. of Tanzania: Mainland,1961,971.5811312627383
TZA,U.R. of Tanzania: Mainland,1962,1035.9990329039151
TZA,U.R. of Tanzania: Mainland,1963,1030.9470509320727
TZA,U.R. of Tanzania: Mainland,1964,1202.3426834996683
TZA,U.R. of Tanzania: Mainland,1965,1209.5830251303623
TZA,U.R. of Tanzania: Mainland,1966,1272.2514425464583
TZA,U.R. of Tanzania: Mainland,1967,1304.3446025588223
TZA,U.R. of Tanzania: Mainland,1968,1375.0261647896389
TZA,U.R. of Tanzania: Mainland,1969,1340.566017268874
TZA,U.R. of Tanzania: Mainland,1970,1346.8921288522968
TZA,U.R. of Tanzania: Mainland,1971,1359.2022199651574
TZA,U.R. of Tanzania: Mainland,1972,1404.5199239666401
TZA,U.R. of Tanzania: Mainland,1973,1401.2290713828556
TZA,U.R. of Tanzania: Mainland,1974,1390.58811325272
TZA,U.R. of Tanzania: Mainland,1975,1426.401684964518
TZA,U.R. of Tanzania: Mainland,1976,1470.2840601832288
TZA,U.R. of Tanzania: Mainland,1977,1430.7059490415493
TZA,U.R. of Tanzania: Mainland,1978,1403.6538906206395
TZA,U.R. of Tanzania: Mainland,1979,1406.2631933131968
TZA,U.R. of Tanzania: Mainland,1980,1403.876850262314
TZA,U.R. of Tanzania: Mainland,1981,1353.7660518819628
TZA,U.R. of Tanzania: Mainland,1982,1319.7187965886312
TZA,U.R. of Tanzania: Mainland,1983,1248.615791958061
TZA,U.R. of Tanzania: Mainland,1984,1251.2885518313858
TZA,U.R. of Tanzania: Mainland,1985,1268.9741278374845
TZA,U.R. of Tanzania: Mainland,1986,1254.2504761516107
TZA,U.R. of Tanzania: Mainland,1987,1277.101278317519
TZA,U.R. of Tanzania: Mainland,1988,1289.4101025765792
TZA,U.R. of Tanzania: Mainland,1989,1300.0748996702162
TZA,U.R. of Tanzania: Mainland,1990,1351.608376761022
TZA,U.R. of Tanzania: Mainland,1991,1382.114511848779
TZA,U.R. of Tanzania: Mainland,1992,1383.1537233067302
TZA,U.R. of Tanzania: Mainland,1993,1393.0844562483128
TZA,U.R. of Tanzania: Mainland,1994,1389.786968831417
TZA,U.R. of Tanzania: Mainland,1995,1396.5440248582593
TZA,U.R. of Tanzania: Mainland,1996,1415.0411857641725
TZA,U.R. of Tanzania: Mainland,1997,1414.7569915384931
TZA,U.R. of Tanzania: Mainland,1998,1440.0038820284035
TZA,U.R. of Tanzania: Mainland,1999,1471.741977078382
TZA,U.R. of Tanzania: Mainland,2000,1504.4479294311539
TZA,U.R. of Tanzania: Mainland,2001,1552.1717262852774
TZA,U.R. of Tanzania: Mainland,2002,1618.3357527979965
TZA,U.R. of Tanzania: Mainland,2003,1681.229504972135
TZA,U.R. of Tanzania: Mainland,2004,1760.665476674857
TZA,U.R. of Tanzania: Mainland,2005,1834.7753884739054
TZA,U.R. of Tanzania: Mainland,2006,1864.2009561780148
TZA,U.R. of Tanzania: Mainland,2007,1958.321949227203
TZA,U.R. of Tanzania: Mainland,2008,2003.088819313148
TZA,U.R. of Tanzania: Mainland,2009,2045.1109057847716
TZA,U.R. of Tanzania: Mainland,2010,2107.594946384178
TZA,U.R. of Tanzania: Mainland,2011,2203.947548014234
TZA,U.R. of Tanzania: Mainland,2012,2243.4500682622993
TZA,U.R. of Tanzania: Mainland,2013,2334.4054508397526
TZA,U.R. of Tanzania: Mainland,2014,2418.2915761147538
TZA,U.R. of Tanzania: Mainland,2015,2509.3845787122236
TZA,U.R. of Tanzania: Mainland,2016,2600.6840846540126
TZA,U.R. of Tanzania: Mainland,2017,2700.9225434562045
UGA,Uganda,1950,945.6649881841823
UGA,Uganda,1951,1038.8665296108295
UGA,Uganda,1952,1093.3862876801813
UGA,Uganda,1953,1002.5302328564192
UGA,Uganda,1954,950.8686238080933
UGA,Uganda,1955,983.005627951201
UGA,Uganda,1956,1008.5049308008436
UGA,Uganda,1957,1025.8740303289524
UGA,Uganda,1958,975.9601836617906
UGA,Uganda,1959,995.5598458928697
UGA,Uganda,1960,980.724090580779
UGA,Uganda,1961,957.0282674214681
UGA,Uganda,1962,983.6982418458202
UGA,Uganda,1963,1059.412898203454
UGA,Uganda,1964,1107.9299045773303
UGA,Uganda,1965,1105.95677813037
UGA,Uganda,1966,1149.644405652843
UGA,Uganda,1967,1193.2668940430037
UGA,Uganda,1968,1186.6418978768943
UGA,Uganda,1969,1261.7787617725216
UGA,Uganda,1970,1235.8131721507568
UGA,Uganda,1971,1233.8375893502157
UGA,Uganda,1972,1200.7345566831332
UGA,Uganda,1973,1169.3537660543504
UGA,Uganda,1974,1138.5719267811678
UGA,Uganda,1975,1092.9456239658005
UGA,Uganda,1976,1062.2674453000911
UGA,Uganda,1977,1045.5524750406055
UGA,Uganda,1978,974.2223042554052
UGA,Uganda,1979,827.2295224216309
UGA,Uganda,1980,775.4820269473838
UGA,Uganda,1981,781.6992018402896
UGA,Uganda,1982,817.7547410076027
UGA,Uganda,1983,843.5593458911947
UGA,Uganda,1984,779.661125882171
UGA,Uganda,1985,752.1352021689592
UGA,Uganda,1986,737.9803220029061
UGA,Uganda,1987,758.1347525526016
UGA,Uganda,1988,788.8588819538022
UGA,Uganda,1989,814.0688830166501
UGA,Uganda,1990,835.0271833139054
UGA,Uganda,1991,851.6258521820677
UGA,Uganda,1992,861.8000318636964
UGA,Uganda,1993,892.822175713044
UGA,Uganda,1994,957.8616454965157
UGA,Uganda,1995,1015.0545293541941
UGA,Uganda,1996,1045.0865764263233
UGA,Uganda,1997,1069.0878897586695
UGA,Uganda,1998,1133.1520629787676
UGA,Uganda,1999,1170.54038253349
UGA,Uganda,2000,1186.2376026425643
UGA,Uganda,2001,1247.8781255234974
UGA,Uganda,2002,1291.1029760458375
UGA,Uganda,2003,1323.940546828193
UGA,Uganda,2004,1352.8274286736125
UGA,Uganda,2005,1437.3501804345713
UGA,Uganda,2006,1486.2552173109439
UGA,Uganda,2007,1551.5102410500956
UGA,Uganda,2008,1655.2206163472888
UGA,Uganda,2009,1709.5161453146984
UGA,Uganda,2010,1786.857597603808
UGA,Uganda,2011,1828.2237540031108
UGA,Uganda,2012,1824.298128674668
UGA,Uganda,2013,1846.9253708837023
UGA,Uganda,2014,1867.297508245807
UGA,Uganda,2015,1909.1493692480876
UGA,Uganda,2016,1895.0100367938921
UGA,Uganda,2017,1925.9420275180732
UKR,Ukraine,1950,
UKR,Ukraine,1951,
UKR,Ukraine,1952,
UKR,Ukraine,1953,
UKR,Ukraine,1954,
UKR,Ukraine,1955,
UKR,Ukraine,1956,
UKR,Ukraine,1957,
UKR,Ukraine,1958,
UKR,Ukraine,1959,
UKR,Ukraine,1960,
UKR,Ukraine,1961,
UKR,Ukraine,1962,
UKR,Ukraine,1963,
UKR,Ukraine,1964,
UKR,Ukraine,1965,
UKR,Ukraine,1966,
UKR,Ukraine,1967,
UKR,Ukraine,1968,
UKR,Ukraine,1969,
UKR,Ukraine,1970,
UKR,Ukraine,1971,
UKR,Ukraine,1972,
UKR,Ukraine,1973,
UKR,Ukraine,1974,
UKR,Ukraine,1975,
UKR,Ukraine,1976,
UKR,Ukraine,1977,
UKR,Ukraine,1978,
UKR,Ukraine,1979,
UKR,Ukraine,1980,
UKR,Ukraine,1981,
UKR,Ukraine,1982,
UKR,Ukraine,1983,
UKR,Ukraine,1984,
UKR,Ukraine,1985,
UKR,Ukraine,1986,
UKR,Ukraine,1987,
UKR,Ukraine,1988,
UKR,Ukraine,1989,
UKR,Ukraine,1990,13026.607800107702
UKR,Ukraine,1991,11893.868572616542
UKR,Ukraine,1992,10720.278669434758
UKR,Ukraine,1993,9213.532982758925
UKR,Ukraine,1994,7123.831711276948
UKR,Ukraine,1995,6288.224149723433
UKR,Ukraine,1996,5692.80522904034
UKR,Ukraine,1997,5565.9493070834005
UKR,Ukraine,1998,5506.099896305122
UKR,Ukraine,1999,5548.300010873269
UKR,Ukraine,2000,5929.354282370975
UKR,Ukraine,2001,6511.333149563573
UKR,Ukraine,2002,6919.527980965378
UKR,Ukraine,2003,7641.585463112126
UKR,Ukraine,2004,8608.904798950858
UKR,Ukraine,2005,8934.576787927488
UKR,Ukraine,2006,9667.907930587957
UKR,Ukraine,2007,10514.091068504456
UKR,Ukraine,2008,10796.506105853354
UKR,Ukraine,2009,9200.625635561257
UKR,Ukraine,2010,9266.26162717651
UKR,Ukraine,2011,9819.070099486184
UKR,Ukraine,2012,9891.76859527698
UKR,Ukraine,2013,9940.313447318063
UKR,Ukraine,2014,9337.05656836829
UKR,Ukraine,2015,8467.129603892707
UKR,Ukraine,2016,8716.57180743926
UKR,Ukraine,2017,8980.21142176652
URY,Uruguay,1950,6578.693836208139
URY,Uruguay,1951,7501.196309582386
URY,Uruguay,1952,7125.497127113298
URY,Uruguay,1953,7397.2895917824035
URY,Uruguay,1954,7948.25839430659
URY,Uruguay,1955,7968.724967185467
URY,Uruguay,1956,7866.374789801701
URY,Uruguay,1957,8008.453673118399
URY,Uruguay,1958,7429.260664181576
URY,Uruguay,1959,7161.745293596409
URY,Uruguay,1960,7383.706655587738
URY,Uruguay,1961,7412.001098021989
URY,Uruguay,1962,7280.865733289393
URY,Uruguay,1963,7077.831476176957
URY,Uruguay,1964,7174.827178328176
URY,Uruguay,1965,7037.491982206763
URY,Uruguay,1966,7240.975843469043
URY,Uruguay,1967,6972.039649330219
URY,Uruguay,1968,6978.952976793524
URY,Uruguay,1969,7389.921461843835
URY,Uruguay,1970,7612.009803353441
URY,Uruguay,1971,7598.2396552295095
URY,Uruguay,1972,7471.848592433946
URY,Uruguay,1973,7497.407871259081
URY,Uruguay,1974,7727.623376859652
URY,Uruguay,1975,8163.101028449061
URY,Uruguay,1976,8454.768724565649
URY,Uruguay,1977,8507.1046620195
URY,Uruguay,1978,8895.967931988873
URY,Uruguay,1979,9379.328693771942
URY,Uruguay,1980,9874.649555015047
URY,Uruguay,1981,9996.145682636996
URY,Uruguay,1982,8998.371893770895
URY,Uruguay,1983,8417.059153522532
URY,Uruguay,1984,8271.76195746771
URY,Uruguay,1985,8340.12752701381
URY,Uruguay,1986,9021.479392542076
URY,Uruguay,1987,9676.728337744536
URY,Uruguay,1988,9615.566487230908
URY,Uruguay,1989,9676.483213964759
URY,Uruguay,1990,9699.165359858156
URY,Uruguay,1991,9937.149797201659
URY,Uruguay,1992,10763.383394823539
URY,Uruguay,1993,10962.808457408297
URY,Uruguay,1994,11675.743074785
URY,Uruguay,1995,11423.630585540175
URY,Uruguay,1996,11972.716220959732
URY,Uruguay,1997,12474.852771174197
URY,Uruguay,1998,12954.89894849794
URY,Uruguay,1999,12637.72568121592
URY,Uruguay,2000,12349.327190773256
URY,Uruguay,2001,11853.690855188159
URY,Uruguay,2002,10934.962568694897
URY,Uruguay,2003,11030.099874078203
URY,Uruguay,2004,11587.437404680173
URY,Uruguay,2005,12446.175769650834
URY,Uruguay,2006,12935.17758411528
URY,Uruguay,2007,13745.436945548621
URY,Uruguay,2008,14683.10546223662
URY,Uruguay,2009,15251.89256870823
URY,Uruguay,2010,16385.237480995598
URY,Uruguay,2011,17174.029324530424
URY,Uruguay,2012,17723.27280138737
URY,Uruguay,2013,18484.094576881223
URY,Uruguay,2014,19018.355869766776
URY,Uruguay,2015,19022.084119511997
URY,Uruguay,2016,19273.565172447787
URY,Uruguay,2017,19712.666367502414
USA,United States,1950,14436.850021152468
USA,United States,1951,15337.66493626738
USA,United States,1952,15691.208607128036
USA,United States,1953,16157.995021007604
USA,United States,1954,15786.791878839505
USA,United States,1955,16615.04424255672
USA,United States,1956,16670.713124596314
USA,United States,1957,16716.78604678733
USA,United States,1958,16318.900968038775
USA,United States,1959,17156.074183281446
USA,United States,1960,17319.180628202303
USA,United States,1961,17469.52470956038
USA,United States,1962,18255.113122051054
USA,United States,1963,18777.742260645773
USA,United States,1964,19586.697331978066
USA,United States,1965,20600.622919535468
USA,United States,1966,21706.760980802068
USA,United States,1967,22060.789425276052
USA,United States,1968,22913.837410253996
USA,United States,1969,23403.666876561776
USA,United States,1970,23179.227928678218
USA,United States,1971,23730.48417242232
USA,United States,1972,24757.150357746657
USA,United States,1973,25921.967324444933
USA,United States,1974,25550.434611204368
USA,United States,1975,25266.82160383266
USA,United States,1976,26383.43333097751
USA,United States,1977,27345.753373982105
USA,United States,1978,28587.326158914926
USA,United States,1979,29213.817613369258
USA,United States,1980,28864.47628023114
USA,United States,1981,29319.314699295406
USA,United States,1982,28520.973420546226
USA,United States,1983,29549.261763518174
USA,United States,1984,31391.457786475978
USA,United States,1985,32394.821028546845
USA,United States,1986,33202.909343849125
USA,United States,1987,34029.08350345751
USA,United States,1988,35116.12098159292
USA,United States,1989,36060.31737397814
USA,United States,1990,36388.78830346117
USA,United States,1991,36000.85252338817
USA,United States,1992,36910.03632381963
USA,United States,1993,37551.85577003931
USA,United States,1994,38660.135605922726
USA,United States,1995,39261.95282247031
USA,United States,1996,40266.47928682004
USA,United States,1997,41542.0983584087
USA,United States,1998,42867.24772442403
USA,United States,1999,44370.26498294261
USA,United States,2000,45690.359637947
USA,United States,2001,45681.62534948605
USA,United States,2002,46048.15032851885
USA,United States,2003,46954.00415700548
USA,United States,2004,48319.27950372071
USA,United States,2005,49577.87577701474
USA,United States,2006,50531.38467158991
USA,United States,2007,51005.4279003298
USA,United States,2008,50469.200639023664
USA,United States,2009,48754.63836466558
USA,United States,2010,49589.01689801532
USA,United States,2011,49967.89580034408
USA,United States,2012,50719.51350388465
USA,United States,2013,51293.45625454302
USA,United States,2014,52190.23557217765
USA,United States,2015,53322.821639926326
USA,United States,2016,53780.2089905719
USA,United States,2017,54586.24416977917
UZB,Uzbekistan,1950,
UZB,Uzbekistan,1951,
UZB,Uzbekistan,1952,
UZB,Uzbekistan,1953,
UZB,Uzbekistan,1954,
UZB,Uzbekistan,1955,
UZB,Uzbekistan,1956,
UZB,Uzbekistan,1957,
UZB,Uzbekistan,1958,
UZB,Uzbekistan,1959,
UZB,Uzbekistan,1960,
UZB,Uzbekistan,1961,
UZB,Uzbekistan,1962,
UZB,Uzbekistan,1963,
UZB,Uzbekistan,1964,
UZB,Uzbekistan,1965,
UZB,Uzbekistan,1966,
UZB,Uzbekistan,1967,
UZB,Uzbekistan,1968,
UZB,Uzbekistan,1969,
UZB,Uzbekistan,1970,
UZB,Uzbekistan,1971,
UZB,Uzbekistan,1972,
UZB,Uzbekistan,1973,
UZB,Uzbekistan,1974,
UZB,Uzbekistan,1975,
UZB,Uzbekistan,1976,
UZB,Uzbekistan,1977,
UZB,Uzbekistan,1978,
UZB,Uzbekistan,1979,
UZB,Uzbekistan,1980,
UZB,Uzbekistan,1981,
UZB,Uzbekistan,1982,
UZB,Uzbekistan,1983,
UZB,Uzbekistan,1984,
UZB,Uzbekistan,1985,
UZB,Uzbekistan,1986,
UZB,Uzbekistan,1987,
UZB,Uzbekistan,1988,
UZB,Uzbekistan,1989,
UZB,Uzbekistan,1990,4721.9033039022115
UZB,Uzbekistan,1991,4589.02178000569
UZB,Uzbekistan,1992,3981.5416219135354
UZB,Uzbekistan,1993,3803.5735523898893
UZB,Uzbekistan,1994,3529.31131618437
UZB,Uzbekistan,1995,3427.773973382719
UZB,Uzbekistan,1996,3420.8634717709588
UZB,Uzbekistan,1997,3535.5336473300176
UZB,Uzbekistan,1998,3630.337290152179
UZB,Uzbekistan,1999,3731.67120133446
UZB,Uzbekistan,2000,3824.8454304503675
UZB,Uzbekistan,2001,3943.0741587871744
UZB,Uzbekistan,2002,4056.607195335855
UZB,Uzbekistan,2003,4175.879638494112
UZB,Uzbekistan,2004,4430.65454153744
UZB,Uzbekistan,2005,4676.29362957495
UZB,Uzbekistan,2006,4953.634454280115
UZB,Uzbekistan,2007,5343.233350259526
UZB,Uzbekistan,2008,5736.324215158743
UZB,Uzbekistan,2009,6101.372183779218
UZB,Uzbekistan,2010,6514.123003703398
UZB,Uzbekistan,2011,6941.495216462993
UZB,Uzbekistan,2012,7389.158562050803
UZB,Uzbekistan,2013,7854.874359555563
UZB,Uzbekistan,2014,8350.367761140651
UZB,Uzbekistan,2015,8869.151818599903
UZB,Uzbekistan,2016,9278.50730246019
UZB,Uzbekistan,2017,9616.88618830089
VCT,St. Vincent and the Grenadines,1950,
VCT,St. Vincent and the Grenadines,1951,
VCT,St. Vincent and the Grenadines,1952,
VCT,St. Vincent and the Grenadines,1953,
VCT,St. Vincent and the Grenadines,1954,
VCT,St. Vincent and the Grenadines,1955,
VCT,St. Vincent and the Grenadines,1956,
VCT,St. Vincent and the Grenadines,1957,
VCT,St. Vincent and the Grenadines,1958,
VCT,St. Vincent and the Grenadines,1959,
VCT,St. Vincent and the Grenadines,1960,
VCT,St. Vincent and the Grenadines,1961,
VCT,St. Vincent and the Grenadines,1962,
VCT,St. Vincent and the Grenadines,1963,
VCT,St. Vincent and the Grenadines,1964,
VCT,St. Vincent and the Grenadines,1965,
VCT,St. Vincent and the Grenadines,1966,
VCT,St. Vincent and the Grenadines,1967,
VCT,St. Vincent and the Grenadines,1968,
VCT,St. Vincent and the Grenadines,1969,
VCT,St. Vincent and the Grenadines,1970,2817.087718347853
VCT,St. Vincent and the Grenadines,1971,2869.358546587927
VCT,St. Vincent and the Grenadines,1972,3570.6097018134888
VCT,St. Vincent and the Grenadines,1973,3138.4485951954957
VCT,St. Vincent and the Grenadines,1974,2829.815780494626
VCT,St. Vincent and the Grenadines,1975,2585.982310466184
VCT,St. Vincent and the Grenadines,1976,2823.903779676445
VCT,St. Vincent and the Grenadines,1977,2874.0161499450464
VCT,St. Vincent and the Grenadines,1978,3123.534625566845
VCT,St. Vincent and the Grenadines,1979,3198.168547098046
VCT,St. Vincent and the Grenadines,1980,3246.4787523709515
VCT,St. Vincent and the Grenadines,1981,3366.991730042711
VCT,St. Vincent and the Grenadines,1982,3489.3173009017787
VCT,St. Vincent and the Grenadines,1983,3537.960443837472
VCT,St. Vincent and the Grenadines,1984,3743.47555155649
VCT,St. Vincent and the Grenadines,1985,3946.7814787910793
VCT,St. Vincent and the Grenadines,1986,4139.265013424257
VCT,St. Vincent and the Grenadines,1987,4129.995080834212
VCT,St. Vincent and the Grenadines,1988,4682.95749621764
VCT,St. Vincent and the Grenadines,1989,4724.455085955466
VCT,St. Vincent and the Grenadines,1990,4901.24648526816
VCT,St. Vincent and the Grenadines,1991,4942.705281713927
VCT,St. Vincent and the Grenadines,1992,5248.705369271323
VCT,St. Vincent and the Grenadines,1993,5362.891359317303
VCT,St. Vincent and the Grenadines,1994,5251.833252839973
VCT,St. Vincent and the Grenadines,1995,5643.583186063735
VCT,St. Vincent and the Grenadines,1996,5737.102507517927
VCT,St. Vincent and the Grenadines,1997,5950.461166270181
VCT,St. Vincent and the Grenadines,1998,6255.922931675017
VCT,St. Vincent and the Grenadines,1999,6522.925494917519
VCT,St. Vincent and the Grenadines,2000,6640.41622477941
VCT,St. Vincent and the Grenadines,2001,6752.267088935807
VCT,St. Vincent and the Grenadines,2002,7164.588756808078
VCT,St. Vincent and the Grenadines,2003,7700.7010982861
VCT,St. Vincent and the Grenadines,2004,8004.899282508116
VCT,St. Vincent and the Grenadines,2005,8191.053683208627
VCT,St. Vincent and the Grenadines,2006,8808.823474237868
VCT,St. Vincent and the Grenadines,2007,9089.461990074133
VCT,St. Vincent and the Grenadines,2008,9223.508408803342
VCT,St. Vincent and the Grenadines,2009,9022.293882702366
VCT,St. Vincent and the Grenadines,2010,8715.46576499108
VCT,St. Vincent and the Grenadines,2011,8676.432383741714
VCT,St. Vincent and the Grenadines,2012,8798.03885284577
VCT,St. Vincent and the Grenadines,2013,8959.796792901574
VCT,St. Vincent and the Grenadines,2014,9042.49324087615
VCT,St. Vincent and the Grenadines,2015,9195.904687658984
VCT,St. Vincent and the Grenadines,2016,9297.12644575011
VCT,St. Vincent and the Grenadines,2017,9341.773724257067
VEN,Venezuela (Bolivarian Republic of),1950,9591.864478434454
VEN,Venezuela (Bolivarian Republic of),1951,10158.395647703364
VEN,Venezuela (Bolivarian Republic of),1952,11153.973297898307
VEN,Venezuela (Bolivarian Republic of),1953,10966.582420449004
VEN,Venezuela (Bolivarian Republic of),1954,11575.637214990216
VEN,Venezuela (Bolivarian Republic of),1955,11844.411194366856
VEN,Venezuela (Bolivarian Republic of),1956,12489.841653753538
VEN,Venezuela (Bolivarian Republic of),1957,13136.012498782777
VEN,Venezuela (Bolivarian Republic of),1958,12979.634282712666
VEN,Venezuela (Bolivarian Republic of),1959,13147.287495577491
VEN,Venezuela (Bolivarian Republic of),1960,11934.690068477248
VEN,Venezuela (Bolivarian Republic of),1961,11997.530007617732
VEN,Venezuela (Bolivarian Republic of),1962,12684.711077746166
VEN,Venezuela (Bolivarian Republic of),1963,13038.69735297787
VEN,Venezuela (Bolivarian Republic of),1964,14224.156605121667
VEN,Venezuela (Bolivarian Republic of),1965,14396.156849177556
VEN,Venezuela (Bolivarian Republic of),1966,13790.770028703171
VEN,Venezuela (Bolivarian Republic of),1967,13911.05180852145
VEN,Venezuela (Bolivarian Republic of),1968,14729.298155696059
VEN,Venezuela (Bolivarian Republic of),1969,15002.297639750366
VEN,Venezuela (Bolivarian Republic of),1970,16217.624287835562
VEN,Venezuela (Bolivarian Republic of),1971,16225.534147978115
VEN,Venezuela (Bolivarian Republic of),1972,16278.659013951848
VEN,Venezuela (Bolivarian Republic of),1973,16817.171036717482
VEN,Venezuela (Bolivarian Republic of),1974,17346.760992859792
VEN,Venezuela (Bolivarian Republic of),1975,17893.96052771016
VEN,Venezuela (Bolivarian Republic of),1976,18927.724536972957
VEN,Venezuela (Bolivarian Republic of),1977,19644.383325709678
VEN,Venezuela (Bolivarian Republic of),1978,19514.499571475324
VEN,Venezuela (Bolivarian Republic of),1979,19237.67698361534
VEN,Venezuela (Bolivarian Republic of),1980,18348.64270639376
VEN,Venezuela (Bolivarian Republic of),1981,17808.254469756634
VEN,Venezuela (Bolivarian Republic of),1982,17459.969688754933
VEN,Venezuela (Bolivarian Republic of),1983,16051.38069880487
VEN,Venezuela (Bolivarian Republic of),1984,15425.22041034304
VEN,Venezuela (Bolivarian Republic of),1985,15057.562593083741
VEN,Venezuela (Bolivarian Republic of),1986,15626.849031890028
VEN,Venezuela (Bolivarian Republic of),1987,15774.599540440786
VEN,Venezuela (Bolivarian Republic of),1988,16273.881175078493
VEN,Venezuela (Bolivarian Republic of),1989,14514.071535947072
VEN,Venezuela (Bolivarian Republic of),1990,15084.35613946422
VEN,Venezuela (Bolivarian Republic of),1991,16169.326925783282
VEN,Venezuela (Bolivarian Republic of),1992,16764.21825077803
VEN,Venezuela (Bolivarian Republic of),1993,16443.26545162195
VEN,Venezuela (Bolivarian Republic of),1994,15714.814109463856
VEN,Venezuela (Bolivarian Republic of),1995,15995.444386152925
VEN,Venezuela (Bolivarian Republic of),1996,15638.579808783225
VEN,Venezuela (Bolivarian Republic of),1997,16303.736395411466
VEN,Venezuela (Bolivarian Republic of),1998,16033.034619882304
VEN,Venezuela (Bolivarian Republic of),1999,14787.647787565906
VEN,Venezuela (Bolivarian Republic of),2000,15045.070706420816
VEN,Venezuela (Bolivarian Republic of),2001,15268.839236417365
VEN,Venezuela (Bolivarian Republic of),2002,13664.60305546026
VEN,Venezuela (Bolivarian Republic of),2003,12380.827589464538
VEN,Venezuela (Bolivarian Republic of),2004,14389.677802548995
VEN,Venezuela (Bolivarian Republic of),2005,15603.576068161876
VEN,Venezuela (Bolivarian Republic of),2006,16857.61601214124
VEN,Venezuela (Bolivarian Republic of),2007,18033.513898224577
VEN,Venezuela (Bolivarian Republic of),2008,18681.88439843384
VEN,Venezuela (Bolivarian Republic of),2009,17801.7296278254
VEN,Venezuela (Bolivarian Republic of),2010,17270.45778090856
VEN,Venezuela (Bolivarian Republic of),2011,17725.96757051293
VEN,Venezuela (Bolivarian Republic of),2012,18454.018185110548
VEN,Venezuela (Bolivarian Republic of),2013,18439.85582774972
VEN,Venezuela (Bolivarian Republic of),2014,17479.28284995301
VEN,Venezuela (Bolivarian Republic of),2015,16172.561134402047
VEN,Venezuela (Bolivarian Republic of),2016,13334.478318634478
VEN,Venezuela (Bolivarian Republic of),2017,11321.015660733205
VGB,British Virgin Islands,1950,
VGB,British Virgin Islands,1951,
VGB,British Virgin Islands,1952,
VGB,British Virgin Islands,1953,
VGB,British Virgin Islands,1954,
VGB,British Virgin Islands,1955,
VGB,British Virgin Islands,1956,
VGB,British Virgin Islands,1957,
VGB,British Virgin Islands,1958,
VGB,British Virgin Islands,1959,
VGB,British Virgin Islands,1960,
VGB,British Virgin Islands,1961,
VGB,British Virgin Islands,1962,
VGB,British Virgin Islands,1963,
VGB,British Virgin Islands,1964,
VGB,British Virgin Islands,1965,
VGB,British Virgin Islands,1966,
VGB,British Virgin Islands,1967,
VGB,British Virgin Islands,1968,
VGB,British Virgin Islands,1969,
VGB,British Virgin Islands,1970,5074.812443129655
VGB,British Virgin Islands,1971,4493.854182547643
VGB,British Virgin Islands,1972,4427.35196345679
VGB,British Virgin Islands,1973,4609.399722330475
VGB,British Virgin Islands,1974,5003.424046632624
VGB,British Virgin Islands,1975,5180.907641275297
VGB,British Virgin Islands,1976,5130.14801953903
VGB,British Virgin Islands,1977,5201.368356151449
VGB,British Virgin Islands,1978,5562.3066132057775
VGB,British Virgin Islands,1979,6134.977687175687
VGB,British Virgin Islands,1980,6864.140324486457
VGB,British Virgin Islands,1981,6716.459765797614
VGB,British Virgin Islands,1982,6636.573968579234
VGB,British Virgin Islands,1983,6751.180360190352
VGB,British Virgin Islands,1984,6822.64553766397
VGB,British Virgin Islands,1985,6618.591510823812
VGB,British Virgin Islands,1986,6558.49093844167
VGB,British Virgin Islands,1987,7185.893940640208
VGB,British Virgin Islands,1988,7640.910087776759
VGB,British Virgin Islands,1989,7969.91454277267
VGB,British Virgin Islands,1990,9690.34052001701
VGB,British Virgin Islands,1991,11832.296149757882
VGB,British Virgin Islands,1992,13934.227813653139
VGB,British Virgin Islands,1993,17744.996836694347
VGB,British Virgin Islands,1994,22040.036464655634
VGB,British Virgin Islands,1995,26787.418010930593
VGB,British Virgin Islands,1996,28256.55502044284
VGB,British Virgin Islands,1997,30519.2869184892
VGB,British Virgin Islands,1998,32908.98518912889
VGB,British Virgin Islands,1999,35228.78593719041
VGB,British Virgin Islands,2000,37577.28064906757
VGB,British Virgin Islands,2001,38602.78094379891
VGB,British Virgin Islands,2002,35583.37985972409
VGB,British Virgin Islands,2003,31417.535954545456
VGB,British Virgin Islands,2004,31011.350672108605
VGB,British Virgin Islands,2005,34838.89661770099
VGB,British Virgin Islands,2006,33355.20351809245
VGB,British Virgin Islands,2007,31938.342790896335
VGB,British Virgin Islands,2008,30579.11388064365
VGB,British Virgin Islands,2009,29066.087473059328
VGB,British Virgin Islands,2010,28205.89520621895
VGB,British Virgin Islands,2011,27332.69504436024
VGB,British Virgin Islands,2012,25535.12132659862
VGB,British Virgin Islands,2013,26406.95403703194
VGB,British Virgin Islands,2014,26261.07851625394
VGB,British Virgin Islands,2015,25871.956111978216
VGB,British Virgin Islands,2016,25496.264531489516
VGB,British Virgin Islands,2017,25196.017232978586
VNM,Viet Nam,1950,
VNM,Viet Nam,1951,
VNM,Viet Nam,1952,
VNM,Viet Nam,1953,
VNM,Viet Nam,1954,
VNM,Viet Nam,1955,
VNM,Viet Nam,1956,
VNM,Viet Nam,1957,
VNM,Viet Nam,1958,
VNM,Viet Nam,1959,
VNM,Viet Nam,1960,
VNM,Viet Nam,1961,
VNM,Viet Nam,1962,
VNM,Viet Nam,1963,
VNM,Viet Nam,1964,
VNM,Viet Nam,1965,
VNM,Viet Nam,1966,
VNM,Viet Nam,1967,
VNM,Viet Nam,1968,
VNM,Viet Nam,1969,
VNM,Viet Nam,1970,924.9186751765618
VNM,Viet Nam,1971,936.8319475959827
VNM,Viet Nam,1972,932.8977576732935
VNM,Viet Nam,1973,898.8169611098024
VNM,Viet Nam,1974,900.6951935574715
VNM,Viet Nam,1975,907.2706093615262
VNM,Viet Nam,1976,985.2473385701961
VNM,Viet Nam,1977,1094.8768702402183
VNM,Viet Nam,1978,1090.34926637352
VNM,Viet Nam,1979,1138.3300339788882
VNM,Viet Nam,1980,1074.2238489760496
VNM,Viet Nam,1981,1110.8541384312894
VNM,Viet Nam,1982,1173.872926975705
VNM,Viet Nam,1983,1228.1102492509183
VNM,Viet Nam,1984,1300.5372974012184
VNM,Viet Nam,1985,1342.2043422855672
VNM,Viet Nam,1986,1355.9424655118037
VNM,Viet Nam,1987,1359.556872417198
VNM,Viet Nam,1988,1397.557100689279
VNM,Viet Nam,1989,1431.432824675156
VNM,Viet Nam,1990,1472.418925269923
VNM,Viet Nam,1991,1527.463773007719
VNM,Viet Nam,1992,1625.4764512595314
VNM,Viet Nam,1993,1722.0769192630194
VNM,Viet Nam,1994,1839.691549820433
VNM,Viet Nam,1995,1981.068609946037
VNM,Viet Nam,1996,2132.8108392374256
VNM,Viet Nam,1997,2274.488582917073
VNM,Viet Nam,1998,2374.949967621412
VNM,Viet Nam,1999,2458.8872935456593
VNM,Viet Nam,2000,2596.563383453965
VNM,Viet Nam,2001,2746.3710210838353
VNM,Viet Nam,2002,2911.508033912351
VNM,Viet Nam,2003,3095.3664073892573
VNM,Viet Nam,2004,3297.56183036132
VNM,Viet Nam,2005,3513.5774244438967
VNM,Viet Nam,2006,3724.0441984582694
VNM,Viet Nam,2007,3952.624063950271
VNM,Viet Nam,2008,4137.002293572848
VNM,Viet Nam,2009,4317.608988713108
VNM,Viet Nam,2010,4547.827488259376
VNM,Viet Nam,2011,4779.541471646592
VNM,Viet Nam,2012,4973.880441034819
VNM,Viet Nam,2013,5183.622653301854
VNM,Viet Nam,2014,5431.62714962481
VNM,Viet Nam,2015,5730.846970823713
VNM,Viet Nam,2016,6022.576346205035
VNM,Viet Nam,2017,6367.4202515067855
YEM,Yemen,1950,
YEM,Yemen,1951,
YEM,Yemen,1952,
YEM,Yemen,1953,
YEM,Yemen,1954,
YEM,Yemen,1955,
YEM,Yemen,1956,
YEM,Yemen,1957,
YEM,Yemen,1958,
YEM,Yemen,1959,
YEM,Yemen,1960,
YEM,Yemen,1961,
YEM,Yemen,1962,
YEM,Yemen,1963,
YEM,Yemen,1964,
YEM,Yemen,1965,
YEM,Yemen,1966,
YEM,Yemen,1967,
YEM,Yemen,1968,
YEM,Yemen,1969,
YEM,Yemen,1970,
YEM,Yemen,1971,
YEM,Yemen,1972,
YEM,Yemen,1973,
YEM,Yemen,1974,
YEM,Yemen,1975,
YEM,Yemen,1976,
YEM,Yemen,1977,
YEM,Yemen,1978,
YEM,Yemen,1979,
YEM,Yemen,1980,
YEM,Yemen,1981,
YEM,Yemen,1982,
YEM,Yemen,1983,
YEM,Yemen,1984,
YEM,Yemen,1985,
YEM,Yemen,1986,
YEM,Yemen,1987,
YEM,Yemen,1988,
YEM,Yemen,1989,2771.144611327705
YEM,Yemen,1990,3159.978462241484
YEM,Yemen,1991,3018.4545621315806
YEM,Yemen,1992,3008.5678424770454
YEM,Yemen,1993,2976.4756012978537
YEM,Yemen,1994,2901.084684441853
YEM,Yemen,1995,3245.524509942297
YEM,Yemen,1996,3771.652989817434
YEM,Yemen,1997,3843.2866608780955
YEM,Yemen,1998,3909.648571170789
YEM,Yemen,1999,3972.7247658046717
YEM,Yemen,2000,4156.360630825782
YEM,Yemen,2001,4279.569889134489
YEM,Yemen,2002,4369.758644379973
YEM,Yemen,2003,4492.410975774903
YEM,Yemen,2004,4570.331123395056
YEM,Yemen,2005,4673.098418355713
YEM,Yemen,2006,4756.482578751719
YEM,Yemen,2007,4788.030501886554
YEM,Yemen,2008,4845.51474299146
YEM,Yemen,2009,4910.021120103696
YEM,Yemen,2010,4937.1295468258095
YEM,Yemen,2011,4080.628654378784
YEM,Yemen,2012,4059.7463192460705
YEM,Yemen,2013,4095.9251610251818
YEM,Yemen,2014,3567.989500107738
YEM,Yemen,2015,2425.520726688321
YEM,Yemen,2016,2015.6507675579073
YEM,Yemen,2017,1851.165534298
ZAF,South Africa,1950,5949.788373094696
ZAF,South Africa,1951,6072.626077303966
ZAF,South Africa,1952,6121.7943584730665
ZAF,South Africa,1953,6223.073067390302
ZAF,South Africa,1954,6468.904671838124
ZAF,South Africa,1955,6669.094580518978
ZAF,South Africa,1956,6884.6538493109165
ZAF,South Africa,1957,7000.286956630082
ZAF,South Africa,1958,7022.737108629891
ZAF,South Africa,1959,7175.157671187476
ZAF,South Africa,1960,7204.317561665739
ZAF,South Africa,1961,7278.75325611583
ZAF,South Africa,1962,7536.467048353952
ZAF,South Africa,1963,7872.842056982893
ZAF,South Africa,1964,8280.931446306951
ZAF,South Africa,1965,8546.374700640486
ZAF,South Africa,1966,8701.911252969325
ZAF,South Africa,1967,9062.153457017414
ZAF,South Africa,1968,9205.327262231953
ZAF,South Africa,1969,9375.95339802021
ZAF,South Africa,1970,9620.837989465424
ZAF,South Africa,1971,9757.651716211265
ZAF,South Africa,1972,9645.831150262848
ZAF,South Africa,1973,9809.964540020464
ZAF,South Africa,1974,10128.043485101562
ZAF,South Africa,1975,10027.52709339892
ZAF,South Africa,1976,9989.447014434418
ZAF,South Africa,1977,9729.455786241117
ZAF,South Africa,1978,9774.52068419043
ZAF,South Africa,1979,9893.683268205192
ZAF,South Africa,1980,10285.196017328937
ZAF,South Africa,1981,10562.394376127899
ZAF,South Africa,1982,10254.1363197373
ZAF,South Africa,1983,9811.303297384786
ZAF,South Africa,1984,10059.970875470404
ZAF,South Africa,1985,9706.34999567651
ZAF,South Africa,1986,9494.082673539155
ZAF,South Africa,1987,9489.969345233809
ZAF,South Africa,1988,9685.041445399364
ZAF,South Africa,1989,9709.05493104717
ZAF,South Africa,1990,9467.004677428622
ZAF,South Africa,1991,9156.721177756819
ZAF,South Africa,1992,8751.043891372323
ZAF,South Africa,1993,8652.376592519908
ZAF,South Africa,1994,8733.110203844464
ZAF,South Africa,1995,8819.219073357526
ZAF,South Africa,1996,9025.265899245998
ZAF,South Africa,1997,9103.187130684604
ZAF,South Africa,1998,9002.821780699509
ZAF,South Africa,1999,9074.688047357706
ZAF,South Africa,2000,9313.315682758905
ZAF,South Africa,2001,9432.61507331983
ZAF,South Africa,2002,9645.264531143013
ZAF,South Africa,2003,9799.973820580999
ZAF,South Africa,2004,10119.179842817195
ZAF,South Africa,2005,10528.097595702902
ZAF,South Africa,2006,10995.551665772577
ZAF,South Africa,2007,11463.606405834322
ZAF,South Africa,2008,11706.233066221588
ZAF,South Africa,2009,11399.84289445644
ZAF,South Africa,2010,11606.588046788842
ZAF,South Africa,2011,11832.059027008272
ZAF,South Africa,2012,11926.289703141156
ZAF,South Africa,2013,12047.825401603397
ZAF,South Africa,2014,12096.626620167595
ZAF,South Africa,2015,12084.853786536885
ZAF,South Africa,2016,11996.044951323833
ZAF,South Africa,2017,12004.030032503326
ZMB,Zambia,1950,
ZMB,Zambia,1951,
ZMB,Zambia,1952,
ZMB,Zambia,1953,
ZMB,Zambia,1954,
ZMB,Zambia,1955,2393.9024025487197
ZMB,Zambia,1956,2603.1120538576006
ZMB,Zambia,1957,2741.0934408548983
ZMB,Zambia,1958,2462.5594793199234
ZMB,Zambia,1959,2683.5372573314517
ZMB,Zambia,1960,2679.9582577273245
ZMB,Zambia,1961,2638.302387442049
ZMB,Zambia,1962,2584.1025879904178
ZMB,Zambia,1963,2592.4607384040546
ZMB,Zambia,1964,2772.1409885059384
ZMB,Zambia,1965,3035.0173699677944
ZMB,Zambia,1966,3368.519517345349
ZMB,Zambia,1967,3828.897783410363
ZMB,Zambia,1968,3871.983441486994
ZMB,Zambia,1969,3418.1619433209603
ZMB,Zambia,1970,3428.8998781585055
ZMB,Zambia,1971,3385.965295562045
ZMB,Zambia,1972,3593.486480030842
ZMB,Zambia,1973,3415.1039594678236
ZMB,Zambia,1974,3409.7523532024657
ZMB,Zambia,1975,3272.1644642124897
ZMB,Zambia,1976,3248.4824752861236
ZMB,Zambia,1977,3041.0207281243866
ZMB,Zambia,1978,2913.2213978544755
ZMB,Zambia,1979,2704.547616271102
ZMB,Zambia,1980,2716.2609006398056
ZMB,Zambia,1981,2603.2988439962533
ZMB,Zambia,1982,2578.329511639039
ZMB,Zambia,1983,2566.37831286232
ZMB,Zambia,1984,2469.1320999002496
ZMB,Zambia,1985,2391.780656370135
ZMB,Zambia,1986,2381.446099796866
ZMB,Zambia,1987,2375.7015580787515
ZMB,Zambia,1988,2353.62930362864
ZMB,Zambia,1989,2311.1055765895194
ZMB,Zambia,1990,2266.4961398076134
ZMB,Zambia,1991,2164.868943163121
ZMB,Zambia,1992,2073.900477398507
ZMB,Zambia,1993,2159.4557321690954
ZMB,Zambia,1994,1922.854648838586
ZMB,Zambia,1995,1926.3948963587472
ZMB,Zambia,1996,1990.1593093768342
ZMB,Zambia,1997,2007.8707937487138
ZMB,Zambia,1998,1943.110518880732
ZMB,Zambia,1999,1975.9782179534322
ZMB,Zambia,2000,1996.1645474438174
ZMB,Zambia,2001,2045.4068700086157
ZMB,Zambia,2002,2080.6196767757197
ZMB,Zambia,2003,2166.3704533804043
ZMB,Zambia,2004,2257.495343156824
ZMB,Zambia,2005,2356.4797078285524
ZMB,Zambia,2006,2474.7040463069043
ZMB,Zambia,2007,2609.230522650884
ZMB,Zambia,2008,2735.4308970278576
ZMB,Zambia,2009,2904.6324201776306
ZMB,Zambia,2010,3112.707822531144
ZMB,Zambia,2011,3190.3857017899822
ZMB,Zambia,2012,3331.1542929095585
ZMB,Zambia,2013,3395.0047417313867
ZMB,Zambia,2014,3447.8532282058613
ZMB,Zambia,2015,3442.962412358728
ZMB,Zambia,2016,3466.6395627701995
ZMB,Zambia,2017,3483.259035858156
ZWE,Zimbabwe,1950,
ZWE,Zimbabwe,1951,
ZWE,Zimbabwe,1952,
ZWE,Zimbabwe,1953,
ZWE,Zimbabwe,1954,945.9429261220243
ZWE,Zimbabwe,1955,988.4082209250406
ZWE,Zimbabwe,1956,1060.0755435598348
ZWE,Zimbabwe,1957,1116.0065366926324
ZWE,Zimbabwe,1958,1104.1243194544854
ZWE,Zimbabwe,1959,1128.1999790392651
ZWE,Zimbabwe,1960,1131.9387659083095
ZWE,Zimbabwe,1961,1163.6375630926375
ZWE,Zimbabwe,1962,1150.413262182107
ZWE,Zimbabwe,1963,1134.2390476985913
ZWE,Zimbabwe,1964,1135.8909109055699
ZWE,Zimbabwe,1965,1180.6966622923064
ZWE,Zimbabwe,1966,1141.126650487159
ZWE,Zimbabwe,1967,1106.7781736461357
ZWE,Zimbabwe,1968,941.8858206561403
ZWE,Zimbabwe,1969,1218.827749605255
ZWE,Zimbabwe,1970,1448.6524364494792
ZWE,Zimbabwe,1971,1524.1203060065955
ZWE,Zimbabwe,1972,1597.8572324377858
ZWE,Zimbabwe,1973,1590.9908560777549
ZWE,Zimbabwe,1974,1577.5547358468707
ZWE,Zimbabwe,1975,1541.4377587802317
ZWE,Zimbabwe,1976,1482.5004502504626
ZWE,Zimbabwe,1977,1348.571788502647
ZWE,Zimbabwe,1978,1279.8991851067417
ZWE,Zimbabwe,1979,1286.608186285223
ZWE,Zimbabwe,1980,1374.4969516661558
ZWE,Zimbabwe,1981,1490.933616554526
ZWE,Zimbabwe,1982,1472.8187001069487
ZWE,Zimbabwe,1983,1439.1301642679618
ZWE,Zimbabwe,1984,1358.4386341710206
ZWE,Zimbabwe,1985,1399.645200945432
ZWE,Zimbabwe,1986,1378.9036086519484
ZWE,Zimbabwe,1987,1346.6475428007723
ZWE,Zimbabwe,1988,1401.4601280766876
ZWE,Zimbabwe,1989,1430.1508182707448
ZWE,Zimbabwe,1990,1487.8652000830668
ZWE,Zimbabwe,1991,1530.9536518645834
ZWE,Zimbabwe,1992,1391.3398536797422
ZWE,Zimbabwe,1993,1391.6669930997905
ZWE,Zimbabwe,1994,1444.425162573822
ZWE,Zimbabwe,1995,1420.7764347921143
ZWE,Zimbabwe,1996,1532.2851536026583
ZWE,Zimbabwe,1997,1528.6861204863244
ZWE,Zimbabwe,1998,1512.5377469702955
ZWE,Zimbabwe,1999,1437.4298581146138
ZWE,Zimbabwe,2000,1302.9773720224402
ZWE,Zimbabwe,2001,1285.3211916830005
ZWE,Zimbabwe,2002,1195.9891762854031
ZWE,Zimbabwe,2003,1095.0630867230218
ZWE,Zimbabwe,2004,1043.3153245255291
ZWE,Zimbabwe,2005,988.3535944977929
ZWE,Zimbabwe,2006,939.1640841261727
ZWE,Zimbabwe,2007,894.4637081747229
ZWE,Zimbabwe,2008,837.6892221964043
ZWE,Zimbabwe,2009,1351.9408415130672
ZWE,Zimbabwe,2010,1492.2375217358624
ZWE,Zimbabwe,2011,1686.7613528849577
ZWE,Zimbabwe,2012,1893.3936762946892
ZWE,Zimbabwe,2013,1952.479779426576
ZWE,Zimbabwe,2014,1947.7989785983978
ZWE,Zimbabwe,2015,1934.7893282195776
ZWE,Zimbabwe,2016,1901.7526740875824
ZWE,Zimbabwe,2017,1913.9498559235683
